sub_ID,phase,feature_space,n_trials,n_features,Neural_Dist_Safety_Background,Neural_Dist_Threat_Safety,Neural_Dist_Threat_Background,Neural_CV_Dist_Safety_Background,Neural_CV_Dist_Threat_Safety,Neural_CV_Dist_Threat_Background,Neural_SafetySimilarity_Background,Neural_SafetySpecificity,Neural_ThreatVsBackgroundSpecificity,Neural_VicariousDiscrimination,Neural_CV_VicariousDiscrimination,Neural_ThreatToSafetyDistanceRatio,Neural_ThreatToBackgroundDistanceRatio,Neural_ThreatTriangleOpenness,Neural_Safety_Differentiation,Neural_Threat_Safety_Distance,Neural_SafetyEvidence,Neural_ThreatEvidence,Neural_BoundarySeparation,Neural_BoundaryCertainty,Neural_PrototypeEvidenceMargin,Neural_PrototypeEvidenceCertainty,Neural_PrototypeEvidenceEntropy,Neural_SafetyEvidenceCertainty,Neural_ThreatEvidenceCertainty,Neural_TrialwiseEvidenceMargin,Neural_TrialwiseEvidenceCertainty,Neural_TrialwiseEvidenceCertaintySNR,Neural_Safety_Trajectory_Slope,Neural_Threat_Trajectory_Slope,Neural_Safety_EarlyLate_Change,Neural_Threat_EarlyLate_Change,Neural_DynamicDiscrimination_EarlyLate_Change,Neural_Safety_InitialFinal_Change,Neural_Threat_InitialFinal_Change,Neural_DynamicDiscrimination_InitialFinal_Change,Neural_Safety_LatePhaseEvidence,Neural_Threat_LatePhaseEvidence,Neural_DynamicDiscrimination_LatePhase,Neural_Safety_LearningAUC,Neural_Threat_LearningAUC,Neural_DynamicDiscriminationAUC,Neural_Safety_Volatility,Neural_Threat_Volatility,Neural_DynamicDiscrimination_Volatility,Neural_Safety_ThreatAxisProjection,Neural_ThreatAxisSeparation,Neural_SafetyDispersion,Neural_ThreatDispersion,Neural_BackgroundDispersion,Neural_CSPlusDispersion,Neural_SafetyPrecision,Neural_ThreatPrecision,Neural_CSPlusPrecision,Neural_SafetyVsBackgroundDispersion,Neural_ThreatVsBackgroundDispersion,Neural_RawMean_SafetyMinusBackground,Neural_RawMean_ThreatMinusSafety,Neural_RawMean_ThreatMinusBackground,Neural_RawNorm_SafetyMinusBackground,Neural_RawNorm_ThreatMinusSafety,Neural_RawNorm_ThreatMinusBackground,Neural_Shock_Dist_Background,Neural_Shock_Dist_Safety,Neural_Shock_Dist_Threat,Neural_ShockEvidence_CSS,Neural_ShockEvidence_CSR,Neural_ShockEvidence_SHOCK,Neural_ShockEvidence_Discrimination,Neural_ShockEvidence_CSS_AUC,Neural_ShockEvidence_CSR_AUC,Neural_ShockEvidence_DiscriminationAUC,Neural_ShockEvidence_CSS_Slope,Neural_ShockEvidence_CSR_Slope,Neural_ShockEvidence_Discrimination_Slope,Neural_ShockEvidence_CSS_EarlyLate_Change,Neural_ShockEvidence_CSR_EarlyLate_Change,Neural_ShockEvidence_Discrimination_EarlyLate_Change,Neural_ShockEvidence_Discrimination_LatePhase,Neural_ShockEvidence_Discrimination_Volatility,Neural_Shock_Anchor_ThreatMinusSafety_Proximity,Neural_Shock_Anchor_ThreatMinusBackground_Proximity,Neural_Shock_Anchor_SafetyMinusBackground_Proximity,Neural_Shock_Anchor_SafetySpecificity,Neural_Shock_Anchor_Axis_Norm,Neural_ResidualizedShockAxis_CSS_Projection,Neural_ResidualizedShockAxis_CSR_Projection,Neural_ResidualizedShockAxis_CSRMinusCSS_Projection,Neural_ResidualizedShockAxis_CSS_Cosine,Neural_ResidualizedShockAxis_CSR_Cosine,Neural_ResidualizedShockAxis_CSRMinusCSS_Cosine,Neural_ResidualizedShockAxis_Axis_Norm,Neural_ResidualizedShockAxis_DiscriminationAUC,Neural_ResidualizedShockAxis_Discrimination_Slope,Neural_ResidualizedShockAxis_Discrimination_EarlyLate_Change,Neural_ResidualizedShockAxis_Discrimination_LatePhase,Neural_ResidualizedShockAxis_Discrimination_Volatility,Group,Drug,drug_condition,Gender,gender_code,demo_age,guess
N101,phase2_extinction,phase2_ext_roi,24,4837,1.5217710172157783,1.4324339356762696,1.5435664437339318,1.2791284584226372,1.1751297793889242,1.1847563738543907,-0.5217710172157783,-0.0893370815395087,0.11113250805766217,-0.033770827510677615,-0.0991853818009798,0.9412939989382245,1.0143224020751862,0.02179542651815347,0.02179542651815347,0.02179542651815347,0.4776805721326802,0.8239825832252338,0.301663155357914,0.301663155357914,0.150831577678957,0.34630201109255354,0.8349244088137313,0.04463885573463955,0.6479651664504675,0.20041591052800178,0.28840056288717386,0.709268054249538,-0.019797009160407324,0.03953541965375189,-0.1411136134421514,0.18100834796208543,0.3221219614042369,0.24973667397641475,0.3793552740642532,0.12961860008783843,-0.0839968161841913,0.5047760045001619,0.5887728206843532,-0.013440009463115604,0.4142718305191192,0.4277118399822348,0.27705709086586733,0.192964499485858,0.32301276338397344,0.5368741716966998,0.4631258283033002,0.7134801815328056,0.7288710259762504,0.7071346301642087,0.721175603754528,-0.7134801815328056,-0.7288710259762504,-0.721175603754528,0.0063455513685968246,0.021736395812041676,16.194157600402832,-21.39867377281189,-5.204516172409058,-663.8564453125,401.3173828125,-262.5390625,,,,,,,,,,,,,,,,,,,,,,,,,,,,,,,,,,,,SAD,Placebo,0,Female,0,21,0.0
N103,phase2_extinction,phase2_ext_roi,24,4837,1.4231815593038466,1.4671706621976663,1.6033971430635798,1.0711104187658869,1.1957036981087357,1.2410724551811196,-0.4231815593038466,0.04398910289381974,0.1362264808659135,0.11210234332677649,0.1472776578790409,1.0309089815682038,1.1266286590880223,0.18021558375973323,0.18021558375973323,0.18021558375973323,0.5109955027180946,0.8324926473471563,0.34348815006525096,0.34348815006525096,0.17174407503262545,0.3434881500652509,0.8258109467094438,0.02199100543618915,0.6649852946943127,0.23908263053727546,0.3027213641562273,0.8534136045153329,0.004688810923049329,-0.010153599700229641,-0.016013777527052797,0.00553066925255008,0.021544446779602933,0.34351534016200125,-0.17445635953176464,-0.5179716996937659,0.0039543845165503355,0.4689693224207492,0.4650149379041989,0.011961273280076734,0.46620398779447414,0.45424271451439746,0.2905326536993454,0.20233734046436744,0.4400625004431568,0.4573825964240709,0.542617403575929,0.7201643619427408,0.7158364395364449,0.7260530146385413,0.7180004007395928,-0.7201643619427408,-0.7158364395364449,-0.7180004007395928,-0.0058886526958005225,-0.010216575102096392,-1.92647123336792,10.877544403076172,8.951073169708252,-104.8037109375,537.5390625,432.7353515625,,,,,,,,,,,,,,,,,,,,,,,,,,,,,,,,,,,,SAD,Oxytocin,1,Female,0,23,0.0
N104,phase2_extinction,phase2_ext_roi,24,4837,1.5510982466405256,1.51908136557321,1.427152069027899,1.2252453683659634,1.1479586652493583,1.1766569632477486,-0.5510982466405256,-0.032016881067315595,-0.09192929654531112,-0.07798152933997105,-0.06293755411740998,0.979358566789534,0.9200913371657848,-0.12394617761262672,-0.12394617761262672,-0.12394617761262672,0.4919964634107138,0.8064571872523764,0.29845365066309015,0.29845365066309015,0.14922682533154508,0.31446072384166257,0.8543196800150793,0.016007073178572417,0.6129143745047527,0.19109657965119597,0.30698578492851913,0.6515365709785017,-0.07531321771348809,0.008737593748154974,-0.23735296904320843,-0.04110058634685809,0.19625238269635042,-0.5354404673861486,0.11389846068585385,0.6493389280720024,-0.14017377753977028,0.38314015914712896,0.5233139366868993,-0.021497293018166067,0.403690452320558,0.42518774533872405,0.23413986717160448,0.18394659111129402,0.382944585226495,0.4544046895104201,0.5455953104895799,0.6946987745534012,0.7162499099362618,0.699688560079526,0.7054743422448315,-0.6946987745534012,-0.7162499099362618,-0.7054743422448315,-0.004989785526124724,0.016561349856735852,-4.705026626586914,15.443033218383789,10.738006591796875,196.6787109375,-647.24609375,-450.5673828125,,,,,,,,,,,,,,,,,,,,,,,,,,,,,,,,,,,,SAD,Oxytocin,1,Male,1,33,0.0
N105,phase2_extinction,phase2_ext_roi,24,4837,1.576220110497169,1.5873426479961557,1.3230292031920214,1.1957075509330313,1.1463896225747423,1.222008354555639,-0.5762201104971689,0.011122537498986729,-0.2643134448041342,-0.12103418490308027,-0.011508562367840591,1.0070564557287078,0.8393683001424406,-0.2531909073051475,-0.2531909073051475,-0.2531909073051475,0.5027806057088834,0.789685245513988,0.2924658512228714,0.2924658512228714,0.1462329256114357,0.2924658512228714,0.8710308208485332,0.005561211417766776,0.579370491027976,0.19665217868602844,0.2634496676476763,0.777813605281621,-0.019906807746014856,-0.007989300167177681,-0.03183882976929775,-0.03287396166421447,-0.0010351318949167188,-0.4737637784189421,-0.06254915662269789,0.41121462179624424,-0.024717043109195036,0.3856650047644958,0.4103820478736908,-0.008797628224546161,0.40210198559660304,0.4108996138211492,0.22408310926538344,0.16950983264090097,0.2540080561666889,0.48732487815532816,0.5126751218446719,0.6666848687437449,0.6995147011088139,0.7089732518682211,0.6830997849262794,-0.6666848687437449,-0.6995147011088139,-0.6830997849262794,-0.04228838312447625,-0.00945855075940727,6.522029161453247,-7.299521207809448,-0.7774920463562012,38.71875,-304.4921875,-265.7734375,,,,,,,,,,,,,,,,,,,,,,,,,,,,,,,,,,,,SAD,Oxytocin,1,Female,0,21,0.0
N106,phase2_extinction,phase2_ext_roi,24,4837,1.4480462834088477,1.715184160964884,1.3044204749206956,1.1599005323708154,1.4825685715959407,1.2006599939223843,-0.44804628340884767,0.26713787755603624,-0.41076368604418834,0.06175603453394207,0.18171375038834725,1.1844815796097006,0.9008140698664804,-0.1436258084881521,-0.1436258084881521,-0.1436258084881521,0.5663901236041146,0.7865780016994591,0.3529681253035737,0.3529681253035737,0.17648406265178684,0.3529681253035737,0.867608813656999,0.13278024720822912,0.5731560033989183,0.2469333740147232,0.29335955787326734,1.0608973186553838,-0.02592045122600958,0.037564794336701,-0.19692775634172863,0.10855795761593606,0.30548571395766466,-0.3226808447864168,0.1914316293085997,0.5141124740950165,0.009672156292535317,0.44000969237401477,0.4303375360814794,0.10813603446339963,0.3857307135660467,0.27759467910264707,0.35977157345746297,0.23280458626102232,0.24132260536299874,0.2196088945174641,0.7803911054825359,0.6725119255303597,0.7088328842449267,0.7286090122606056,0.6906724048876431,-0.6725119255303597,-0.7088328842449267,-0.6906724048876431,-0.05609708673024594,-0.01977612801567885,6.535299301147461,-6.451977252960205,0.08332204818725586,-442.72119140625,917.54541015625,474.82421875,,,,,,,,,,,,,,,,,,,,,,,,,,,,,,,,,,,,SAD,Oxytocin,1,Female,0,22,0.0
N108,phase2_extinction,phase2_ext_roi,24,4837,1.5151201218635637,1.4528761973994402,1.5308979751042524,1.316299033678219,1.1142150853916357,1.0637428188189852,-0.5151201218635637,-0.06224392446412352,0.07802177770481222,-0.023233035611717412,-0.2273200815729084,0.9589181523265982,1.0104135922352786,0.0157778532406887,0.0157778532406887,0.0157778532406887,0.4844440409386611,0.8221376606994448,0.30658170163810594,0.30658170163810594,0.15329085081905297,0.3376936197607837,0.8373399487700747,0.031111918122677773,0.6442753213988897,0.22187012007631574,0.329306401679597,0.6387320882875084,-0.018833916079748093,-0.01456854889652447,-0.061203786040253116,-0.08304554365866201,-0.021841757618409008,0.15600613075591152,-0.06645474329282708,-0.2224608740487386,-0.024737597479651013,0.3963531727828249,0.4210907702624759,0.005864295540475545,0.4378759446121559,0.4320116490716803,0.43490700930462634,0.45426570714596204,0.30846348429614046,0.543786399122942,0.456213600877058,0.6982611948318491,0.7124389463710318,0.6668261262787809,0.7053500706014404,-0.6982611948318491,-0.7124389463710318,-0.7053500706014404,0.03143506855306821,0.04561282009225087,6.472923755645752,-0.5485668182373047,5.924356937408447,291.8662109375,468.08984375,759.9560546875,,,,,,,,,,,,,,,,,,,,,,,,,,,,,,,,,,,,SAD,Oxytocin,1,Male,1,22,1.0
N109,phase2_extinction,phase2_ext_roi,24,4837,1.7024290945476686,1.1167067010297318,1.624911721009539,1.2517337044489973,1.0936104281447387,1.2762399678208478,-0.7024290945476686,-0.5857223935179368,0.5082050199798072,-0.33161988352803307,-0.06680850646620407,0.6559490189909777,0.9544666010872002,-0.0775173735381296,-0.0775173735381296,-0.0775173735381296,0.35761693663722904,0.8354714027265329,0.1930883393637619,0.1930883393637619,0.09654416968188095,0.4778544660893038,0.7928607124584115,0.2847661267255419,0.6709428054530657,0.1614389443479492,0.3496654354882319,0.42584887912723324,0.011538776848623554,-0.015109558870211667,0.1050484275626368,-0.05674933595481796,-0.16179776351745456,0.043877558461685395,-0.3669958012941559,-0.41087335975584116,-0.1342111983620844,0.4812386328618922,0.6154498312239767,-0.18673541214340278,0.5096133008393012,0.696348712982704,0.1554399671168247,0.20251000073081693,0.2998251984164624,0.8202579957380373,0.17974200426196274,0.6788153869723883,0.6851914126183003,0.8017432220637679,0.6820033997953443,-0.6788153869723883,-0.6851914126183003,-0.6820033997953443,-0.12292783509137961,-0.11655180944546761,-34.62198734283447,-3.6281166076660156,-38.25010395050049,556.13671875,-426.6123046875,129.5244140625,,,,,,,,,,,,,,,,,,,,,,,,,,,,,,,,,,,,SAD,Oxytocin,1,Female,0,33,1.0
N110,phase2_extinction,phase2_ext_roi,24,4837,1.5111196614659876,1.402534346576012,1.5810560334854626,1.171690483182838,1.1408374144757762,1.1401646652287392,-0.5111196614659876,-0.10858531488997558,0.17852168690945058,-0.01932447143525029,-0.03118944333058038,0.9281424714796854,1.0462811538623062,0.069936372019475,0.069936372019475,0.069936372019475,0.4728803128766871,0.8293540260803709,0.302234338957058,0.302234338957058,0.151117169478529,0.3564737132036838,0.8285285906978381,0.05423937424662584,0.6587080521607418,0.22874205411812606,0.3028939242415096,0.7600186447904972,-0.021196298866085823,0.011704448932721724,-0.07603800426594715,-0.04836503077966264,0.027672973486284613,-0.20051956686010675,0.09501037320290662,0.29552994006301336,-0.0665888198757077,0.461871410589155,0.5284602304648627,-0.02856981774273412,0.48605392597898633,0.5146237437217204,0.24279142562362496,0.2605744058146797,0.2242851027618454,0.5485241588050952,0.4514758411949048,0.6943871791212601,0.6930860576461786,0.7471893814127502,0.6937366183837194,-0.6943871791212601,-0.6930860576461786,-0.6937366183837194,-0.05280220229149002,-0.054103323766571565,5.6735758781433105,8.044842541217804,13.718418419361115,407.580078125,-37.13671875,370.443359375,,,,,,,,,,,,,,,,,,,,,,,,,,,,,,,,,,,,SAD,Placebo,0,Female,0,21,0.0
N111,phase2_extinction,phase2_ext_roi,24,4837,1.500737423318289,1.6267349298668663,1.3606734422218865,1.143680531417187,1.4268290522502796,1.0853429252403428,-0.5007374233182891,0.12599750654857722,-0.26606148764497983,-0.007033237273912585,0.11240545732812413,1.0839570558788445,0.9066698890913207,-0.1400639810964026,-0.1400639810964026,-0.1400639810964026,0.5314577706610079,0.7958691279218405,0.32732689858284836,0.32732689858284836,0.16366344929142418,0.32732689858284836,0.8636280279734065,0.06291554132201571,0.591738255843681,0.2436427026229954,0.28056518716970197,0.9551058071621638,0.007183782672403417,-0.02422359584199831,-0.0007042340868954056,-0.12210373623703535,-0.12139950215013989,-0.03855140515504951,0.09019650798923373,0.12874791314428324,0.042959924320985776,0.38292149576303963,0.3399615714420539,0.04331204136443348,0.44397336388155734,0.40066132251712383,0.22086553683729157,0.23017232112221336,0.39253155039267523,0.41597922781145136,0.5840207721885486,0.6457789554295985,0.675576769677452,0.7217017542316985,0.6606778625535252,-0.6457789554295985,-0.675576769677452,-0.6606778625535252,-0.07592279880209996,-0.04612498455424652,15.607597351074219,-6.951053619384766,8.656543731689453,1654.74609375,-2208.841796875,-554.095703125,,,,,,,,,,,,,,,,,,,,,,,,,,,,,,,,,,,,SAD,Placebo,0,Male,1,19,0.0
N112,phase2_extinction,phase2_ext_roi,24,4837,1.5203871676758824,1.4088359643542014,1.5665506640723037,1.2409121188539531,1.1561233447831762,1.242676893584651,-0.5203871676758824,-0.111551203321681,0.15771469971810226,-0.032693853462629985,-0.04151199967003949,0.9266297328998775,1.0303629806106287,0.046163496396421255,0.046163496396421255,0.046163496396421255,0.47214108211391004,0.8272913220503453,0.2994324041642553,0.2994324041642553,0.14971620208212766,0.35515023993643524,0.8308115841488827,0.055717835772179924,0.6545826441006906,0.19880177778131672,0.27961453253743745,0.6101879211670634,-0.009113819692042498,-0.07475169427407134,-0.013255532762769195,-0.3606108746836516,-0.3473553419208826,-0.02814346599302775,-0.15590763765179916,-0.1277641716587714,-0.03417273102503843,0.2448430828644614,0.2790158138894998,-0.02754496464365383,0.42514852020628724,0.4526934848499411,0.25717846410708783,0.3365075774959139,0.38724365476701755,0.5175950250946212,0.4824049749053788,0.7454518232330664,0.7265269545182482,0.7221095753337218,0.7359893888756572,-0.7454518232330664,-0.7265269545182482,-0.7359893888756572,0.02334224789934458,0.004417379184526449,-6.8571577072143555,15.318110942840576,8.46095323562622,34.115234375,834.216796875,868.33203125,,,,,,,,,,,,,,,,,,,,,,,,,,,,,,,,,,,,SAD,Placebo,0,Male,1,22,1.0
N113,phase2_extinction,phase2_ext_roi,24,4837,1.547204774127478,1.4866799494161789,1.4648720831093274,1.198709729199722,1.2114293949218713,1.2657458813017257,-0.5472047741274779,-0.06052482471129905,-0.021807866306851498,-0.0714287578647248,0.03987790891207643,0.9608811740163853,0.9467861644025483,-0.08233269101815055,-0.08233269101815055,-0.08233269101815055,0.48487341125217587,0.8122767164061004,0.2971501276582763,0.2971501276582763,0.14857506382913815,0.3274033051539246,0.8480120289978065,0.030253177495648265,0.6245534328122009,0.21064723894704435,0.3286810325574512,0.652243485512418,-0.005812173490951203,0.0022991335000881693,-0.061570724459210274,0.058647610764292424,0.12021833522350273,-0.02390514715239145,0.05544002446328222,0.07934517161567367,-0.04987600843623741,0.4697089294828672,0.5195849379191047,-0.01909064620663227,0.440385124100721,0.4594757703073533,0.3871282153780767,0.21598672474873526,0.40848561362802904,0.5498389894903067,0.45016101050969326,0.6944432549308795,0.7012871981970477,0.699580664066941,0.6978652265639635,-0.6944432549308795,-0.7012871981970477,-0.6978652265639635,-0.005137409136061422,0.001706534130106685,-4.1854047775268555,4.192635536193848,0.0072307586669921875,267.9775390625,-667.279296875,-399.3017578125,,,,,,,,,,,,,,,,,,,,,,,,,,,,,,,,,,,,SAD,Oxytocin,1,Male,1,20,0.0
N114,phase2_extinction,phase2_ext_roi,24,4837,0.9658679803588138,1.6970586130171095,1.7403883867983798,0.9862982161529682,1.3173650598217315,1.3246283227058504,0.03413201964118617,0.7311906326582956,0.04332977378127034,0.7528555195489309,0.33469847511082274,1.7570295630013195,1.801890531802215,0.774520406439566,0.774520406439566,0.774520406439566,0.6750664943250235,0.8507363910907182,0.5258028854157417,0.5258028854157417,0.26290144270787086,0.5258028854157417,0.7588302034210697,0.35013298865004705,0.7014727821814364,0.3367031213360998,0.3453122619908096,1.2437501642670272,0.0058936552294164765,-0.05394397216259177,0.006145991195922823,-0.2255421306544957,-0.2316881218504185,-0.0992240558324714,-0.1800423353831062,-0.08081827955063481,0.2394461453347568,0.3242620276081565,0.08481588227339967,0.2363731497367954,0.4370330929354043,0.20065994319860891,0.31811149047934656,0.47412754999316625,0.7375508239116016,0.18774880967272753,0.8122511903272724,0.6702822770311301,0.7613755144763379,0.6769751141574479,0.715828895753734,-0.6702822770311301,-0.7613755144763379,-0.715828895753734,-0.006692837126317852,0.08440040031888996,13.17190933227539,-26.162555694580078,-12.990646362304688,-467.1201171875,1434.7841796875,967.6640625,,,,,,,,,,,,,,,,,,,,,,,,,,,,,,,,,,,,SAD,Placebo,0,Male,1,23,0.0
N115,phase2_extinction,phase2_ext_roi,24,4837,1.4775536855362281,1.5465337366319445,1.4747751773508764,1.204755278717769,1.1550465075743817,1.2809266001664117,-0.4775536855362281,0.06898005109571637,-0.07175855928106811,0.03310077145518231,0.013231275152627564,1.046685302404988,0.9981195145775441,-0.002778508185351747,-0.002778508185351747,-0.002778508185351747,0.5172381780228841,0.8137821046998994,0.33102028272278355,0.33102028272278355,0.16551014136139175,0.3310202827227835,0.846317311197119,0.03447635604576815,0.6275642093997988,0.20427288881902106,0.23428161968384878,0.9078515449365311,0.018952409544997998,0.009208962763415906,0.05420162095703934,0.020784317690691,-0.0334173032663484,0.15055442274765785,0.01562059935117599,-0.13493382339648186,0.04385585537631498,0.4021828915855923,0.3583270362092773,0.016755044897795307,0.3917907327402468,0.3750356878424515,0.1881180567199265,0.1944535685269788,0.2610545650808192,0.45004454708686414,0.5499554529131359,0.6884391695164237,0.7403208195629192,0.691207477300438,0.7143799945396714,-0.6884391695164237,-0.7403208195629192,-0.7143799945396714,-0.002768307784014268,0.04911334226248121,-8.185150146484375,7.496864318847656,-0.6882858276367188,284.0732421875,-275.7666015625,8.306640625,,,,,,,,,,,,,,,,,,,,,,,,,,,,,,,,,,,,SAD,Oxytocin,1,Male,1,20,0.0
N117,phase2_extinction,phase2_ext_roi,24,4837,1.2807846129997011,1.6354438133882065,1.5626614096523714,1.1457029625891688,1.2583151788273401,1.2474636816781448,-0.28078461299970114,0.3546592003885054,-0.07278240373583511,0.31826799852058785,0.10718646766357365,1.2769077517169631,1.2200813326384978,0.2818767966526703,0.2818767966526703,0.2818767966526703,0.5877469650465139,0.8267349163018218,0.41448188134833575,0.41448188134833575,0.20724094067416787,0.41448188134833575,0.8213940348589719,0.17549393009302783,0.6534698326036437,0.25539238702419575,0.26327908845677506,1.1057090264320162,0.0008565237991893849,0.06674043781988487,-0.0481141500900793,0.1702307142667247,0.218344864356804,0.08564738378788017,0.669849434712401,0.5842020509245208,0.07628064762599951,0.49556240851071465,0.41928176088471514,0.10033772267103916,0.41044705137735227,0.31010932870631314,0.09321120925015526,0.2579518750097585,0.2338172358537239,0.3081903588619775,0.6918096411380226,0.7177495371182259,0.7342386890498852,0.7033588085141268,0.7259941130840555,-0.7177495371182259,-0.7342386890498852,-0.7259941130840555,0.014390728604099068,0.03087988053575841,14.87636947631836,-12.217792510986328,2.6585769653320312,-343.591796875,491.841796875,148.25,,,,,,,,,,,,,,,,,,,,,,,,,,,,,,,,,,,,SAD,Placebo,0,Male,1,19,1.0
N118,phase2_extinction,phase2_ext_roi,24,4837,1.5305333125344478,1.5615795514196606,1.4034398903349439,1.196942426780145,1.2373941862684583,1.0967961299747238,-0.5305333125344478,0.03104623888521285,-0.15813966108471678,-0.04802359165714565,-0.029847268658553805,1.02028458213102,0.9169613426063493,-0.12709342219950392,-0.12709342219950392,-0.12709342219950392,0.5077609363541866,0.8027291798470011,0.31049011620118777,0.31049011620118777,0.15524505810059386,0.3104901162011877,0.8581311194845066,0.015521872708373241,0.6054583596940022,0.2039833614406309,0.3131991343772829,0.6850885232020462,0.01203140515240568,-0.009608696077541265,0.17595868540586215,-0.07164737467689136,-0.24760606008275354,-0.043774038961035044,-0.0864216320663228,-0.04264759310528776,0.08440253926096075,0.37571983898478645,0.2913172997238257,-0.003576803441970325,0.4115435263232321,0.41512032976520247,0.3655381420498711,0.27295378601010273,0.45732916731803996,0.46923132779539767,0.5307686722046023,0.6808279130711042,0.7136145355135666,0.71788173812422,0.6972212242923355,-0.6808279130711042,-0.7136145355135666,-0.6972212242923355,-0.03705382505311572,-0.004267202610653387,1.7219390869140625,-6.4539642333984375,-4.732025146484375,108.958984375,-641.267578125,-532.30859375,,,,,,,,,,,,,,,,,,,,,,,,,,,,,,,,,,,,SAD,Oxytocin,1,Male,1,21,1.0
N120,phase2_extinction,phase2_ext_roi,24,4837,1.4605348910289249,1.4281834443455252,1.604961055152425,1.2175939651420886,1.1344552272387731,1.179262494740977,-0.46053489102892486,-0.03235144668339962,0.1767776108068997,0.05603735872005022,-0.060735104152213504,0.9778495832858164,1.0988857945275763,0.14442616412350007,0.14442616412350007,0.14442616412350007,0.4919128436625172,0.8327106193726396,0.32462346303515677,0.32462346303515677,0.16231173151757838,0.3407977757101224,0.8256387939614698,0.016174312674965607,0.6654212387452791,0.244218679080921,0.30876709980886086,0.8148183066475924,-0.0327867125854184,0.021083875703686167,-0.14782344432622102,0.15199122082641803,0.299814665152639,-0.02580530388978386,0.03520881162457146,0.061014115514355316,-0.07982638735070635,0.5703476337626467,0.6501740211133531,-0.005914665187595841,0.4943520233494378,0.5002666885370337,0.29921911387561256,0.17731887238381264,0.3442695850733762,0.5430796544467951,0.45692034555320493,0.7249252859515041,0.6905123320530573,0.6991005952149429,0.7077188090022807,-0.7249252859515041,-0.6905123320530573,-0.7077188090022807,0.02582469073656113,-0.008588263161885656,11.692346572875977,2.4015235900878906,14.093870162963867,131.3857421875,220.095703125,351.4814453125,,,,,,,,,,,,,,,,,,,,,,,,,,,,,,,,,,,,SAD,Placebo,0,Female,0,20,0.0
N121,phase2_extinction,phase2_ext_roi,24,4837,1.5610587914680871,1.5154177148000512,1.4201739219399454,1.1952624940411258,1.205733455886861,1.1583791954007168,-0.5610587914680871,-0.04564107666803596,-0.09524379286010576,-0.09326297309808895,-0.013206168397336793,0.9707627370441696,0.909750433874978,-0.14088486952814172,-0.14088486952814172,-0.14088486952814172,0.4885917111556035,0.805365680433697,0.29395739158930057,0.29395739158930057,0.14697869579465028,0.31677396927809354,0.8553452436803681,0.02281657768879297,0.6107313608673941,0.1886561206367396,0.22426583807738643,0.7363619255362976,-0.0031127752341293226,-0.020757920012923002,-0.016459864998853435,-0.09668805543472853,-0.08022819043587515,-0.015014363405286835,-0.12058434503315685,-0.10556998162787001,-0.0229443554726248,0.34368263652931297,0.36662699200193777,-0.014714422973198082,0.39202666424667726,0.40674108721987534,0.09286757965616806,0.17940107073242248,0.20953957746450833,0.5549653916522241,0.44503460834777586,0.6804083482263903,0.7210379824867319,0.6828416565178137,0.7007231653565611,-0.6804083482263903,-0.7210379824867319,-0.7007231653565611,-0.0024333082914234083,0.0381963259689182,7.141680479049683,1.4256296157836914,8.567310094833374,401.95703125,-80.6865234375,321.2705078125,,,,,,,,,,,,,,,,,,,,,,,,,,,,,,,,,,,,SAD,Oxytocin,1,Male,1,20,1.0
N122,phase2_extinction,phase2_ext_roi,24,4837,1.4785718902922964,1.5467468010780518,1.4735304939732097,1.1845752669467497,1.202636324609264,1.1784354612849859,-0.4785718902922964,0.06817491078575544,-0.07321630710484217,0.031566757233334464,0.005960626000375058,1.0461086138403402,0.9965903543019518,-0.005041396319086733,-0.005041396319086733,-0.005041396319086733,0.5170371294171635,0.8135934107247503,0.33063054014191384,0.33063054014191384,0.16531527007095692,0.33063054014191384,0.8465279094351251,0.03407425883432702,0.6271868214495007,0.22383458406744264,0.2660431511807545,0.8279762248373458,0.021416062964248268,0.032370579926225475,0.09039252563647088,0.13084201821909058,0.04044949258261965,0.26894994596093924,0.3064975463647063,0.037547600403767034,0.07391585410047741,0.48437058596218857,0.41045473186171116,0.02871959128224197,0.41894957685264334,0.39022998557040134,0.1879614178446829,0.3393807906680625,0.273656285425818,0.5069434869498463,0.49305651305015374,0.7283295657145652,0.7166431327826694,0.7227502879523784,0.7224863492486173,-0.7283295657145652,-0.7166431327826694,-0.7224863492486173,0.005579277762186807,-0.006107155169708944,14.118896484375,-5.450473785400391,8.66842269897461,-476.3984375,628.78271484375,152.38427734375,,,,,,,,,,,,,,,,,,,,,,,,,,,,,,,,,,,,SAD,Oxytocin,1,Female,0,21,0.0
N123,phase2_extinction,phase2_ext_roi,24,4837,1.5012731027994954,1.465274583052702,1.5326952324566299,1.305265009177077,0.9729562023365288,1.1161648099025119,-0.5012731027994954,-0.035998519746793356,0.06742064940392778,-0.0022881950448294663,-0.26070450305755677,0.9760213318683466,1.0209303153365215,0.03142212965713442,0.03142212965713442,0.03142212965713442,0.49100134181747734,0.8224003166998759,0.31340165851735324,0.31340165851735324,0.15670082925867662,0.33139897488239856,0.8372820663059963,0.017997316365045313,0.6448006333997518,0.21295390961720084,0.3144458842816904,0.7378502947943547,-0.03428012541428843,-0.02737592461029469,-0.15945344024001795,-0.06251472909254263,0.09693871114747526,0.1760924846054881,-0.21871203914584647,-0.39480452375133457,-0.09653853170010246,0.41146226626822385,0.5080007979683263,-0.016811811580093483,0.44271963081449517,0.45953144239458865,0.30049642263427095,0.0940878759615566,0.28150114809336385,0.5447998994368395,0.4552001005631605,0.7132233515998919,0.7128255771048789,0.7022492248051044,0.7130244643523854,-0.7132233515998919,-0.7128255771048789,-0.7130244643523854,0.010974126794787487,0.010576352299774494,-10.11237382888794,-1.5095863342285156,-11.621960163116455,264.048828125,-345.0556640625,-81.0068359375,,,,,,,,,,,,,,,,,,,,,,,,,,,,,,,,,,,,SAD,Placebo,0,Female,0,22,0.0
N124,phase2_extinction,phase2_ext_roi,24,4837,1.563871867713775,1.5013119895143947,1.4319153251997594,1.181811753788124,1.1084212654912533,1.06267077184837,-0.5638718677137751,-0.06255987819938036,-0.06939666431463531,-0.09725821035669813,-0.09626573511831227,0.9599967944363597,0.9156218905177047,-0.13195654251401567,-0.13195654251401567,-0.13195654251401567,0.48436512935031983,0.8071995702070738,0.2915646995573936,0.2915646995573936,0.1457823497786968,0.32283444085675395,0.8532938372889467,0.03126974129936033,0.6143991404141476,0.20989799463883502,0.2912445013088833,0.7535572358934451,0.011650724765087708,0.01695831099176056,0.06662643250996164,0.06804530232602729,0.0014188698160657043,-0.0047231307825243984,0.005603626068607093,0.010326756851131491,0.017403383734198252,0.46972847296146625,0.452325089227268,-0.01590983252078257,0.4357058217984525,0.4516156543192351,0.23859780205441616,0.1980733506160548,0.28415968492788124,0.47495816271044405,0.525041837289556,0.6740661260751035,0.6966668093178794,0.6913194115168901,0.6853664676964915,-0.6740661260751035,-0.6966668093178794,-0.6853664676964915,-0.017253285441786614,0.005347397800989251,-11.556687474250793,19.724101543426514,8.16741406917572,654.27734375,-797.50390625,-143.2265625,,,,,,,,,,,,,,,,,,,,,,,,,,,,,,,,,,,,SAD,Oxytocin,1,Female,0,25,1.0
N125,phase2_extinction,phase2_ext_roi,24,4837,1.5034130627563318,1.4830631168964357,1.5133657917332233,1.210676086986385,1.1279852078910868,1.2348231116574326,-0.5034130627563318,-0.020349945859896135,0.030302674836787613,-0.005198608441502328,-0.029271927212125348,0.9864641619601013,1.0066200827685,0.009952728976891478,0.009952728976891478,0.009952728976891478,0.4949126890970392,0.819559481437654,0.31447217053469323,0.31447217053469323,0.15723608526734661,0.3246467923406148,0.8404825554739664,0.010174621805921547,0.639118962875308,0.23908315071264036,0.30106369638766284,0.8225454048352095,0.003137591104756727,0.035870273826871496,-0.04187432473188793,0.19163962002039275,0.2335139447522807,0.08268925574631769,0.1531102661746312,0.0704210104283135,-0.011584512576644501,0.5646334616461777,0.5762179742228222,0.009352649789299464,0.4688136516359813,0.4594610018466818,0.27007087014502795,0.12221888248672284,0.287292164753655,0.5130543601326664,0.48694563986733364,0.7614684073640863,0.687300838519995,0.6909244410827496,0.7243846229420406,-0.7614684073640863,-0.687300838519995,-0.7243846229420406,0.07054396628133663,-0.0036236025627546242,-2.0234766006469727,1.7366323471069336,-0.28684425354003906,424.591796875,660.498046875,1085.08984375,,,,,,,,,,,,,,,,,,,,,,,,,,,,,,,,,,,,SAD,Placebo,0,Female,0,19,0.0
N127,phase2_extinction,phase2_ext_roi,24,4837,1.560565982177809,1.4163373388303726,1.519541308813207,1.2103994772661828,1.1327628242864212,1.1902850352082672,-0.5605659821778091,-0.14422864334743646,0.10320396998283443,-0.09262665835601935,-0.04887554751883849,0.9075792667081245,0.9737116638641145,-0.04102467336460203,-0.04102467336460203,-0.04102467336460203,0.46400521420692864,0.8204709260529023,0.2844761402598309,0.2844761402598309,0.14223807012991546,0.35646571184597364,0.8376520662407272,0.07198957158614272,0.6409418521058046,0.20440900740067092,0.29310685471408454,0.680537867412107,-0.034533901374812,-0.02140426287812273,-0.07973589794038535,-0.07041369217676796,0.00932220576361742,-0.3718468917277258,-0.33978192068540436,0.03206497104232142,-0.08930899313012455,0.42305221287288974,0.5123612060030143,-0.04944104415993188,0.4582590589612737,0.5077001031212056,0.1885589397178204,0.23514632361160362,0.3742114624655013,0.5329684758016174,0.46703152419838256,0.6560895891562357,0.6958210995609322,0.7110069049272427,0.675955344358584,-0.6560895891562357,-0.6958210995609322,-0.675955344358584,-0.054917315771007,-0.015185805366310534,2.818035125732422,18.689924240112305,21.507959365844727,37.5400390625,-814.42236328125,-776.88232421875,,,,,,,,,,,,,,,,,,,,,,,,,,,,,,,,,,,,SAD,Oxytocin,1,Female,0,41,0.0
N128,phase2_extinction,phase2_ext_roi,24,4837,1.5092769747462575,1.3803834710681595,1.6021896442969465,1.1999354154843276,1.1247327789164854,1.2913563403850188,-0.5092769747462575,-0.12889350367809804,0.22180617322878704,-0.01799041706370441,0.008109144166424498,0.9145991657059769,1.061561039153002,0.092912669550689,0.092912669550689,0.092912669550689,0.46782116210461966,0.8323241956767389,0.30014535778135853,0.30014535778135853,0.15007267889067927,0.3645030335721192,0.8246852317180708,0.06435767579076068,0.6646483913534778,0.23584361180564545,0.31209667297635946,0.7509052776083693,-0.028351169729784957,0.027289704484810457,-0.09792772346110348,0.08016858193196963,0.17809630539307308,-0.03730328619059553,0.3361819293815953,0.37348521557219083,-0.08870798462679164,0.5515156374735156,0.6402236221003073,-0.039744122896239895,0.5114313465075309,0.5511754694037707,0.20515653867362385,0.14733074776246347,0.1710003280915556,0.5863982808792934,0.41360171912070665,0.7106487352005364,0.6803103740627472,0.6825413000469933,0.6954795546316418,-0.7106487352005364,-0.6803103740627472,-0.6954795546316418,0.02810743515354308,-0.0022309259842461238,12.732322692871094,3.098247528076172,15.830570220947266,96.7001953125,-183.6474609375,-86.947265625,,,,,,,,,,,,,,,,,,,,,,,,,,,,,,,,,,,,SAD,Placebo,0,Male,1,25,1.0
N129,phase2_extinction,phase2_ext_roi,24,4837,1.657285947430744,1.223719181782271,1.5874917490534752,1.336478988176336,1.09003369286418,1.2987449258658592,-0.657285947430744,-0.43356676564847296,0.3637725672712042,-0.25168048201287085,-0.1420896788113164,0.7383874679535555,0.9578864419478523,-0.06979419837726875,-0.06979419837726875,-0.06979419837726875,0.3932749432751468,0.8302629170338796,0.22353786030902634,0.22353786030902634,0.11176893015451317,0.4369879737587328,0.8119917393860188,0.21345011344970644,0.6605258340677591,0.15651884639642893,0.36736633594795565,0.34282111277655786,0.005830460868796049,0.10149365584815062,0.03526643399212315,0.600681708331088,0.5654152743389649,0.35054395355609147,0.5017004920777577,0.15115653852166622,-0.13425849212049323,0.7652702560749567,0.8995287481954499,-0.1518917091165548,0.4649294019094127,0.6168211110259675,0.4648945063282485,0.3938308539805945,0.5508556932299369,0.7479838428763204,0.25201615712367964,0.6754159892436317,0.7066662206545772,0.6626682353790148,0.6910411049491044,-0.6754159892436317,-0.7066662206545772,-0.6910411049491044,0.012747753864616906,0.04399798527556242,12.539339065551758,-5.719047546386719,6.820291519165039,2447.6435546875,-1200.4091796875,1247.234375,,,,,,,,,,,,,,,,,,,,,,,,,,,,,,,,,,,,SAD,Oxytocin,1,Female,0,26,1.0
N130,phase2_extinction,phase2_ext_roi,24,4837,1.5665016135601766,1.473067085559482,1.4580259099396535,1.3189980854699925,1.260252461928375,1.2762347750864937,-0.5665016135601766,-0.09343452800069452,-0.01504117561982854,-0.10095511581060879,-0.05075446696255814,0.9403546497523912,0.9307528878431731,-0.10847570362052306,-0.10847570362052306,-0.10847570362052306,0.47665834660387674,0.8112305571565281,0.2878889037604049,0.2878889037604049,0.14394445188020244,0.3345722105526514,0.8486587468724964,0.046683306792246526,0.6224611143130563,0.20574081963743132,0.2809244080364328,0.6520563235761732,-0.047335468595842756,0.026113795271873137,-0.2092606847544597,0.0784003536671411,0.28766103842160085,-0.42622077937614344,0.14036444437768103,0.5665852237538245,-0.1321753284177511,0.47822680214895447,0.6104021305667056,-0.027544986040521247,0.4390266253153839,0.46657161135590514,0.21988769082381862,0.3999945357795769,0.3872138095446025,0.6103435872910664,0.3896564127089336,0.6938081419654536,0.7003735029397373,0.6712370975499999,0.6970908224525955,-0.6938081419654536,-0.7003735029397373,-0.6970908224525955,0.022571044415453656,0.029136405389737385,-18.04643404483795,-5.0593332052230835,-23.105767250061035,265.8515625,360.3837890625,626.2353515625,,,,,,,,,,,,,,,,,,,,,,,,,,,,,,,,,,,,SAD,Placebo,0,Male,1,23,0.0
N131,phase2_extinction,phase2_ext_roi,24,4837,1.481576424398881,1.636041378076968,1.36997903176245,1.191258698264405,1.320885261766929,1.232914859850337,-0.48157642439888093,0.1544649536780871,-0.266062346314518,0.021433780520828005,0.08564136254422827,1.104257154806028,0.9246765809408212,-0.11159739263643087,-0.11159739263643087,-0.11159739263643087,0.5385396410773948,0.7973767658135174,0.3359164068909121,0.3359164068909121,0.1679582034454561,0.3359164068909122,0.8614268525787868,0.07707928215478965,0.5947535316270347,0.24418330795730817,0.3035916625957539,0.9071473186726761,0.029751366906887948,0.009257865715618105,0.19498156763281707,0.08700293408521192,-0.10797863354760512,-0.0715643441736371,0.11946583595249671,0.19103018012613382,0.14949763066742622,0.47986123610620457,0.33036360543877835,0.05200684685101768,0.43635976906359863,0.38435292221258094,0.2527808577146466,0.2793384506616548,0.39981519366331925,0.32027346744677665,0.6797265325532234,0.6595599653296873,0.6866918746408869,0.6994294423869571,0.673125919985287,-0.6595599653296873,-0.6866918746408869,-0.673125919985287,-0.03986947705726984,-0.012737567746070266,7.6618266105651855,-18.42751407623291,-10.765687465667725,-489.20361328125,929.5576171875,440.35400390625,,,,,,,,,,,,,,,,,,,,,,,,,,,,,,,,,,,,SAD,Placebo,0,Female,0,26,1.0
N132,phase2_extinction,phase2_ext_roi,24,4837,1.2448015595236315,1.6762074100259343,1.5487589058670315,0.9755576122685037,1.1341591019013597,1.238208004736122,-0.24480155952363147,0.43140585050230285,-0.12744850415890285,0.3676815984228514,0.21062594105023713,1.3465659516057615,1.2441813569207825,0.3039573463434,0.3039573463434,0.3039573463434,0.6062093225356595,0.8247344069967972,0.4309437295324567,0.4309437295324567,0.21547186476622837,0.43094372953245674,0.8184059556383669,0.21241864507131902,0.6494688139935945,0.19654960882135206,0.31321188681429635,0.5368892242758415,0.04974663714188955,-0.0614648976801936,0.05968827479532479,-0.5241900261515329,-0.5838783009468577,0.33268237853563065,-0.2821124587924586,-0.6147948373280893,0.23758232113265187,-0.07673397916805183,-0.3143163003007037,0.20773818373498948,0.18536103390771463,-0.022377149827274845,0.36126187233552126,0.6691453349061701,0.6874427972615402,0.18506113587239278,0.8149388641276072,0.7068976122521895,0.8531073616036822,0.6272383127538814,0.7800024869279358,-0.7068976122521895,-0.8531073616036822,-0.7800024869279358,0.07965929949830808,0.22586904884980075,-13.072895407676697,30.19624423980713,17.123348832130432,-183.7744140625,2013.03125,1829.2568359375,,,,,,,,,,,,,,,,,,,,,,,,,,,,,,,,,,,,SAD,Oxytocin,1,Female,0,19,0.0
N133,phase2_extinction,phase2_ext_roi,24,4837,1.6637149950363437,1.6308339116545403,1.1616814566312652,1.1426761124155456,1.2494199115431748,1.1343832332378847,-0.6637149950363437,-0.0328810833818034,-0.4691524550232751,-0.26745731089344105,0.049225459974984176,0.9802363425933728,0.6982454645865795,-0.5020335384050785,-0.5020335384050785,-0.5020335384050785,0.4917804696973531,0.7616381100082373,0.25341857970559045,0.25341857970559045,0.12670928985279523,0.2698576403108842,0.896055291633326,0.016439060605293765,0.5232762200164747,0.16492395499950735,0.22772940872703445,0.6787956196530187,-0.025460749011456126,-0.006463313554580395,-0.09275914678765079,-0.017833519718209234,0.0749256270694415,-0.20943076047349107,-0.11201901484527399,0.09741174562821708,-0.08985531334439378,0.3644068900904785,0.4542622034348722,-0.04347573995056839,0.37332364994958306,0.4167993899001515,0.10239759990449868,0.2342875004658398,0.27527007047521335,0.5810334036891652,0.41896659631083477,0.7884555994566663,0.6810354976646379,0.6820721279577795,0.7347455485606521,-0.7884555994566663,-0.6810354976646379,-0.7347455485606521,0.10638347149888683,-0.001036630293141605,13.402103424072266,0.696375846862793,14.098479270935059,815.9345703125,-1162.09375,-346.1591796875,,,,,,,,,,,,,,,,,,,,,,,,,,,,,,,,,,,,SAD,Placebo,0,Male,1,33,1.0
N134,phase2_extinction,phase2_ext_roi,24,4837,1.4532023850635944,1.6744989923298315,1.3524201150683284,1.1438442176307548,1.3237892741727788,1.1350868215224348,-0.45320238506359445,0.221296607266237,-0.3220788772615031,0.06025716863548558,0.08559383021685196,1.1522820207412008,0.9306481462337146,-0.10078226999526607,-0.10078226999526607,-0.10078226999526607,0.5550994733201167,0.7945250057612944,0.3496244790814111,0.3496244790814111,0.17481223954070552,0.34962447908141103,0.8619830650672908,0.11019894664023333,0.5890500115225887,0.2537609987668876,0.2768142743209584,1.0082438297532077,-0.025036829007967713,-0.0978638327645396,-0.17422283440068692,-0.47787958366540817,-0.3036567492647212,0.08361530335196432,-0.4518004564463429,-0.5354157597983072,0.03732528421414172,0.144145504286586,0.1068202200724443,0.12443670141448518,0.3830852961192901,0.2586485947048049,0.2340145234806073,0.1416332785495444,0.20769099230458513,0.2329244974433913,0.7670755025566087,0.7841772777768312,0.7043356790932918,0.671502803572909,0.7442564784350615,-0.7841772777768312,-0.7043356790932918,-0.7442564784350615,0.11267447420392218,0.03283287552038272,19.60689878463745,-26.45907163619995,-6.8521728515625,917.8291015625,422.61328125,1340.4423828125,,,,,,,,,,,,,,,,,,,,,,,,,,,,,,,,,,,,SAD,Placebo,0,Female,0,21,0.0
N135,phase2_extinction,phase2_ext_roi,24,4837,1.4384880709202805,1.5388810851569188,1.5207868142194156,1.1008177049852619,1.3260546455029592,1.1677831505586247,-0.4384880709202805,0.10039301423663827,-0.018094270937503154,0.09134587876788669,0.14610119304553004,1.06979064030368,1.0572119674752425,0.08229874329913511,0.08229874329913511,0.08229874329913511,0.5250771948495951,0.8206543137658409,0.34573150861543595,0.34573150861543595,0.172865754307718,0.345731508615436,0.8384141363002822,0.05015438969919028,0.6413086275316817,0.21234991685664947,0.2629783714809626,0.7190214623790264,-0.022157201539122845,0.08726370727070598,0.03790225298650052,0.38732698769738566,0.3494247347108852,-0.3922697913280876,0.7799539434352035,1.1722237347632911,0.06291012534729026,0.5744043287079518,0.5114942033606615,0.043958998854040005,0.3807408348592589,0.33678183600521894,0.20664233346610927,0.33276437454634605,0.3638117993625727,0.41444956818535383,0.5855504318146462,0.7446032640046549,0.7412392065938498,0.6980166258535314,0.7429212352992524,-0.7446032640046549,-0.7412392065938498,-0.7429212352992524,0.046586638151123516,0.04322258074031837,2.1800867319107056,-15.140701293945312,-12.960614562034607,498.1103515625,-1595.6640625,-1097.5537109375,,,,,,,,,,,,,,,,,,,,,,,,,,,,,,,,,,,,SAD,Oxytocin,1,Male,1,45,0.0
N136,phase2_extinction,phase2_ext_roi,24,4837,1.5797021882619737,1.3804728694733692,1.5329859270059816,1.2922462331730786,1.1534189541112179,1.232321566298802,-0.5797021882619737,-0.1992293187886045,0.15251305753261235,-0.12297279002229833,-0.09937597296806855,0.8738817170680643,0.9704271657611223,-0.04671626125599215,-0.04671626125599215,-0.04671626125599215,0.4503567663766723,0.8224427709956533,0.27279953737232565,0.27279953737232565,0.13639976868616283,0.372086004618981,0.8337906385300702,0.09928646724665535,0.6448855419913067,0.20439656230120676,0.2962122971384963,0.6641735075941773,0.02312229409669924,0.009615709718641235,0.05505687904648593,0.09534965454042799,0.040292775493941946,0.3268713593808039,-0.15928557058198045,-0.48615692996278437,-0.03658092937400148,0.520577320769872,0.5571582501438733,-0.06410936889724445,0.47290249349965796,0.5370118623969025,0.1197005076589776,0.21194508261219933,0.2950887495404025,0.6165178966942854,0.38348210330571464,0.6689886297457222,0.6932710694404036,0.674546689055681,0.6811298495930629,-0.6689886297457222,-0.6932710694404036,-0.6811298495930629,-0.005558059309958896,0.018724380384722572,-8.005060195922852,-2.7850475311279297,-10.790107727050781,167.49951171875,-238.10546875,-70.60595703125,,,,,,,,,,,,,,,,,,,,,,,,,,,,,,,,,,,,SAD,Placebo,0,Female,0,26,0.0
N137,phase2_extinction,phase2_ext_roi,24,4837,1.5076507084106567,1.4979167331230272,1.4944010318883878,1.1523645935860296,0.9947762148197842,1.3106853478423222,-0.5076507084106567,-0.009733975287629537,-0.003515701234639401,-0.011491825904949238,0.0003661877450236162,0.9935436071705713,0.9912117001899243,-0.013249676522268938,-0.013249676522268938,-0.013249676522268938,0.49756652539242796,0.8167379246865848,0.31430445007901275,0.31430445007901275,0.15715222503950638,0.31917139929415683,0.8435722003696253,0.0048669492151440785,0.6334758493731696,0.22166318298615656,0.29948839773883523,0.760622985201792,0.045193637394380246,-0.005883799738239851,0.19512989247979007,-0.043990808523740876,-0.23912070100353106,0.4739495632612798,0.1022104306502829,-0.3717391326109969,0.07231884157934332,0.44657706637099437,0.374258224791651,-0.025246104660551716,0.4685724706328648,0.49381857529341655,0.21769016013334488,0.18094509535878484,0.3175671264491695,0.3946983111467236,0.6053016888532764,0.7275144365570348,0.6867734125193287,0.7156040477781836,0.7071439245381818,-0.7275144365570348,-0.6867734125193287,-0.7071439245381818,0.0119103887788512,-0.028830635258854986,-17.512920379638672,27.99512481689453,10.48220443725586,-132.8408203125,-584.14306640625,-716.98388671875,,,,,,,,,,,,,,,,,,,,,,,,,,,,,,,,,,,,SAD,Oxytocin,1,Female,0,27,1.0
N138,phase2_extinction,phase2_ext_roi,24,4837,1.4916350814258703,1.488815661921123,1.5193569125964193,1.2215949604517362,1.218037010385764,1.2035710880144634,-0.4916350814258703,-0.002819419504747289,0.030541250675296228,0.012451205832900714,-0.01079091125162246,0.9981098396511628,1.0185848545196463,0.02772183117054894,0.02772183117054894,0.02772183117054894,0.49929514559072785,0.8204437631827916,0.3197389087735194,0.3197389087735194,0.1598694543867597,0.3211486175920637,0.8395519304289802,0.0014097088185442974,0.6408875263655831,0.23004366165096676,0.3015760745202387,0.8189434049483534,-0.05273820988738124,0.0006304258018150713,-0.2607104489287808,0.04521234853553202,0.3059227974643128,-0.5087178716625769,-0.15523203077628334,0.35348584088629353,-0.13666478205403831,0.48900305515934744,0.6256678372133857,-0.006309557589647907,0.4663968808915815,0.4727064384812293,0.20955425692085006,0.15209155922795,0.2305510699956731,0.5019927853710274,0.49800721462897257,0.7185757011175481,0.6934607077018248,0.7178829579062744,0.7060182044096864,-0.7185757011175481,-0.6934607077018248,-0.7060182044096864,0.0006927432112736609,-0.024422250204449658,-1.0176429748535156,-2.230121612548828,-3.2477645874023438,4.6884765625,251.75390625,256.4423828125,,,,,,,,,,,,,,,,,,,,,,,,,,,,,,,,,,,,SAD,Oxytocin,1,Male,1,30,0.0
N141,phase2_extinction,phase2_ext_roi,24,4837,1.554418186385393,1.5044527950501914,1.4389093698640885,1.2190071076225033,1.2428443558551372,1.218567807475424,-0.554418186385393,-0.049965391335201614,-0.0655434251861029,-0.08273710392825295,0.01169897404277731,0.9678558823800507,0.9256899933429074,-0.11550881652130451,-0.11550881652130451,-0.11550881652130451,0.4875112502803768,0.8082857042960995,0.29579695457647626,0.29579695457647626,0.14789847728823813,0.3207744540157227,0.8522969063968411,0.02497749943924643,0.6165714085921989,0.2097423917078166,0.28448375357149375,0.7772402544874595,-0.004306620578683785,-0.0210866374159066,0.026178932352026174,-0.11873847042701569,-0.14491740277904186,-0.06128439548978437,-0.0816416372098826,-0.02035724172009823,-0.017725861623622108,0.3909308760017606,0.4086567376253827,-0.030815327799635195,0.4503001112152684,0.4811154390149036,0.2032829846080401,0.08606729536005912,0.19160418077888133,0.5267412912354488,0.47325870876455123,0.7251713773186521,0.6859619714710994,0.695081454856388,0.7055666743948757,-0.7251713773186521,-0.6859619714710994,-0.7055666743948757,0.030089922462264163,-0.009119483385288563,-3.4609156250953674,-7.7902867794036865,-11.251202404499054,-51.3681640625,-9.212890625,-60.5810546875,,,,,,,,,,,,,,,,,,,,,,,,,,,,,,,,,,,,SAD,Placebo,0,Female,0,22,0.0
N142,phase2_extinction,phase2_ext_roi,24,4837,1.1613844446004156,1.6165005162150705,1.6775399642203328,1.0244976506304506,1.323408925238722,1.2933075129443412,-0.16138444460041557,0.45511607161465495,0.06103944800526229,0.4856357956172861,0.2838605684610811,1.39187373295025,1.4444312196321805,0.5161555196199172,0.5161555196199172,0.5161555196199172,0.6118549350301831,0.8425785069740158,0.4544334420041989,0.4544334420041989,0.22721672100209944,0.4544334420041989,0.795848580563356,0.22370987006036613,0.6851570139480316,0.3549193138883284,0.4044252374362042,1.142027419270722,-0.045382244333259866,0.015373254439965622,-0.34147984428371314,0.104951092938121,0.4464309372218341,0.17143964034978376,0.011831321028854647,-0.15960831932092912,-0.013361259221218363,0.6049355113250792,0.6182967705462975,0.15737866292063823,0.5524599648560187,0.3950813019353805,0.35080036549388677,0.27918929719119195,0.37987184712447714,0.24098632302632053,0.7590136769736795,0.6369893683936003,0.6768280636630334,0.7307070589699773,0.6569087160283169,-0.6369893683936003,-0.6768280636630334,-0.6569087160283169,-0.09371769057637702,-0.053878995306943955,-6.922035217285156,31.386352062225342,24.464316844940186,549.3310546875,-155.3017578125,394.029296875,,,,,,,,,,,,,,,,,,,,,,,,,,,,,,,,,,,,SAD,Oxytocin,1,Female,0,20,0.0
N143,phase2_extinction,phase2_ext_roi,24,4837,1.5802173562234727,1.2453540179355942,1.647207812174313,1.2301340284458613,1.0743993610853657,1.2282752780140167,-0.5802173562234727,-0.3348633382878785,0.4018537942387188,-0.1339364411685191,-0.07879670889617008,0.7880903251378883,1.042393184243342,0.0669904559508403,0.0669904559508403,0.0669904559508403,0.4170577706977602,0.8385133210844226,0.25557109178218274,0.25557109178218274,0.12778554589109137,0.4214555503866624,0.8089562423164592,0.16588445860447965,0.6770266421688451,0.21351318350505727,0.3392191271195371,0.5536698884986023,-0.010144483437893797,0.027769660782993366,0.020368905618963068,0.06566862649712885,0.045299720878165695,-0.03947752115884806,0.4622159308889574,0.5016934520478055,-0.08373061869893683,0.5537757517670974,0.6375063704660341,-0.09391507150841837,0.5209414385185329,0.6148565100269512,0.33448389092441144,0.38926295983508913,0.43273478705447505,0.6641745961894212,0.3358254038105788,0.7059182011157918,0.6825632643734101,0.7167710231886877,0.694240732744601,-0.7059182011157918,-0.6825632643734101,-0.694240732744601,-0.01085282207289584,-0.0342077588152776,8.430117130279541,-0.26380300521850586,8.166314125061035,-230.69140625,-62.0849609375,-292.7763671875,,,,,,,,,,,,,,,,,,,,,,,,,,,,,,,,,,,,SAD,Oxytocin,1,Male,1,23,0.0
N144,phase2_extinction,phase2_ext_roi,24,4837,1.4087498671164258,1.5877691162821994,1.4981066404370187,1.1179281973939639,1.18804052129452,1.2261095554843235,-0.4087498671164258,0.1790192491657736,-0.08966247584518072,0.13418801124318325,0.08914684099545789,1.1270766671030408,1.0634298286531159,0.08935677332059289,0.08935677332059289,0.08935677332059289,0.5446356693240015,0.8172919185197083,0.3619275878437098,0.3619275878437098,0.1809637939218549,0.3619275878437098,0.8401046346370845,0.08927133864800307,0.6345838370394166,0.2978652242883749,0.35081211186822464,0.9262801474538316,0.03930617827899264,0.06514934322318752,0.21488669789848816,0.2908675196292324,0.07598082173074416,0.2377846795066514,0.3237556910322259,0.08597101152557451,0.14505457887832815,0.703552978462282,0.5584983995839539,0.03761122992908407,0.5581192186476658,0.5205079887185817,0.22233108481420713,0.21720383622966902,0.25402253566428906,0.38906252979528194,0.6109374702047181,0.7462452601714706,0.6272358094953728,0.6979052829853757,0.6867405348334217,-0.7462452601714706,-0.6272358094953728,-0.6867405348334217,0.04833997718609495,-0.07066947349000285,10.140724182128906,-5.535121917724609,4.605602264404297,355.8544921875,-2095.005859375,-1739.1513671875,,,,,,,,,,,,,,,,,,,,,,,,,,,,,,,,,,,,SAD,Oxytocin,1,Female,0,18,0.0
N145,phase2_extinction,phase2_ext_roi,24,4837,1.773739709313124,1.7825982043710218,0.7888459075279622,1.2800651755451908,1.234334916443137,0.9012913974717622,-0.773739709313124,0.00885849505789782,-0.9937522968430595,-0.488017653363632,-0.21225201858774123,1.0049942418052906,0.44473599984187123,-0.9848938017851617,-0.9848938017851617,-0.9848938017851617,0.5022146092822526,0.6875834708475815,0.18979808012983412,0.18979808012983412,0.09489904006491706,0.18979808012983412,0.9479645546657329,0.004429218564505177,0.37516694169516307,0.12285886027022297,0.1868105839601557,0.5786525845731757,0.020533766886489346,0.05343700549764353,0.1162505968144863,0.23621102545205613,0.11996042863756987,0.19963605797321837,0.43114755401944316,0.23151149604622479,0.04097636040811817,0.38097217126559896,0.3399958108574808,-0.01714893799912498,0.2628666585395709,0.2800155965386959,0.21778634025274335,0.19809956384430358,0.20836733666252294,0.46740129117651136,0.5325987088234887,0.9601583810408424,0.6473138078178697,0.6447163208540699,0.8037360944293561,-0.9601583810408424,-0.6473138078178697,-0.8037360944293561,0.31544206018677245,0.0025974869637998,36.37523651123047,-29.102794647216797,7.272441864013672,14455.3291015625,-14019.5078125,435.8212890625,,,,,,,,,,,,,,,,,,,,,,,,,,,,,,,,,,,,SAD,Placebo,0,Female,0,34,0.0
N146,phase2_extinction,phase2_ext_roi,24,4837,1.5039427893224202,1.420373560353644,1.5718685482864467,1.3162075200075276,1.203659690602875,1.3306932061724754,-0.5039427893224202,-0.08356922896877617,0.1514949879328027,-0.007821735002374819,-0.04903107161985254,0.9444332330947514,1.0451651146537153,0.06792575896402653,0.06792575896402653,0.06792575896402653,0.47911984327469825,0.8280498214697959,0.30716966474449414,0.30716966474449414,0.15358483237224707,0.34892997819509763,0.8304441180715423,0.04176031345060349,0.6560996429395918,0.2260676223211106,0.341933985487587,0.6453286353227965,0.02084461010666427,-0.06785219208044088,0.1058596837595456,-0.27567019462948705,-0.38152987838903274,0.1659447158736862,-0.3043817834646353,-0.4703264993383216,0.024553498038188598,0.34267649116906185,0.3181229931308732,-0.028376343841584203,0.4805115884838054,0.5088879323253896,0.31702133137841065,0.21238181221673091,0.2972741014104524,0.5462537246145625,0.45374627538543755,0.7088693694235528,0.6899945447061712,0.6577857091778545,0.6994319570648619,-0.7088693694235528,-0.6899945447061712,-0.6994319570648619,0.051083660245698326,0.03220883552831666,-13.024503707885742,-14.09730339050293,-27.121807098388672,1010.09375,460.6162109375,1470.7099609375,,,,,,,,,,,,,,,,,,,,,,,,,,,,,,,,,,,,SAD,Oxytocin,1,Male,1,33,1.0
N147,phase2_extinction,phase2_ext_roi,24,4837,1.686389725051363,1.1130039356251529,1.64501089228836,1.235734102804629,0.9546999021482103,1.2882765171997252,-0.6863897250513631,-0.5733857894262102,0.5320069566632071,-0.30738231109460656,-0.11424589313066114,0.6599921195507358,0.975463060582646,-0.04137883276300314,-0.04137883276300314,-0.04137883276300314,0.36045593923465735,0.8382156176712564,0.19867155690591376,0.19867155690591376,0.09933577845295688,0.47775967843659906,0.7908111639109479,0.2790881215306853,0.6764312353425128,0.15416864110111336,0.3615748783393412,0.37507827096894814,-0.024778662451363724,0.004062999882283134,-0.0002916411948478137,-0.020796255821530774,-0.02050461462668285,-0.25483392416881234,0.07204200824120799,0.32687593241002033,-0.20484575989529094,0.5026390935893283,0.7074848534846193,-0.20469993929786703,0.5130372215000938,0.7177371607979608,0.20924919385215143,0.3600944580976293,0.4443633425989535,0.8354892283772768,0.1645107716227232,0.6450180763593459,0.6871530102051386,0.7645534559616124,0.6660855432822423,-0.6450180763593459,-0.6871530102051386,-0.6660855432822423,-0.11953537960226646,-0.07740044575647376,-26.735572576522827,5.313924074172974,-21.421648502349854,-1529.6689453125,359.00146484375,-1170.66748046875,,,,,,,,,,,,,,,,,,,,,,,,,,,,,,,,,,,,SAD,Oxytocin,1,Female,0,18,0.0
N148,phase2_extinction,phase2_ext_roi,24,4837,1.3380500477283892,1.537424732441998,1.6119879291789199,1.1785983219645289,1.2052949741958758,1.196694415165668,-0.3380500477283892,0.19937468471360886,0.0745631967369218,0.23665628308206976,0.022396372716243063,1.1490038982936766,1.2047291653016299,0.27393788145053066,0.27393788145053066,0.27393788145053066,0.5496792165976991,0.8336872013441303,0.3833664179418294,0.3833664179418294,0.19168320897091473,0.38336641794182946,0.8210335689208654,0.09935843319539828,0.6673744026882606,0.25057893257680625,0.3040439052202434,0.8872664776922738,-0.03489408384727495,0.0328487763053761,-0.04560814435327984,0.09782824801051088,0.14343639236379063,-0.30173780400223715,0.025886055835158128,0.3276238598373953,0.03094168928719873,0.49632622769502927,0.4653845384078305,0.05374576146383865,0.4474121036897738,0.3936663422259352,0.27764878970745555,0.32460667688499784,0.5819263911839226,0.3779191822324373,0.6220808177675627,0.6994146704088922,0.7273931281038633,0.7015742059554877,0.7134038992563777,-0.6994146704088922,-0.7273931281038633,-0.7134038992563777,-0.002159535546595537,0.025818922148375556,-13.214874267578125,14.738746643066406,1.5238723754882812,984.89453125,-978.359375,6.53515625,,,,,,,,,,,,,,,,,,,,,,,,,,,,,,,,,,,,SAD,Placebo,0,Female,0,33,0.0
N149,phase2_extinction,phase2_ext_roi,24,4837,1.409480247966692,1.4919974879266074,1.5927985679931123,1.156667919406469,1.1848968306722891,1.3007433395156567,-0.4094802479666919,0.08251723995991544,0.1008010800665049,0.13291777999316778,0.08615216568750372,1.0585444382732643,1.1300609277712583,0.18331832002642034,0.18331832002642034,0.18331832002642034,0.5206176123774922,0.8310094777440393,0.35162709012153154,0.35162709012153154,0.17581354506076574,0.3516270901215315,0.8270817083008228,0.04123522475498431,0.6620189554880787,0.23002039450072362,0.30012164224237736,0.6938227512689362,0.02176766756618743,-0.04358995993782104,0.08660769159176046,-0.22310294268313052,-0.309710634274891,0.32767059525904374,-0.37017697282412076,-0.6978475680831645,0.07094602247960818,0.320847140976154,0.24990111849654584,0.027642176683727954,0.43239861231771926,0.40475643563399133,0.30537184596127614,0.44671840359781784,0.5695520879653555,0.36608712005894756,0.6339128799410525,0.6475207030024599,0.7268384520691646,0.6190056612187278,0.6871795775358123,-0.6475207030024599,-0.7268384520691646,-0.6871795775358123,0.028515041783732098,0.10783279085043684,-1.2926292419433594,31.40489387512207,30.11226463317871,404.0341796875,-1309.0498046875,-905.015625,,,,,,,,,,,,,,,,,,,,,,,,,,,,,,,,,,,,SAD,Placebo,0,Female,0,18,0.0
N150,phase2_extinction,phase2_ext_roi,24,4837,1.5770079689262573,1.387885801736671,1.5289807681909129,1.2787597781511413,1.230774768994629,1.2002097542209054,-0.5770079689262573,-0.1891221671895862,0.1410949664542418,-0.11857468396246529,-0.06326751654337404,0.8800753200257398,0.9695453597082972,-0.04802720073534439,-0.04802720073534439,-0.04802720073534439,0.4528598803331443,0.8218571394908801,0.2747170198240244,0.2747170198240244,0.1373585099120122,0.36899725915773585,0.8347879977965934,0.09428023933371144,0.6437142789817603,0.1845438356249422,0.2610819987336821,0.6011664139072548,-0.05500931296529803,-0.06421039366861307,-0.18859094169023385,-0.27197646988970947,-0.08338552819947564,-0.4807972146927554,-0.5719331430684363,-0.09113592837568096,-0.14262576030972376,0.28142972576963643,0.42405548607936017,-0.04833028946460684,0.41741796071449117,0.465748250179098,0.1600355957195387,0.24523524394674626,0.20746528908629824,0.5755933638621272,0.4244066361378728,0.6906848463613895,0.7235129624765577,0.644674772208121,0.7070989044189736,-0.6906848463613895,-0.7235129624765577,-0.7070989044189736,0.04601007415326852,0.07883819026843675,-3.7138805389404297,-12.433891296386719,-16.14777183532715,724.7587890625,686.2392578125,1410.998046875,,,,,,,,,,,,,,,,,,,,,,,,,,,,,,,,,,,,SAD,Placebo,0,Female,0,19,0.0
N151,phase2_extinction,phase2_ext_roi,24,4837,1.321560294407371,1.4938498247545842,1.6645622844350285,1.1265695197489052,1.2080046308247896,1.3536488760949112,-0.321560294407371,0.17228953034721317,0.17071245968044435,0.25764576018743535,0.15425723371094513,1.1303682622523028,1.2595431921523024,0.3430019900276575,0.3430019900276575,0.3430019900276575,0.5429661523295841,0.8408494852148815,0.38381563754446557,0.38381563754446557,0.19190781877223279,0.38381563754446557,0.8134700860423298,0.08593230465916823,0.6816989704297629,0.3187118946404949,0.3541686281663229,0.9914813139539418,0.019901622037008574,0.051469319631695175,0.1563839213623144,0.21983819212691863,0.06345427076460419,-0.019758980586798813,0.18371925215186513,0.20347823273866394,0.12414227860801896,0.7013925674175873,0.5772502888095683,0.04595031792686176,0.5914734713541279,0.5455231534272662,0.24511364319805243,0.1793589420974327,0.2585362197571779,0.37773491283818744,0.6222650871618125,0.6907828712479576,0.6492253597669599,0.7388543908411962,0.6700041155074588,-0.6907828712479576,-0.6492253597669599,-0.6700041155074588,-0.04807151959323863,-0.08962903107423625,23.478325188159943,-34.31820297241211,-10.839877784252167,224.3427734375,614.4609375,838.8037109375,,,,,,,,,,,,,,,,,,,,,,,,,,,,,,,,,,,,SAD,Oxytocin,1,Female,0,22,1.0
N153,phase2_extinction,phase2_ext_roi,24,4837,1.5208509556235836,1.3384656110778272,1.6269741561051871,1.264234546403364,1.1952916042142923,1.1885570152953306,-0.5208509556235836,-0.1823853445457564,0.2885085450273599,-0.03813107203207644,-0.07231023664855263,0.8800767736824402,1.0697788230933534,0.10612320048160351,0.10612320048160351,0.10612320048160351,0.45452963944624003,0.8357547067493022,0.2902843461955422,0.2902843461955422,0.1451421730977711,0.38122506730306216,0.8191978238538639,0.09094072110751994,0.6715094134986044,0.19859057098364424,0.30573117605916833,0.6395800750115123,0.03125537322887167,0.016316453373246328,0.18632083232503452,-0.01432892690465204,-0.2006497592296866,0.4502304018971697,0.29939913693483766,-0.150831264962332,0.049022965518583594,0.4341541291588962,0.3851311636403126,-0.044137450643933665,0.4413185926112222,0.4854560432551558,0.2976151679580084,0.23084106800376203,0.35394290711056653,0.6061906160041634,0.39380938399583665,0.7380130930712895,0.7289690866348675,0.7093606436762874,0.7334910898530784,-0.7380130930712895,-0.7289690866348675,-0.7334910898530784,0.02865244939500211,0.019608442958580108,15.357587814331055,8.554797172546387,23.91238498687744,-689.42431640625,234.267578125,-455.15673828125,,,,,,,,,,,,,,,,,,,,,,,,,,,,,,,,,,,,SAD,Placebo,0,Female,0,25,0.0
N154,phase2_extinction,phase2_ext_roi,24,4837,1.2875072500681881,1.6216043393498816,1.5715421662624771,1.110120043110896,1.1931630390557217,1.2751827363406334,-0.2875072500681881,0.33409708928169346,-0.05006217308740446,0.30906600273799123,0.12405284458728172,1.2594914138689977,1.2206083918930648,0.284034916194289,0.284034916194289,0.284034916194289,0.5827559265631322,0.8280033451395985,0.41075927170273074,0.41075927170273074,0.20537963585136537,0.41075927170273074,0.8212000089300686,0.16551185312626449,0.656006690279197,0.18803009397707132,0.22358248879727183,0.6320964605014077,0.01740523459835508,-0.1228808961981293,0.10801841659515252,-0.39262708686652725,-0.5006455034616798,0.02106981396675911,-0.919373850858043,-0.9404436648248021,0.18478732707328596,0.04896852574516933,-0.13581880132811663,0.13077811877570972,0.24528206917843293,0.11450395040272326,0.14814948127992272,0.40602732170872774,0.4585260862633797,0.3198031548839906,0.6801968451160094,0.6894664623023341,0.8367973519974878,0.6723895972442319,0.763131907149911,-0.6894664623023341,-0.8367973519974878,-0.763131907149911,0.017076865058102242,0.16440775475325597,12.32136344909668,-9.319808959960938,3.001554489135742,740.4306640625,11.025390625,751.4560546875,,,,,,,,,,,,,,,,,,,,,,,,,,,,,,,,,,,,SAD,Oxytocin,1,Male,1,19,1.0
N155,phase2_extinction,phase2_ext_roi,24,4837,1.5647503087618764,1.4066101057376148,1.5243274987671125,1.1742566603383469,1.0509103226542797,1.1912336421795202,-0.5647503087618764,-0.15814020302426157,0.11771739302949769,-0.09928150650951273,-0.05318467792144688,0.8989358167062772,0.974166600568742,-0.040422809994763886,-0.040422809994763886,-0.040422809994763886,0.4605471358277864,0.8211748430699513,0.28172197889773765,0.28172197889773765,0.14086098944886882,0.36062770724216486,0.8365021531447432,0.07890572834442722,0.6423496861399025,0.1666207619795043,0.2750636192378729,0.5310920658990155,0.03520126873336199,-0.04054243960772707,0.04329223502348781,-0.17304362967096165,-0.21633586469444943,0.43409148414056375,-0.01090142892664403,-0.4449929130672078,-0.028092290144256155,0.2964581167795278,0.324550406923784,-0.04973840765600006,0.38297993161500865,0.43271833927100867,0.17994775830223902,0.3864792256956344,0.43119090087080686,0.6215106334614349,0.37848936653856513,0.7073933849137692,0.7435627293008973,0.6943637506044358,0.7254780571073333,-0.7073933849137692,-0.7435627293008973,-0.7254780571073333,0.01302963430933346,0.049198978696461504,9.34179949760437,-3.450880527496338,5.890918970108032,-125.892578125,18.775390625,-107.1171875,,,,,,,,,,,,,,,,,,,,,,,,,,,,,,,,,,,,SAD,Oxytocin,1,Female,0,26,1.0
N156,phase2_extinction,phase2_ext_roi,24,4837,1.3600873670739808,1.5536929548974951,1.5774829743169643,1.1547998965190953,1.2657954466355126,1.2675523413224945,-0.3600873670739808,0.19360558782351434,0.02379001941946912,0.2055005975332489,0.11187399745990834,1.142347896971169,1.1598394345153595,0.21739560724298346,0.21739560724298346,0.21739560724298346,0.548250775212516,0.8288477503272644,0.3770985255397804,0.3770985255397804,0.1885492627698902,0.3770985255397804,0.8268029065603021,0.09650155042503195,0.6576955006545289,0.27036359442141483,0.30715392456008017,0.9289615421866985,-0.016560797279720735,0.00422652268583532,-0.17733254145085525,0.00428389427235748,0.18161643572321262,-0.07541657807707547,0.15041284370697405,0.22582942178404952,-0.023518108678386662,0.4777209739319675,0.5012390826103541,0.06514816204704096,0.4755790267957888,0.4104308647487478,0.24310485664068376,0.2860998464322998,0.37014914738671423,0.38236099931500755,0.6176390006849924,0.704321762608683,0.7019498625845684,0.7040790212107761,0.7031358125966256,-0.704321762608683,-0.7019498625845684,-0.7031358125966256,0.00024274139790680938,-0.002129158626207772,5.673702239990234,-10.88193130493164,-5.208229064941406,-293.2685546875,659.6513671875,366.3828125,,,,,,,,,,,,,,,,,,,,,,,,,,,,,,,,,,,,SAD,Placebo,0,Male,1,19,1.0
N157,phase2_extinction,phase2_ext_roi,24,4837,1.5368702738460178,1.2270512128780544,1.6997336158220906,1.2280371999090063,1.077889258143009,1.2769808459758083,-0.5368702738460178,-0.3098190609679634,0.4726824029440362,-0.07347785949594532,-0.05060214784959749,0.7984090952733882,1.105970772997515,0.16286334197607277,0.16286334197607277,0.16286334197607277,0.4231589046475075,0.8454999404094752,0.2686588450569827,0.2686588450569827,0.13432942252849134,0.4223410357619677,0.8019417088599728,0.153682190704985,0.6909998808189504,0.26870408638858084,0.4019369043247073,0.640593023106511,0.019456826021201287,0.027940733602814998,0.10329804243299351,-0.009359457548925865,-0.11265749998191943,0.01245794844409187,0.38529154168238433,0.37283359323829246,-0.06043683569752778,0.6448143009167233,0.705251136614251,-0.11208585691402453,0.6494940296911862,0.7615798866052108,0.18929770115300107,0.21117737381452356,0.21043687948703024,0.6275600336466429,0.3724399663533571,0.6512314033347809,0.6121033014311886,0.7924786345530129,0.6316673523829848,-0.6512314033347809,-0.6121033014311886,-0.6316673523829848,-0.14124723121823202,-0.1803753331218243,-25.851806640625,-13.41252326965332,-39.26432991027832,-1176.8798828125,127.603515625,-1049.2763671875,,,,,,,,,,,,,,,,,,,,,,,,,,,,,,,,,,,,SAD,Oxytocin,1,Female,0,20,0.0
N158,phase2_extinction,phase2_ext_roi,24,4837,1.5599507095118774,1.5474809385031703,1.3867631919334211,1.2683508860682067,1.3880925079141497,1.1655488146788873,-0.5599507095118774,-0.012469771008707164,-0.16071774656974913,-0.09282864429358173,0.008469775228311827,0.99200629811395,0.888978846951878,-0.1731875175784563,-0.1731875175784563,-0.1731875175784563,0.4968825976428076,0.8000750023797631,0.29695760002257077,0.29695760002257077,0.14847880001128538,0.3031924047369555,0.8608750118958736,0.006234804714384756,0.6001500047595263,0.2018739018329056,0.26996885160326833,0.7311938731744457,-0.045019372060166964,0.030596256082398497,-0.19888481190543594,0.17078832910739317,0.3696731410128291,-0.452815518592806,-0.0867651801137489,0.3660503384790571,-0.08606358268347192,0.47576314495026173,0.5618267276337336,0.013378823269246054,0.39036898039656515,0.3769901571273191,0.209136533856524,0.24511485822391413,0.16945820022333993,0.5125716282935961,0.48742837170640385,0.721393748811824,0.7155807289347709,0.729766109054655,0.7184872388732975,-0.721393748811824,-0.7155807289347709,-0.7184872388732975,-0.008372360242830945,-0.014185380119884128,3.3066015243530273,16.94006586074829,20.24666738510132,-691.8505859375,805.2626953125,113.412109375,,,,,,,,,,,,,,,,,,,,,,,,,,,,,,,,,,,,SAD,Placebo,0,Male,1,18,0.0
N201,phase2_extinction,phase2_ext_roi,24,4837,1.602816422508682,1.5714498199052205,1.3102904532896504,1.3577429356121267,1.2792549238092703,1.232793783860086,-0.6028164225086821,-0.03136660260346158,-0.26115936661557004,-0.1619462859112466,-0.10171858177744864,0.9804303150583704,0.8174925254783055,-0.2925259692190316,-0.2925259692190316,-0.2925259692190316,0.4921589922122095,0.7875617551641027,0.27972074737631214,0.27972074737631214,0.13986037368815607,0.29540276295189316,0.8729700869292089,0.01568201557558102,0.5751235103282053,0.17401811377904408,0.24334908001179925,0.7590235340597079,-0.01703625676302138,-0.004022476525587688,-0.0773478720364226,0.00649466308632396,0.08384253512274659,-0.23339717265963555,-0.09169861008687541,0.14169856257276014,-0.047676893724192426,0.3602865168072312,0.40796341053142365,-0.009002957705981127,0.35703918526406925,0.36604214297005033,0.25788480319382745,0.105463975802711,0.2798100576003888,0.5467830974675492,0.45321690253245084,0.6840203719692985,0.7235511283242592,0.7234436769011783,0.7037857501467788,-0.6840203719692985,-0.7235511283242592,-0.7037857501467788,-0.03942330493187973,0.00010745142308088429,-5.885564804077148,-2.6018123626708984,-8.487377166748047,1155.609375,-689.375,466.234375,,,,,,,,,,,,,,,,,,,,,,,,,,,,,,,,,,,,HC,Placebo,0,Male,1,45,0.0
N202,phase2_extinction,phase2_ext_roi,24,4837,1.7081240317678068,1.5964348481181718,1.1443998509878948,1.146095789072489,1.134637637748118,1.026245387516231,-0.7081240317678068,-0.11168918364963498,-0.45203499713027706,-0.3377066822147734,-0.06565427644031452,0.9346129491075816,0.6699746757287656,-0.563724180779912,-0.563724180779912,-0.563724180779912,0.4721066942533588,0.7584865408126676,0.23059323506602647,0.23059323506602647,0.11529661753301323,0.2863798465593088,0.8976509793719244,0.055786611493282345,0.5169730816253353,0.18004709264314045,0.25538186505513155,0.7321068587068141,0.01535613774601217,-0.016789262197568294,0.00940610164695993,-0.07022340393341742,-0.07962950558037729,0.10588402770126715,0.0027222489057769916,-0.10316177879549016,-0.019693803305314644,0.3493793374483668,0.3690731407536815,-0.02439685412879461,0.3844910394150755,0.4088878935438701,0.18563780395500257,0.15176845580191145,0.29054074006389574,0.6856515115959573,0.3143484884040427,0.93863767748809,0.6609133568925804,0.6283026805396827,0.7997755171903351,-0.93863767748809,-0.6609133568925804,-0.7997755171903351,0.31033499694840727,0.032610676352897605,-22.25108814239502,3.2133941650390625,-19.037693977355957,2637.0029296875,-2474.1240234375,162.87890625,,,,,,,,,,,,,,,,,,,,,,,,,,,,,,,,,,,,HC,Oxytocin,1,Male,1,20,0.0
N203,phase2_extinction,phase2_ext_roi,24,4837,1.4841541562880554,1.4682627951176823,1.5464139391610305,1.2085246582064855,1.181904478417256,1.2099292863433102,-0.48415415628805536,-0.015891361170373042,0.07815114404334822,0.02318421085130118,-0.012607775826202428,0.9892926412017438,1.041949666879075,0.06225978287297518,0.06225978287297518,0.06225978287297518,0.4960272433121832,0.8243951896139763,0.32042243292615946,0.32042243292615946,0.16021121646307973,0.3283679463017931,0.8351607268049743,0.00794551337563365,0.6487903792279526,0.22083074652814483,0.2857279168964141,0.8140220565080983,-0.026894672514497446,0.016649851969546988,-0.1661424783752244,0.036135648396715514,0.20227812677193996,-0.04500712651017058,0.026474961908235284,0.07148208841840586,-0.09921928944003983,0.475877367507075,0.5750966569471149,-0.01614805025242763,0.45780954330871726,0.47395759356114486,0.23247630419158474,0.12825076785364742,0.26695677263473905,0.5005072310951852,0.49949276890481475,0.7147964327467072,0.7058263042873283,0.7192975564557977,0.7103113685170177,-0.7147964327467072,-0.7058263042873283,-0.7103113685170177,-0.004501123709090504,-0.01347125216846945,-9.32362687587738,11.264002203941345,1.9403753280639648,212.33935546875,-25.9580078125,186.38134765625,,,,,,,,,,,,,,,,,,,,,,,,,,,,,,,,,,,,HC,Oxytocin,1,Female,0,22,1.0
N204,phase2_extinction,phase2_ext_roi,24,4837,1.3534118001062532,1.6342068108150298,1.4991333805239357,1.1714663043207771,1.300135687671871,1.1610015574682073,-0.35341180010625317,0.28079501070877666,-0.1350734302910941,0.21325829556322962,0.05910231824926204,1.2074719598366237,1.1076697937239386,0.14572158041768257,0.14572158041768257,0.14572158041768257,0.569741120620102,0.8174451873992111,0.3871863080193131,0.3871863080193131,0.19359315400965654,0.3871863080193131,0.8357771737860914,0.13948224124020392,0.6348903747984223,0.22789718788839675,0.26390852236170836,0.8545506115780347,-0.03502881766512854,0.07545239327309967,-0.09063801206758432,0.19820782404302384,0.28884583611060816,-0.5454768205080834,0.9258614825312471,1.4713383030393306,0.06104540087264215,0.4485338808918711,0.3874884800192289,0.10636440690643431,0.34942996887035915,0.24306556196392484,0.2750954800278434,0.29666962537067726,0.5034184036659889,0.23744734808561532,0.7625526519143847,0.709799489447374,0.7591566214558474,0.7152133159441904,0.7344780554516107,-0.709799489447374,-0.7591566214558474,-0.7344780554516107,-0.005413826496816321,0.04394330551165704,5.84504508972168,-26.646252155303955,-20.801207065582275,-1619.53515625,1196.2451171875,-423.2900390625,,,,,,,,,,,,,,,,,,,,,,,,,,,,,,,,,,,,HC,Placebo,0,Female,0,28,0.0
N206,phase2_extinction,phase2_ext_roi,24,4837,1.4419437257288448,1.5293744781862944,1.5270868430071056,1.172810476558545,1.1205344231997474,1.1120460486938946,-0.44194372572884477,0.08743075245744958,-0.0022876351791887295,0.08628693486785521,-0.056520240611724004,1.0606339486701657,1.0590474546048945,0.08514311727826085,0.08514311727826085,0.08514311727826085,0.5218437751536077,0.8215796846809958,0.34342345983460354,0.34342345983460354,0.17171172991730177,0.34342345983460354,0.8376159288819562,0.043687550307215384,0.6431593693619917,0.2077455826872168,0.23700147706150912,0.8210711366016888,-0.001536152302720328,0.04702998073219569,-0.07243758675668655,0.12406391383437954,0.19650150059106608,0.17095263206347155,0.6214472895110092,0.4504946574475377,-0.004032803022590903,0.445337131935871,0.4493699349584619,0.03218599035575237,0.3833051750186812,0.35111918466292885,0.14088352794281453,0.21780481736237423,0.1445982339089627,0.4801244115240729,0.5198755884759271,0.6893968957565833,0.7448961499448843,0.7076130157392506,0.7171465228507338,-0.6893968957565833,-0.7448961499448843,-0.7171465228507338,-0.018216119982667367,0.03728313420563367,15.083389282226562,-5.290420413017273,9.79296886920929,-204.90625,563.21337890625,358.30712890625,,,,,,,,,,,,,,,,,,,,,,,,,,,,,,,,,,,,HC,Placebo,0,Male,1,38,0.0
N207,phase2_extinction,phase2_ext_roi,24,4837,1.4218802687121048,1.5644799522725743,1.5102496494825108,1.157217213858651,1.1890619889046135,1.2207978491024298,-0.4218802687121048,0.14259968356046948,-0.05423030279006347,0.11548453216543786,0.04771270514487069,1.1002895079813835,1.0621496564045803,0.08836938077040601,0.08836938077040601,0.08836938077040601,0.5355896327005287,0.8190982019407766,0.3546878346413054,0.3546878346413054,0.1773439173206527,0.3546878346413054,0.8391940417262029,0.07117926540105746,0.6381964038815533,0.22343943283797296,0.263114517883096,0.8642862817527129,-0.01995875389330937,-0.06250496846194063,-0.16154252482041745,-0.26244993990164345,-0.10090741508122597,0.09615390991357775,-0.5056967999949546,-0.6018507099085324,-0.026122374349554306,0.26100500766446977,0.2871273820140241,0.05464888806065442,0.3922299776152915,0.33758108955463706,0.2199143519317385,0.2595913189790933,0.44212789169463973,0.4093234850599864,0.5906765149400136,0.6897115882304465,0.7465567589221236,0.6868977229307713,0.7181341735762851,-0.6897115882304465,-0.7465567589221236,-0.7181341735762851,0.0028138652996752,0.05965903599135225,-4.799079895019531,-5.133788108825684,-9.932868003845215,257.98486328125,-59.60546875,198.37939453125,,,,,,,,,,,,,,,,,,,,,,,,,,,,,,,,,,,,HC,Placebo,0,Male,1,38,1.0
N209,phase2_extinction,phase2_ext_roi,24,4837,1.3065576712135687,1.535260631207402,1.6399287904699684,1.1322465666570962,1.1917016911030083,1.3424146785784665,-0.3065576712135687,0.22870295999383328,0.10466815926256645,0.2810370396251165,0.13481161818364118,1.1750423676522321,1.2551522325036235,0.33337111925639973,0.33337111925639973,0.33337111925639973,0.5569278216896294,0.837525247693835,0.3944530693834644,0.3944530693834644,0.19722653469173218,0.39445306938346436,0.8154129996732038,0.1138556433792588,0.6750504953876699,0.2860350288653667,0.3049461331260719,1.1269525229546653,-0.01790331742955668,-0.013650387203301832,-0.0532600231226425,-0.033826689659646414,0.019433333462996194,-0.24720725872664628,-0.267411416571259,-0.020204157844612713,0.0380204880659456,0.4905062132736433,0.45248572520769775,0.06465049962726685,0.5074195581034665,0.44276905847619963,0.15310475380288846,0.18626556395483873,0.21898467935652294,0.3869819630773976,0.6130180369226024,0.7191977646417198,0.6918799155178397,0.7146845238882991,0.7055388400797797,-0.7191977646417198,-0.6918799155178397,-0.7055388400797797,0.004513240753420744,-0.02280460837045939,-1.1485786437988281,-4.509586334228516,-5.658164978027344,-64.91845703125,340.201171875,275.28271484375,,,,,,,,,,,,,,,,,,,,,,,,,,,,,,,,,,,,HC,Placebo,0,Female,0,37,1.0
N210,phase2_extinction,phase2_ext_roi,24,4837,1.6618414972351931,1.325890379593137,1.4930311450033327,1.397414301062537,1.1339784083666675,1.3164010907888977,-0.6618414972351931,-0.3359511176420562,0.16714076541019574,-0.25238073493695823,-0.17222455148475446,0.7978440626380922,0.898419697969447,-0.16881035223186047,-0.16881035223186047,-0.16881035223186047,0.4167933330274767,0.816532795035343,0.23332612806281972,0.23332612806281972,0.11666306403140986,0.39973946200786636,0.8337668666998984,0.16641333394504665,0.6330655900706861,0.16682300540666484,0.3036656177831757,0.5026392591623832,0.034229935073225755,-0.02121857226049901,0.18677180996351994,-0.18365784846813543,-0.3704296584316552,0.36775524901360046,-0.012563155442793628,-0.3803184044563941,-0.017500746700278402,0.35270373826130036,0.37020448496157876,-0.11088665168203837,0.44453266249536805,0.5554193141774064,0.29631807933657256,0.21807283799516836,0.49284840706986677,0.7210234098494421,0.27897659015055787,0.6923100431382583,0.7026227329869278,0.6571343600697406,0.6974663880625931,-0.6923100431382583,-0.7026227329869278,-0.6974663880625931,0.035175683068517705,0.045488372917187214,8.333478212356567,6.225159406661987,14.558637619018555,641.4892578125,-160.619140625,480.8701171875,,,,,,,,,,,,,,,,,,,,,,,,,,,,,,,,,,,,HC,Oxytocin,1,Male,1,22,0.0
N211,phase2_extinction,phase2_ext_roi,24,4837,1.396942213805842,1.6715534994561079,1.4135138557334825,1.2466687284008344,1.2022061549860852,1.0256268192513114,-0.39694221380584205,0.2746112856502658,-0.25803964372262533,0.14559146378895305,-0.13275224128213603,1.196580267222586,1.0118627897741488,0.01657164192764049,0.01657164192764049,0.01657164192764049,0.5682246167302931,0.8043195794125506,0.37254419614284373,0.37254419614284373,0.18627209807142187,0.37254419614284373,0.849866017161287,0.13644923346058624,0.6086391588251012,0.271184181621572,0.28079778605681854,1.2028988109958882,0.008019051601702895,-0.026693481412351335,0.04571082529372145,-0.11252955750690624,-0.1582403828006277,-0.10013839100744715,0.005584761372722569,0.10572315238016972,0.10393226206889411,0.40502673506765746,0.30109447299876335,0.08107684942203339,0.46129151382111055,0.3802146643990772,0.13295076404055522,0.15462217650101734,0.2748301130222749,0.277813807082898,0.7221861929171021,0.7175535376461615,0.677373580077128,0.7116693857902361,0.6974635588616447,-0.7175535376461615,-0.677373580077128,-0.6974635588616447,0.00588415185592539,-0.034295805713108085,-3.4308204650878906,-12.739139556884766,-16.169960021972656,935.72265625,176.353515625,1112.076171875,,,,,,,,,,,,,,,,,,,,,,,,,,,,,,,,,,,,HC,Placebo,0,Male,1,35,0.0
N212,phase2_extinction,phase2_ext_roi,24,4837,1.6091408336896214,1.2520069903320838,1.6139585704939834,1.242864146818351,1.1286872817611977,1.2202897801965524,-0.6091408336896214,-0.3571338433575375,0.36195158016189954,-0.17615805327658762,-0.06837561583947593,0.7780592949597499,1.0029939745941165,0.004817736804362038,0.004817736804362038,0.004817736804362038,0.411653558276434,0.8339602567385338,0.24561381501496782,0.24561381501496782,0.12280690750748391,0.4223066984620998,0.8129626471962172,0.17669288344713197,0.6679205134770676,0.19036359586844595,0.3516444320885764,0.5143718853090852,-0.011811848511371062,-0.019964534777028982,0.06765007292924494,-0.09570022520609389,-0.16335029813533886,-0.08672427686536044,-0.13476793082227856,-0.04804365395691812,-0.08045734717388792,0.4471594627723554,0.5276168099462433,-0.11428238363851038,0.49500957537540236,0.6092919590139128,0.2749369251027867,0.2606533648858923,0.38675300950570535,0.7006048711427709,0.2993951288572291,0.7044253744055007,0.6938863715298802,0.7364028112913579,0.6991558729676904,-0.7044253744055007,-0.6938863715298802,-0.6991558729676904,-0.03197743688585719,-0.042516439761477676,11.358270645141602,-5.194135308265686,6.1641353368759155,-1031.046875,262.3876953125,-768.6591796875,,,,,,,,,,,,,,,,,,,,,,,,,,,,,,,,,,,,HC,Oxytocin,1,Female,0,25,0.0
N213,phase2_extinction,phase2_ext_roi,24,4837,1.447145390721771,1.384900667578583,1.6534436470991831,1.19782751019949,1.064696520418317,1.2538040241945452,-0.44714539072177106,-0.06224472314318796,0.2685429795206,0.07202676661711194,-0.03857723789305889,0.9569879204175731,1.1425552997470192,0.20629825637741206,0.20629825637741206,0.20629825637741206,0.4844438414621681,0.8393559261844665,0.32379976764663465,0.32379976764663465,0.16189988382331733,0.3549120847222984,0.8175748998097393,0.031112317075663753,0.678711852368933,0.23091143675185424,0.31219209125915,0.7197262836322442,-0.0058072778538239755,-0.009490676637039758,0.008741580834596918,-0.052967799539244076,-0.06170938037384094,0.1769368261676637,-0.2585848568594302,-0.43552168302709393,-0.023668336331035822,0.46337810048242073,0.48704643681345655,-0.02803912674833428,0.48986200025204274,0.517901127000377,0.2597707560585682,0.34051009676147126,0.5168773723726344,0.4876127756393712,0.5123872243606288,0.7394502441237796,0.7040585947922438,0.6901127219658136,0.7217544194580117,-0.7394502441237796,-0.7040585947922438,-0.7217544194580117,0.04933752215796594,0.013945872826430117,17.729724884033203,24.158458709716797,41.88818359375,-533.3564453125,-483.697265625,-1017.0537109375,,,,,,,,,,,,,,,,,,,,,,,,,,,,,,,,,,,,HC,Oxytocin,1,Male,1,20,0.0
N214,phase2_extinction,phase2_ext_roi,24,4837,0.8472953617016484,1.7338469529204663,1.783409580705432,0.9089415134381986,1.2153645635350034,1.2216882620434983,0.15270463829835157,0.8865515912188179,0.049562627784965674,0.9113329051113007,0.3095848993510524,2.0463311978658987,2.1048262982054977,0.9361142190037836,0.9361142190037836,0.9361142190037836,0.7081780297689817,0.8561173696623493,0.5642953994313311,0.5642953994313311,0.2821476997156655,0.564295399431331,0.7326903163997773,0.4163560595379634,0.7122347393246986,0.13833113209683223,0.37545830371519395,0.2740347579053233,-0.04013008207357575,0.20034229247551774,-0.19884675308407793,0.6650352335140698,0.8638819865981477,-0.23360344879123018,2.0935527003962466,2.327156149187477,0.22198453551158928,0.28777196889707113,0.06578743338548185,0.32140791205362823,-0.044745647859963766,-0.366153559913592,0.26027810802199647,0.6147365131509054,0.6234021310063795,0.18731132841215026,0.8126886715878497,0.6518178081407442,1.0318181057327467,0.5959357537729766,0.8418179569367454,-0.6518178081407442,-1.0318181057327467,-0.8418179569367454,0.05588205436776761,0.4358823519597701,9.701184272766113,65.49538135528564,75.19656562805176,2.19921875,9441.95703125,9444.15625,,,,,,,,,,,,,,,,,,,,,,,,,,,,,,,,,,,,HC,Placebo,0,Male,1,19,0.0
N215,phase2_extinction,phase2_ext_roi,24,4837,1.221514286487637,1.5794048547064992,1.6664454991810147,1.0795709673408755,1.282772143836147,1.3119535813256151,-0.22151428648763694,0.3578905682188622,0.08704064447451554,0.40141089045612,0.21779189524000553,1.2929892505130287,1.364245595792649,0.44493121269337776,0.44493121269337776,0.44493121269337776,0.5885297043698233,0.8411013383417344,0.4296310427115577,0.4296310427115577,0.21481552135577886,0.4296310427115577,0.8044671726349077,0.17705940873964665,0.6822026766834688,0.3660725757509772,0.37531882721793597,1.2980663569816755,0.006599609258382665,0.009612641433514429,0.007495737154457283,-0.039327284112531946,-0.04682302126698923,0.12176236263596474,0.23866648638823185,0.11690412375226711,0.11587618390331822,0.6003531941195988,0.48447701021628053,0.11212831532608958,0.6200168361758647,0.5078885208497752,0.15504286550675753,0.1319907646891658,0.20104359245676545,0.32427226427460953,0.6757277357253905,0.6862940290521894,0.6319243684449538,0.6955051848272946,0.6591091987485715,-0.6862940290521894,-0.6319243684449538,-0.6591091987485715,-0.009211155775105229,-0.06358081638234081,2.459040641784668,-13.829511255025864,-11.370470613241196,-1.671875,-36.5380859375,-38.2099609375,,,,,,,,,,,,,,,,,,,,,,,,,,,,,,,,,,,,HC,Oxytocin,1,Male,1,25,0.0
N216,phase2_extinction,phase2_ext_roi,24,4837,1.4631283056915743,1.3529009329894426,1.6658294696773406,1.1986170747470015,1.2217723246442347,1.15454863759263,-0.46312830569157426,-0.11022737270213168,0.312928536687898,0.04623689564181732,-0.01045659362856921,0.9246632154405195,1.1385395606194362,0.20270116398576632,0.20270116398576632,0.20270116398576632,0.47247102443854394,0.8410189887729653,0.31349001321150927,0.31349001321150927,0.15674500660575463,0.3685479643344214,0.8148392221966565,0.05505795112291212,0.6820379775459307,0.21132264321359304,0.31440253587077305,0.5810522242623989,-0.013083767913937344,-0.012639771114177027,-0.06911280219428653,0.004186479710610702,0.0732992819048972,0.20352541316704564,-0.45695710169573334,-0.660482514862779,-0.047004065869217015,0.43718619105456513,0.48419025692378215,-0.01244766477207375,0.43509295119925984,0.44754061597133354,0.2630816115217036,0.5314226693405325,0.6372345325254402,0.5357534364830283,0.4642465635169717,0.8008609157993948,0.717568913272552,0.7954424086402899,0.7592149145359735,-0.8008609157993948,-0.717568913272552,-0.7592149145359735,0.005418507159104857,-0.07787349536773791,3.335357666015625,-22.474414825439453,-19.139057159423828,2029.734375,454.826171875,2484.560546875,,,,,,,,,,,,,,,,,,,,,,,,,,,,,,,,,,,,HC,Placebo,0,Male,1,20,0.0
N217,phase2_extinction,phase2_ext_roi,24,4837,1.576587074573351,1.283453160732858,1.6200904422373874,1.2053981648491263,1.1624290880834227,1.2204111057935547,-0.576587074573351,-0.2931339138404929,0.3366372815045293,-0.12481527308822837,-0.013978067910637604,0.8140705789684815,1.0275933743779266,0.043503367664036396,0.043503367664036396,0.043503367664036396,0.4272368067719783,0.8348076025215433,0.2620444092935216,0.2620444092935216,0.1310222046467608,0.407570795749565,0.8156284647464593,0.14552638645604343,0.6696152050430866,0.21974204720968948,0.33564801239774794,0.6103221569314696,0.018041583952867087,-0.022593460312028742,0.1326598854945108,-0.0961780016944771,-0.228837887188988,0.12482667026931571,-0.3170365937649432,-0.4418632640342589,-0.04068849519553469,0.4984135315149305,0.5391020267104651,-0.10701843794279009,0.5465025323621691,0.6535209703049591,0.16109584806279875,0.23021606616228898,0.26296395870549555,0.6648681162737672,0.3351318837262328,0.6578336195077653,0.663869291189389,0.798175806467702,0.6608514553485771,-0.6578336195077653,-0.663869291189389,-0.6608514553485771,-0.14034218695993672,-0.13430651527831305,-23.847872018814087,9.743710279464722,-14.104161739349365,-560.1259765625,814.029296875,253.9033203125,,,,,,,,,,,,,,,,,,,,,,,,,,,,,,,,,,,,HC,Placebo,0,Female,0,18,0.0
N219,phase2_extinction,phase2_ext_roi,24,4837,1.2575837136334658,1.6373457935607192,1.5804056369177242,1.0622891364532103,1.1615485971393524,1.2741719733386718,-0.25758371363346577,0.3797620799272534,-0.05694015664299501,0.3512920016057559,0.1555711487858018,1.3019775644280989,1.2567001363150179,0.3228219232842584,0.3228219232842584,0.3228219232842584,0.5938157182241981,0.8292619583855343,0.42307767660973244,0.42307767660973244,0.2115388383048662,0.4230776766097324,0.8169218672561712,0.1876314364483962,0.6585239167710686,0.278577707413361,0.3427493179922865,0.7992716840734777,-0.010496964343657059,-0.06681331357953864,-0.04384039660978176,-0.3181994668704686,-0.27435907026068684,-0.0893214871482284,0.042030348315275856,0.13135183546350426,0.10260408938865423,0.2735313936979426,0.17092730430928837,0.12452428769354511,0.432631127133177,0.3081068394396318,0.43639131900653566,0.5522170673232917,0.7595934261625603,0.28998363415949635,0.7100163658405036,0.721096493164254,0.7243678606166868,0.6989586110814905,0.7227321768904704,-0.721096493164254,-0.7243678606166868,-0.7227321768904704,0.02213788208276346,0.0254092495351963,4.961905479431152,9.454583168029785,14.416488647460938,623.9560546875,-220.6357421875,403.3203125,,,,,,,,,,,,,,,,,,,,,,,,,,,,,,,,,,,,HC,Oxytocin,1,Male,1,19,1.0
N220,phase2_extinction,phase2_ext_roi,24,4837,1.6121546426215647,1.2310024780914914,1.6279418648391712,1.3425586512275518,1.0841870084401035,1.1724926441291466,-0.6121546426215647,-0.3811521645300733,0.3969393867476798,-0.18268247115623337,-0.21421882494292666,0.7635759237426308,1.0097926164787818,0.015787222217606534,0.015787222217606534,0.015787222217606534,0.4058490390739924,0.8358874997870918,0.24173653886108415,0.24173653886108415,0.12086826943054207,0.43003846071309937,0.8091636050297606,0.18830192185201522,0.6717749995741835,0.2102664212688276,0.4381291182728605,0.4670817115803102,-0.11310569959774408,0.014240671651645045,-0.3805250534134182,0.06740811144929981,0.44793316486271795,-0.5548481561144316,-0.031778992476050316,0.5230691636383813,-0.30744716781815185,0.5714215393737478,0.8788687071918997,-0.11718464111144275,0.5377174836490979,0.6549021247605407,0.4256162373174321,0.33825690268653863,0.5126359984773214,0.6934804317398668,0.30651956826013316,0.6434219252480078,0.6679866923604494,0.7948860085423042,0.6557043088042286,-0.6434219252480078,-0.6679866923604494,-0.6557043088042286,-0.1514640832942964,-0.1268993161818548,9.530965805053711,-6.321250915527344,3.209714889526367,-2300.822265625,-1157.7255859375,-3458.5478515625,,,,,,,,,,,,,,,,,,,,,,,,,,,,,,,,,,,,HC,Placebo,0,Female,0,20,0.0
N221,phase2_extinction,phase2_ext_roi,24,4837,1.4683032736928034,1.5530428259544324,1.4771552379827546,1.142721707132236,1.1409149200088362,1.2221875874831336,-0.46830327369280345,0.08473955226162899,-0.07588758797167783,0.04679575827579008,0.03882954661374893,1.0577125606152074,1.0060286961067664,0.008851964289951164,0.008851964289951164,0.008851964289951164,0.5211722201395068,0.8141425116407343,0.3353147317802411,0.3353147317802411,0.16765736589012054,0.33531473178024107,0.8457154804523379,0.04234444027901363,0.6282850232814685,0.20295245599455153,0.23363062149871264,0.8860007631750401,-0.008077581237724016,0.006053334478217913,-0.013127318434133839,-0.026984408040384045,-0.013857089606250095,-0.026226296946190386,-0.02861247227799457,-0.0023861753318041856,0.0181546634499542,0.3676943853018899,0.3495397218519358,0.02471832266702112,0.38118658932208194,0.3564682666550608,0.16222843114090912,0.2363264314681172,0.29295408925455035,0.3915946210142712,0.6084053789857288,0.7060301794043726,0.7431835035556027,0.7071740157773905,0.7246068414799877,-0.7060301794043726,-0.7431835035556027,-0.7246068414799877,-0.001143836373017848,0.036009487778212224,-0.09020423889160156,13.720827102661133,13.630622863769531,440.62939453125,228.67822265625,669.3076171875,,,,,,,,,,,,,,,,,,,,,,,,,,,,,,,,,,,,HC,Placebo,0,Male,1,29,0.0
N222,phase2_extinction,phase2_ext_roi,24,4837,1.3707207993159922,1.5852745725638124,1.5360851358871068,1.1172717005270485,1.3507854280358331,1.274758802117486,-0.3707207993159922,0.2145537732478202,-0.04918943667670561,0.1899590549094674,0.1955004145496111,1.1565262318844385,1.1206404144791773,0.1653643365711146,0.1653643365711146,0.1653643365711146,0.5534336231396064,0.8228948983316309,0.37632852147123735,0.37632852147123735,0.18816426073561865,0.3763285214712373,0.8327244889656719,0.10686724627921285,0.6457897966632618,0.2702936580275219,0.331481203716268,1.0067139972375034,-0.04636619501246173,-0.009399095795598233,-0.24748922642472754,-0.055559175898585667,0.19193005052614176,-0.33276521916535606,-0.12488431936418876,0.2078808998011673,-0.06430880864629829,0.45337192353968553,0.5176807321859838,0.05943580456606548,0.4811515114889784,0.4217157069229129,0.27793206377688245,0.16299051410207913,0.314020162825518,0.38072512157785343,0.6192748784221466,0.7036835160002103,0.6864888549300698,0.7110556085421995,0.69508618546514,-0.7036835160002103,-0.6864888549300698,-0.69508618546514,-0.007372092541989228,-0.024566753612129677,-11.826990604400635,7.718761444091797,-4.108229160308838,18.85546875,-24.681640625,-5.826171875,,,,,,,,,,,,,,,,,,,,,,,,,,,,,,,,,,,,HC,Placebo,0,Male,1,26,1.0
N224,phase2_extinction,phase2_ext_roi,24,4837,1.5143519953377527,1.3839567713118759,1.5943577081866311,1.1686217927309293,1.0817833329755313,1.262800019511894,-0.5143519953377527,-0.13039522402587678,0.21040093687475525,-0.025194755588499262,0.0036698835127833007,0.9138937092787789,1.0528316418949335,0.08000571284887847,0.08000571284887847,0.08000571284887847,0.46744730515184774,0.8312283190648866,0.2986756242167343,0.2986756242167343,0.14933781210836716,0.36378101391303885,0.8259137143763111,0.06510538969630453,0.6624566381297732,0.2341494399409791,0.3338216018090929,0.7202078085823773,0.039502840543188186,0.04318802398353126,0.18642602969233227,0.16659277240633974,-0.01983325728599261,0.47393665860290646,0.151387331127516,-0.32254932747539045,0.06622644380050943,0.5785818371307847,0.5123553933302752,-0.0269865710456567,0.49528545092761483,0.5222720219732715,0.3366883909768127,0.18115371156456625,0.4940134080645257,0.5396760775509591,0.46032392244904086,0.7282008332685038,0.6879251868139057,0.6521011253376444,0.7080630100412048,-0.7282008332685038,-0.6879251868139057,-0.7080630100412048,0.0760997079308594,0.03582406147626127,-9.6966552734375,-13.61618423461914,-23.31283950805664,-94.71923828125,650.25830078125,555.5390625,,,,,,,,,,,,,,,,,,,,,,,,,,,,,,,,,,,,HC,Oxytocin,1,Male,1,24,1.0
N225,phase2_extinction,phase2_ext_roi,24,4837,1.4947320840140748,1.5570137502899826,1.446172596414925,1.1462321444743475,1.2578370886208918,1.1352627265785733,-0.49473208401407476,0.06228166627590781,-0.11084115387505755,0.006861089338379145,0.05031776312538505,1.041667437613286,0.9675129089730428,-0.04855948759914974,-0.04855948759914974,-0.04855948759914974,0.5155653853756892,0.8094086938564959,0.3249740792321852,0.3249740792321852,0.16248703961609257,0.32497407923218513,0.851003800095546,0.031130770751378378,0.6188173877129919,0.2012551408908777,0.26505478868703486,0.7945670830401164,0.01397754571652497,-0.009058373572101205,0.05479289875912732,-0.12015894815041961,-0.17495184690954702,-0.1258595590771856,0.17992045620598296,0.30578001528316856,0.04279460529433929,0.32703265179177,0.2842380464974307,0.015398155914775627,0.3871121258669798,0.3717139699522042,0.22654412325501777,0.23218930717245745,0.400398436978784,0.45126043754337364,0.5487395624566264,0.6935531119018776,0.7311001101233237,0.7063221015267873,0.7123266110126006,-0.6935531119018776,-0.7311001101233237,-0.7123266110126006,-0.012768989624909688,0.02477800859653634,3.081869125366211,6.924184799194336,10.006053924560547,348.7275390625,-604.1025390625,-255.375,,,,,,,,,,,,,,,,,,,,,,,,,,,,,,,,,,,,HC,Oxytocin,1,Male,1,41,0.0
N226,phase2_extinction,phase2_ext_roi,24,4837,1.5596546710880135,1.2826497174249496,1.6367468890882524,1.1334075747542425,1.1824919088777874,1.2913182023026653,-0.5596546710880135,-0.2770049536630639,0.3540971716633028,-0.09995636783141237,0.10349748083598387,0.8223934009098569,1.0494290235749233,0.07709221800023891,0.07709221800023891,0.07709221800023891,0.4311882040005317,0.8370917998861458,0.2682800038866775,0.2682800038866775,0.13414000194333875,0.4059035958856141,0.8137578781155291,0.1376235919989366,0.6741835997722916,0.22911302303298842,0.34448688761932056,0.6744988777096779,-0.01835906834055767,-0.01631017659971413,0.006568204077803119,-0.04652018189044105,-0.053088385968244056,-0.46500295627703747,-0.01154107619300171,0.45346188008403576,-0.06443126231922847,0.5026813194788864,0.5671125817981149,-0.06771536435813003,0.5259414104241069,0.5936567747822369,0.2770991061291693,0.16692952316075707,0.3709455108315326,0.6260230435882247,0.3739769564117753,0.7277453150132166,0.6801975582541038,0.6995805778693898,0.7039714366336602,-0.7277453150132166,-0.6801975582541038,-0.7039714366336602,0.028164737143826835,-0.01938301961528599,-1.9046950340270996,4.913759231567383,3.009064197540283,226.400390625,-25.7490234375,200.6513671875,,,,,,,,,,,,,,,,,,,,,,,,,,,,,,,,,,,,HC,Oxytocin,1,Male,1,19,1.0
N227,phase2_extinction,phase2_ext_roi,24,4837,1.6270528466251504,1.4830972732923389,1.3791185445261613,1.2650577295648655,1.1852898771262845,1.0788701717603693,-0.6270528466251504,-0.1439555733328115,-0.10397872876617753,-0.19594493771590038,-0.13297770512153861,0.911523720482317,0.8476175429154423,-0.24793430209898903,-0.24793430209898903,-0.24793430209898903,0.4640731285814701,0.7988493973281445,0.2629225259096146,0.2629225259096146,0.1314612629548073,0.33477626874667443,0.8602479200668253,0.07185374283705981,0.5976987946562891,0.17630584210536282,0.26863279388813743,0.6208283987098253,0.005996378287948301,0.06460576514637398,0.05203501776328712,0.1836342519792551,0.13159923421596798,0.23126000120610146,0.6121738736583902,0.3809138724522887,-0.01411603037326492,0.48456234945526167,0.4986783798285266,-0.04013353925490848,0.3927452234656341,0.4328787627205426,0.2650127645516091,0.1947132411740163,0.2999923178859728,0.6752430543332557,0.3247569456667443,0.6757143681366202,0.7162568597639164,0.7535194354029948,0.6959856139502683,-0.6757143681366202,-0.7162568597639164,-0.6959856139502683,-0.0778050672663746,-0.03726257563907842,-25.133750915527344,17.372005462646484,-7.761745452880859,1491.8935546875,-267.634765625,1224.2587890625,,,,,,,,,,,,,,,,,,,,,,,,,,,,,,,,,,,,HC,Placebo,0,Male,1,38,1.0
N228,phase2_extinction,phase2_ext_roi,24,4837,1.5848998682470596,1.2692108996981823,1.6236990850761965,1.2046471537801249,0.9946109880567091,1.3597220956545968,-0.5848998682470596,-0.3156889685488773,0.3544881853780142,-0.1384448758598702,-0.02748061192447193,0.800814560666105,1.024480541239015,0.038799216829136896,0.038799216829136896,0.038799216829136896,0.4217267370297775,0.8353046472625439,0.2570313842923214,0.2570313842923214,0.1285156921461607,0.41357791023276647,0.8138370364897388,0.15654652594044505,0.6706092945250879,0.20624279537621024,0.3853409607440633,0.5113130722645289,-0.023962664729911255,0.045185798404319695,-0.05268267857483616,0.288379208613273,0.34106188718810904,-0.6958127349613159,0.165181010557925,0.8609937455192409,-0.1353341202826308,0.6656679760542697,0.8010020963369004,-0.10899278099521273,0.5214783717476332,0.6304711527428459,0.42231885682235826,0.26357469636059067,0.5795600036954169,0.696033238848686,0.30396676115131405,0.7057808416767467,0.6774994946047279,0.8039056465483738,0.6916401681407374,-0.7057808416767467,-0.6774994946047279,-0.6916401681407374,-0.09812480487162711,-0.1264061519436459,-25.363099098205566,8.305627822875977,-17.05747127532959,-356.3828125,-1097.7490234375,-1454.1318359375,,,,,,,,,,,,,,,,,,,,,,,,,,,,,,,,,,,,HC,Oxytocin,1,Male,1,27,0.0
N230,phase2_extinction,phase2_ext_roi,24,4837,1.5422471600637646,1.4099338577955098,1.5440911212312578,1.2271670407957176,1.1639590119425587,1.2557496591060098,-0.5422471600637646,-0.13231330226825477,0.13415726343574796,-0.06523467055038079,-0.01731270527143325,0.914207453359902,1.0011956262285877,0.001843961167493191,0.001843961167493191,0.001843961167493191,0.4669698480945965,0.8240586670410367,0.2910285151356332,0.2910285151356332,0.1455142575678166,0.3570888189464402,0.8339834923556693,0.06606030381080696,0.6481173340820734,0.18236932662516045,0.26999859424975275,0.620830306689544,-0.013668713854064046,0.06523493201487227,0.03660103236233084,0.22229562480712406,0.18569459244479314,-0.4049685623109318,0.4084278133577979,0.8133963756687297,-0.007456844453171074,0.5016438262882195,0.5091006707413904,-0.025757360634336493,0.3904960138846574,0.4162533745189939,0.25899244156967294,0.20733896268612936,0.2300979917932026,0.5811128757234841,0.41888712427651587,0.7131091452979047,0.7439966269898928,0.6955198750955298,0.7285528861438988,-0.7131091452979047,-0.7439966269898928,-0.7285528861438988,0.017589270202374885,0.04847675189436296,-1.6959352493286133,-0.6671710014343262,-2.3631062507629395,310.3564453125,47.1201171875,357.4765625,,,,,,,,,,,,,,,,,,,,,,,,,,,,,,,,,,,,HC,Oxytocin,1,Male,1,22,1.0
N231,phase2_extinction,phase2_ext_roi,24,4837,1.4303239008777269,1.479844855000727,1.5854758365744797,1.1567222639630717,1.1841054762575367,1.338923777821025,-0.4303239008777269,0.04952095412300017,0.10563098157375261,0.10233644490987648,0.10479236307620932,1.0346221885451188,1.1084732797353174,0.15515193569675279,0.15515193569675279,0.15515193569675279,0.5123777091204432,0.8299786325591805,0.3423563416796237,0.3423563416796237,0.17117817083981185,0.3423563416796237,0.828655773487804,0.02475541824088645,0.659957265118361,0.27034357978622214,0.378143675237001,0.7530114719122217,0.035239895254841815,-0.04252358332418328,0.030563920991620974,-0.18268565346957355,-0.21324957446119452,0.20041339602364738,-0.1734305731632021,-0.3738439691868495,9.910427572340508e-05,0.4645271890577447,0.46442808478202124,-0.015182856220087082,0.5558700157925315,0.5710528720126185,0.3541145446860368,0.13276084763761836,0.4448518681102168,0.4397396015270273,0.5602603984729727,0.7389904718305247,0.6504329058057692,0.7309505628508353,0.6947116888181469,-0.7389904718305247,-0.6504329058057692,-0.6947116888181469,0.008039908979689425,-0.08051765704506608,4.265535354614258,-15.669181823730469,-11.403646469116211,30.4658203125,991.5986328125,1022.064453125,,,,,,,,,,,,,,,,,,,,,,,,,,,,,,,,,,,,HC,Placebo,0,Male,1,18,0.0
N232,phase2_extinction,phase2_ext_roi,24,4837,1.5297200108185094,1.4818493574838778,1.4879694212380943,1.2424301285084187,1.108387612434944,1.1502741224358632,-0.5297200108185094,-0.047870653334631585,0.006120063754216476,-0.044810621457523236,-0.11309926107301504,0.9687062582151358,0.9727070319978715,-0.04175058958041511,-0.04175058958041511,-0.04175058958041511,0.48803462156696265,0.8157732981900988,0.30380791975706145,0.30380791975706145,0.15190395987853073,0.32773867662313616,0.8444117842672141,0.02393075686607471,0.6315465963801976,0.2395331340614732,0.34054195423848677,0.7327062651703965,0.006052298500765153,0.026305079196143027,-0.11848454355448931,0.03435729600924081,0.1528418395637302,0.35716278484273634,0.14124835898080113,-0.2159144258619352,-0.06738412077139902,0.5043867651217212,0.5717708858931203,-0.008141848994154363,0.4872081171171008,0.49534996611125515,0.2641427016125587,0.24894924525371173,0.3182948599866346,0.5474049816189744,0.45259501838102556,0.6937312057489555,0.672971365583918,0.6603165179528838,0.6833512856664368,-0.6937312057489555,-0.672971365583918,-0.6833512856664368,0.03341468779607171,0.012654847631034194,-7.686943054199219,1.3880605697631836,-6.298882484436035,861.12451171875,-22.8427734375,838.28173828125,,,,,,,,,,,,,,,,,,,,,,,,,,,,,,,,,,,,HC,Placebo,0,Male,1,28,0.0
N233,phase2_extinction,phase2_ext_roi,24,4837,1.5130247970640798,1.5825191433127288,1.3988540261676887,1.2842118019287867,1.2015566280473036,1.082923001857878,-0.5130247970640798,0.06949434624864903,-0.18366511714504008,-0.0223382123238709,-0.14197198697619595,1.0459307315545592,0.9245413688107788,-0.11417077089639105,-0.11417077089639105,-0.11417077089639105,0.5173665978445154,0.8020019768432904,0.31936857468780594,0.31936857468780594,0.15968428734390294,0.3193685746878059,0.858517810682681,0.03473319568903088,0.6040039536865809,0.22798602128620823,0.2655835481370524,0.8403601501107316,-0.011773374929966359,0.04381079929273319,-0.11322175069185542,0.16293925222943922,0.27616100292129464,0.07821126520118038,0.399853792081044,0.3216425268798636,-0.04028000988518779,0.5211108032263961,0.5613908131115839,0.01633086546073992,0.4396411771116765,0.4233103116509366,0.17071810690025518,0.23037874293841168,0.361588661245813,0.4345500267161577,0.5654499732838423,0.7486494484051376,0.6853087531167041,0.7111786574429645,0.7169791007609209,-0.7486494484051376,-0.6853087531167041,-0.7169791007609209,0.037470790962173095,-0.02586990432626035,-0.554863452911377,5.422230243682861,4.867366790771484,66.1083984375,-581.2509765625,-515.142578125,,,,,,,,,,,,,,,,,,,,,,,,,,,,,,,,,,,,HC,Oxytocin,1,Male,1,19,1.0
N234,phase2_extinction,phase2_ext_roi,24,4837,1.1717570407097222,1.587330291305319,1.6964417988968774,1.0959866154680389,1.2259869844515117,1.3478953584918565,-0.1717570407097222,0.4155732505955969,0.1091115075915583,0.47012900439137617,0.1909545560036452,1.3546581950105512,1.4477760538068525,0.5246847581871552,0.5246847581871552,0.5246847581871552,0.602423483870128,0.8450694418249353,0.44749292569506327,0.44749292569506327,0.22374646284753164,0.44749292569506327,0.7957789959032799,0.20484696774025601,0.6901388836498705,0.3480995324231818,0.36082710183915195,1.0802212356615153,-0.02710920485228662,-0.01727146383634226,-0.10699011954800855,-0.13666332461473385,-0.029673205066725328,-0.10607457653767005,0.2833393334551051,0.38941390999277514,0.06671727759613519,0.5076550651688572,0.44093778757272195,0.12021233737013946,0.5759867274762241,0.4557743901060846,0.19604398127989503,0.3962694775191539,0.4863967645940444,0.31972198503125676,0.6802780149687433,0.7174551143081367,0.6586053910831589,0.6651497470196888,0.6880302526956478,-0.7174551143081367,-0.6586053910831589,-0.6880302526956478,0.052305367288447924,-0.006544355936529911,-1.5666923522949219,7.322139739990234,5.7554473876953125,-33.578125,436.3076171875,402.7294921875,,,,,,,,,,,,,,,,,,,,,,,,,,,,,,,,,,,,HC,Placebo,0,Male,1,18,0.0
N235,phase2_extinction,phase2_ext_roi,24,4837,1.5209075057980848,1.3777677487920952,1.593578669354961,1.2950557740864055,1.1978526475017999,1.3006147645188217,-0.5209075057980848,-0.14313975700598958,0.21581092056286577,-0.03523429672455669,-0.04582206807609457,0.9058852918279663,1.047781441541988,0.0726711635568762,0.0726711635568762,0.0726711635568762,0.4642760355922321,0.831119001217753,0.295395036809985,0.295395036809985,0.1476975184049925,0.3668429656255209,0.8257265431024163,0.07144792881553585,0.6622380024355059,0.19541633315928642,0.28571579740156067,0.6480584062387633,0.022932681108343997,-0.040346431964160434,0.061540684527182504,-0.16361575309677967,-0.22515643762396215,0.08972113008547011,-0.24173246697618522,-0.33145359706165534,-0.018366727140423256,0.3581618591741975,0.3765285863146208,-0.04913706940401451,0.43996973572258735,0.4891068051266019,0.26732231034681253,0.21831252203574106,0.3571338543304139,0.5584978358045024,0.4415021641954976,0.7340735501486128,0.7239988599796647,0.7054772464988047,0.7290362050641388,-0.7340735501486128,-0.7239988599796647,-0.7290362050641388,0.02859630364980803,0.01852161348086001,6.0716400146484375,9.497162342071533,15.56880235671997,-502.0625,-164.3955078125,-666.4580078125,,,,,,,,,,,,,,,,,,,,,,,,,,,,,,,,,,,,HC,Placebo,0,Male,1,19,0.0
N236,phase2_extinction,phase2_ext_roi,24,4837,1.5825423986664262,1.3588283500433167,1.549637984903808,1.2396145135105427,1.184339289455299,1.2406368829355112,-0.5825423986664262,-0.2237140486231095,0.1908096348604913,-0.12830923119286375,-0.027126427315137702,0.8586362947381433,0.9792078723562637,-0.03290441376261821,-0.03290441376261821,-0.03290441376261821,0.4443035853796319,0.8248614394591456,0.26916502483877747,0.26916502483877747,0.13458251241938873,0.3805578540795137,0.8301781799468917,0.11139282924073624,0.6497228789182912,0.20189317818763916,0.3248868270906366,0.6159696373373925,0.00629858650955977,-0.033623607520026466,-0.10251402240201696,-0.13749827253218266,-0.034984250130165706,0.08847878677863508,-0.3797690767370988,-0.4682478635157339,-0.11419887668694995,0.39797908559512846,0.5121779622820783,-0.06294186548594147,0.4667282218612198,0.5296700873471611,0.27144877416391044,0.2139882787385457,0.2503714801800824,0.6761636563542359,0.3238363436457641,0.6910339425301193,0.6974840542996403,0.686742318146276,0.6942589984148798,-0.6910339425301193,-0.6974840542996403,-0.6942589984148798,0.00429162438384334,0.010741736153364378,-19.468058586120605,12.742050170898438,-6.726008415222168,-629.841796875,109.0029296875,-520.8388671875,,,,,,,,,,,,,,,,,,,,,,,,,,,,,,,,,,,,HC,Placebo,0,Female,0,20,1.0
N237,phase2_extinction,phase2_ext_roi,24,4837,0.7700815862378986,1.7738640364253944,1.7943098000944024,0.803132345242439,1.254428184053164,1.250465279390395,0.22991841376210143,1.003782450187496,0.020445763669008077,1.0140053320219997,0.4493143864793405,2.3034754305145095,2.330025556850332,1.024228213856504,1.024228213856504,1.024228213856504,0.7318016032085106,0.8574548582052607,0.5892564614137714,0.5892564614137714,0.29462823070688565,0.5892564614137713,0.7148666235580428,0.46360320641702124,0.7149097164105214,0.24250477134645354,0.41396344002390745,0.49460757390835114,-0.019404119300637353,-0.15634093365968643,-0.0003918545594190359,-0.6300720819654694,-0.6296802274060503,0.01116354792059504,-0.3393888052752071,-0.35055235319580214,0.43593046554733594,-0.2661528911168731,-0.7020833566642091,0.43612639282704546,0.048883149865861536,-0.3872432429611839,0.3079233342663806,0.7789151202262232,0.6683749780582503,0.13447734291141444,0.8655226570885856,0.5843811593206607,1.005183171782056,0.5418486962987633,0.7947821655513584,-0.5843811593206607,-1.005183171782056,-0.7947821655513584,0.04253246302189739,0.46333447548329276,-12.562633514404297,34.73122787475586,22.168594360351562,1139.966796875,3209.87109375,4349.837890625,,,,,,,,,,,,,,,,,,,,,,,,,,,,,,,,,,,,HC,Placebo,0,Female,0,22,0.0
N238,phase2_extinction,phase2_ext_roi,24,4837,1.4925922844525759,1.4082130567437463,1.5933663606359094,1.2548821701251365,1.0902671427545791,1.0846386048993901,-0.49259228445257586,-0.08437922770882955,0.1851533038921631,0.008197424237252005,-0.16742929629815184,0.9434679932206292,1.067516137231764,0.10077407618333356,0.10077407618333356,0.10077407618333356,0.4789177001635795,0.8310891994270544,0.3100068995906339,0.3100068995906339,0.15500344979531694,0.3521714992634749,0.8269621229078483,0.04216459967284103,0.6621783988541088,0.22879075996440673,0.2848109845896685,0.7563960294439783,-0.01908573594406924,0.024815459185244658,-0.10718886001809957,0.04953654011004349,0.15672540012814296,-0.1261493093658277,0.06789641476478148,0.19404572413060917,-0.08204575397409564,0.5108011139488811,0.5928468679229766,-0.02845132396504585,0.4860328438938593,0.5144841678589052,0.14034836139452336,0.2595941628198198,0.2901716794911386,0.5474755086192538,0.45252449138074624,0.7050491709376205,0.693883154663374,0.7398094894062974,0.6994661628004972,-0.7050491709376205,-0.693883154663374,-0.6994661628004972,-0.03476031846867689,-0.0459263347429234,6.8197309374809265,6.743301212787628,13.563032150268555,-352.47216796875,239.87841796875,-112.59375,,,,,,,,,,,,,,,,,,,,,,,,,,,,,,,,,,,,HC,Oxytocin,1,Female,0,45,1.0
N240,phase2_extinction,phase2_ext_roi,24,4837,1.36529796044492,1.6016309683728713,1.5237968415848882,1.1127243316445745,1.2802007610901733,1.209197064459965,-0.36529796044492,0.2363330079279513,-0.07783412678798318,0.19741594453395983,0.13197458113049465,1.17309994085096,1.1160910472080443,0.15849888113996813,0.15849888113996813,0.15849888113996813,0.5588097798088417,0.821096904521673,0.3799066843305148,0.3799066843305148,0.1899533421652574,0.3799066843305148,0.8338345091499068,0.11761955961768344,0.6421938090433461,0.3144491786421175,0.44132171663892117,0.7494476018485517,0.015461262678611108,0.015861054597772845,-0.08547448855905676,0.008992731936519505,0.09446722049557621,0.23729870883602922,-0.08383767790375596,-0.3211363867397852,-0.02727497590483452,0.6179324548778009,0.6452074307826354,0.01546226837469386,0.6134360889095412,0.5979738205348473,0.4970000934613898,0.3593281959207055,0.4396560613725297,0.24012087048549327,0.7598791295145068,0.7355295547351958,0.5924336966001628,0.6818707659812219,0.6639816256676793,-0.7355295547351958,-0.5924336966001628,-0.6639816256676793,0.053658788753973896,-0.08943706938105911,17.478008270263672,-47.77753829956055,-30.299530029296875,-2194.6083984375,4650.369140625,2455.7607421875,,,,,,,,,,,,,,,,,,,,,,,,,,,,,,,,,,,,HC,Placebo,0,Male,1,19,0.0
N241,phase2_extinction,phase2_ext_roi,24,4837,1.562251778249697,1.3706456425232763,1.559668740930696,1.2313756295378515,1.1268958465821775,1.238805260251941,-0.562251778249697,-0.1916061357264207,0.1890230984074197,-0.09709458652271086,-0.048525076120792265,0.8773525835159448,0.998346587062067,-0.0025830373190010025,-0.0025830373190010025,-0.0025830373190010025,0.4522444804275829,0.826305814322527,0.27855029475010995,0.27855029475010995,0.13927514737505498,0.3740613338949441,0.8297478543615386,0.09551103914483416,0.6526116286450541,0.20898683362281595,0.33155658487190204,0.6003090347912338,-0.0037534168752560034,-0.014152650019742802,-0.042346987309664436,-0.11878021512201026,-0.07643322781234574,-0.10808810724810114,-0.0966631503479527,0.011424956900148442,-0.08174658586437114,0.4191566518941657,0.5009032377585368,-0.06057309220953892,0.47854675945517083,0.5391198516647098,0.37014709036940296,0.2407232777179302,0.3304661903001318,0.6135211215690649,0.3864788784309351,0.7038832247534001,0.6942939982902021,0.6659468690256284,0.6990886115218011,-0.7038832247534001,-0.6942939982902021,-0.6990886115218011,0.037936355727771764,0.028347129264573723,3.8746280670166016,1.8730297088623047,5.747657775878906,143.6650390625,211.5234375,355.1884765625,,,,,,,,,,,,,,,,,,,,,,,,,,,,,,,,,,,,HC,Oxytocin,1,Female,0,28,1.0
N242,phase2_extinction,phase2_ext_roi,24,4837,1.6173681991698483,1.5113916170933497,1.360309923371256,1.2622762806297723,1.2391141470441838,1.2018229308872965,-0.6173681991698483,-0.10597658207649863,-0.1510816937220938,-0.18151742893754563,-0.041807741664032116,0.9344759025955546,0.8410638441258015,-0.2570582757985924,-0.2570582757985924,-0.2570582757985924,0.4735306230553017,0.795810063767005,0.2693406868223067,0.2693406868223067,0.13467034341115336,0.32227944071170334,0.8641033495934862,0.05293875388939662,0.59162012753401,0.18044635375112972,0.2757122834307313,0.6049267929808694,0.02573257733074325,-0.004524398467509716,0.19513842067936182,0.03953765620476002,-0.1556007644746018,-0.09813097746899335,-0.04387259901282503,0.05425837845616832,0.05670398418004907,0.4215267617642713,0.3648227775842222,-0.04086522615963184,0.4017579336618913,0.4426231598215231,0.2746592553409945,0.3101345500047257,0.5161536789559779,0.6130722903618437,0.38692770963815626,0.6709836026872501,0.7046358948962481,0.6909218565353726,0.6878097487917492,-0.6709836026872501,-0.7046358948962481,-0.6878097487917492,-0.019938253848122534,0.01371403836087548,10.556724071502686,-0.6687989234924316,9.887925148010254,-1191.1083984375,1112.29296875,-78.8154296875,,,,,,,,,,,,,,,,,,,,,,,,,,,,,,,,,,,,HC,Placebo,0,Female,0,19,0.0
N243,phase2_extinction,phase2_ext_roi,24,4837,1.538072042072634,1.4837998919405848,1.4773678827024845,1.2073935924461843,1.1076596215133323,1.173289782311453,-0.5380720420726339,-0.05427215013204911,-0.006432009238100278,-0.05748815475109925,-0.06691889053379163,0.9647141627344997,0.9605322980231341,-0.06070415937014939,-0.06070415937014939,-0.06070415937014939,0.4864352918360899,0.8141746857170574,0.30060997755314733,0.30060997755314733,0.15030498877657367,0.3277393938809675,0.8460626048727282,0.027129416327820177,0.6283493714341148,0.19770283562407523,0.26531928491864226,0.733662900651119,0.040413735045067185,0.04160146630582824,0.22839983160241695,0.22823068332719787,-0.0001691482752190221,0.21903422325778799,0.05944634309748209,-0.1595878801603059,0.09316693301328288,0.530553995699675,0.4373870626863921,-0.02103298278792559,0.41643865403607605,0.43747163682400164,0.14578580779789602,0.16324413877177718,0.1625397359954266,0.5428615186604002,0.4571384813395998,0.6521763936113835,0.7192665330880239,0.7007737146349458,0.6857214633497037,-0.6521763936113835,-0.7192665330880239,-0.6857214633497037,-0.04859732102356229,0.018492818453078153,20.059650421142578,-20.20718002319336,-0.14752960205078125,177.3134765625,388.4892578125,565.802734375,,,,,,,,,,,,,,,,,,,,,,,,,,,,,,,,,,,,HC,Oxytocin,1,Female,0,18,0.0
N244,phase2_extinction,phase2_ext_roi,24,4837,1.4129202154470986,1.649076429466041,1.4248249620419666,1.1468948573975155,1.1712823649901365,1.1689521950182176,-0.41292021544709856,0.23615621401894238,-0.2242514674240743,0.12403048030690522,0.02322242260666152,1.1671405078402173,1.008425625439045,0.011904746594868065,0.011904746594868065,0.011904746594868065,0.5587661923361962,0.8060937040461514,0.36485989638234767,0.36485989638234767,0.1824299481911738,0.3648598963823476,0.8497921569473489,0.11753238467239235,0.6121874080923029,0.28550531562700565,0.32820932645467793,1.0246876666883524,0.025499621437402354,-0.03528318239487179,0.12258150781524832,-0.11926433807566672,-0.241845845890915,0.06873686395296219,-0.26343732184159174,-0.33217418579455393,0.12313829380979785,0.44953092231400427,0.3263926285042064,0.06184753990217369,0.5091630913518377,0.44731555144966395,0.2861867437733415,0.16829799450158592,0.2644635303847893,0.18354772732262445,0.8164522726773755,0.6683735999025032,0.6424934816375653,0.6612634997480317,0.6554335407700342,-0.6683735999025032,-0.6424934816375653,-0.6554335407700342,0.007110100154471555,-0.018770018110466413,-35.165000915527344,43.81655311584473,8.651552200317383,2287.12890625,-939.7998046875,1347.3291015625,,,,,,,,,,,,,,,,,,,,,,,,,,,,,,,,,,,,HC,Placebo,0,Female,0,25,0.0
N246,phase2_extinction,phase2_ext_roi,24,4837,1.458628709126998,1.449801805637656,1.5873668730917614,1.1395085788195973,1.2902867054132834,1.2923393149609004,-0.45862870912699805,-0.008826903489342008,0.13756506745410535,0.059955630237710666,0.15180443136749444,0.9939484850575101,1.0882597142621835,0.12873816396476334,0.12873816396476334,0.12873816396476334,0.49779328845549753,0.8302453179876501,0.32803860644314764,0.32803860644314764,0.16401930322157382,0.3324520295321526,0.8285646183027922,0.004413423089004942,0.6604906359753002,0.24591950805930707,0.2977446918386736,0.8299277407781231,0.028934646270643086,-0.04233550846477311,0.09451992546967891,-0.16058327660729588,-0.2551032020769748,0.2984920271513678,-0.2762081787873155,-0.5747002059386833,0.04906413314698832,0.40974320740281733,0.360679074255829,0.0018041704121488644,0.49003484570646527,0.4882306752943164,0.14269326528567497,0.2546394835189119,0.2733885839909142,0.5013219612500894,0.49867803874991057,0.7195734968380245,0.6923444063518251,0.6968817167634129,0.7059589515949248,-0.7195734968380245,-0.6923444063518251,-0.7059589515949248,0.02269178007461159,-0.0045373104115877805,3.977489471435547,4.638153076171875,8.615642547607422,224.373046875,-193.025390625,31.34765625,,,,,,,,,,,,,,,,,,,,,,,,,,,,,,,,,,,,HC,Oxytocin,1,Female,0,18,1.0
N247,phase2_extinction,phase2_ext_roi,24,4837,1.3423109109267939,1.5884816915782316,1.55822208101455,1.1428940636845124,1.3141143320071116,1.23844019697556,-0.3423109109267939,0.24617078065143772,-0.03025961056368165,0.23104097536959678,0.13338320080682342,1.1833932562222396,1.1608503340929992,0.21591117008775607,0.21591117008775607,0.21591117008775607,0.5612337761948358,0.826098085135842,0.3873318613306778,0.3873318613306778,0.19366593066533894,0.3873318613306779,0.8278535727840071,0.12246755238967166,0.6521961702716841,0.21468572140047548,0.2539751448661355,0.7972431407325198,0.0203784168769128,-0.023851742174849762,0.05514189358418023,-0.12430537294486577,-0.17944726652904602,-0.004424633393511623,0.3819318946491559,0.3863565280426675,0.10608303229807808,0.2887066708225301,0.18262363852445201,0.07851208550598797,0.350859357294963,0.272347271788975,0.2788141191355842,0.43716751046634755,0.6625113977761268,0.3815777651759525,0.6184222348240476,0.7150890739693454,0.7728335143594154,0.705882776969074,0.7439612941643804,-0.7150890739693454,-0.7728335143594154,-0.7439612941643804,0.009206297000271424,0.06695073739034141,17.552261352539062,-15.899337768554688,1.652923583984375,-1097.68359375,1094.8642578125,-2.8193359375,,,,,,,,,,,,,,,,,,,,,,,,,,,,,,,,,,,,HC,Placebo,0,Female,0,21,0.0
N248,phase2_extinction,phase2_ext_roi,24,4837,1.5889745697777702,1.470878804170722,1.43561398247713,1.285639136749627,1.2610485183177773,1.2988731041725212,-0.5889745697777702,-0.11809576560704826,-0.03526482169359202,-0.13572817645384427,-0.005678325504477666,0.9256779956646224,0.9034845495627194,-0.15336058730064028,-0.15336058730064028,-0.15336058730064028,0.4705103240513483,0.8077745324678189,0.27828485651916723,0.27828485651916723,0.13914242825958362,0.33726420841647065,0.8517965551067324,0.05897935189730341,0.6155490649356379,0.19404834475758748,0.25568516351515613,0.7319899474869299,0.004451707845807829,-0.021612814374182054,0.060670787139594506,-0.016004085765961185,-0.07667487290555558,-0.019656337469086127,-0.3297472665895158,-0.3100909291204297,-0.008545633305591271,0.41897567350758286,0.4275213068131742,-0.038881026875388525,0.4269777163905635,0.46585874326595195,0.12937410928297577,0.16549495570348277,0.19444257790712782,0.6392814190592063,0.3607185809407937,0.6929411641513601,0.7020082200684952,0.7592138142217042,0.6974746921099276,-0.6929411641513601,-0.7020082200684952,-0.6974746921099276,-0.06627265007034411,-0.05720559415320903,-18.934444427490234,11.390381336212158,-7.544063091278076,-439.640625,580.234375,140.59375,,,,,,,,,,,,,,,,,,,,,,,,,,,,,,,,,,,,HC,Oxytocin,1,Female,0,26,0.0
N249,phase2_extinction,phase2_ext_roi,24,4837,1.584157394405295,1.2795578166780002,1.6159736057148815,1.2098137707616472,1.1524141704989828,1.1836741613299355,-0.5841573944052949,-0.30459957772729473,0.3364157890368813,-0.1363916832088541,-0.04176960484718806,0.8077213874831815,1.0200839898996847,0.03181621130958656,0.03181621130958656,0.03181621130958656,0.4244334650327628,0.8342390920333933,0.2586725570661561,0.2586725570661561,0.12933627853307805,0.4098056270006305,0.815687648837035,0.1511330699344744,0.6684781840667866,0.19111963791998404,0.27872480708193487,0.5705342467969153,-0.00909144526816453,0.02173881432589786,-0.045889285416335135,0.029523085565676066,0.07541237098201126,0.06349865339400584,0.4597562315339425,0.3962575781399367,-0.10443676338931224,0.4784929393039508,0.582929702693263,-0.08149212068114467,0.4637313965211128,0.5452235172022575,0.23359811203247832,0.36549210778639124,0.3362688781686116,0.6960110305037539,0.3039889694962461,0.6900987252471632,0.7108409623271459,0.649132225097339,0.7004698437871546,-0.6900987252471632,-0.7108409623271459,-0.7004698437871546,0.04096650014982417,0.061708737229806854,18.866832971572876,1.2091460227966309,20.075978994369507,286.14453125,-124.20263671875,161.94189453125,,,,,,,,,,,,,,,,,,,,,,,,,,,,,,,,,,,,HC,Placebo,0,Female,0,20,0.0
N250,phase2_extinction,phase2_ext_roi,24,4837,1.4116870079243886,1.412750416645192,1.6601513507379262,1.2112328843149525,1.1075742112626101,1.1943751158818499,-0.4116870079243886,0.0010634087208034604,0.24740093409273411,0.12476387576717052,-0.06025822074272247,1.0007532822129137,1.176005254464163,0.24846434281353758,0.24846434281353758,0.24846434281353758,0.500265852155148,0.8402583190458007,0.34052417120094863,0.34052417120094863,0.17026208560047434,0.3405241712009487,0.8168455056271713,0.0005317043102959218,0.6805166380916015,0.24868084737289473,0.3584529528631956,0.7406407466345638,0.00046924696189079443,0.015247130728872111,0.11423291623271922,0.07659010352922391,-0.03764281270349529,-0.03655321626046626,0.055156102250446315,0.09170931851091257,0.05574095176710464,0.5370322528596564,0.48129130109255175,-0.0013755063492549707,0.49873720109504444,0.5001127074442994,0.408114283064222,0.3065859405270043,0.4015978558537139,0.5081542295413403,0.49184577045865974,0.7109349882682072,0.7021714292094693,0.7101482692762967,0.7065532087388382,-0.7109349882682072,-0.7021714292094693,-0.7065532087388382,0.0007867189919105178,-0.007976840066827418,-5.739536285400391,5.964433670043945,0.2248973846435547,491.94921875,186.44140625,678.390625,,,,,,,,,,,,,,,,,,,,,,,,,,,,,,,,,,,,HC,Oxytocin,1,Female,0,19,1.0
N251,phase2_extinction,phase2_ext_roi,24,4837,1.428794722246417,1.4090322122956582,1.6489814449797784,1.2525996259520369,1.2170794464494916,1.2940395391451145,-0.428794722246417,-0.01976250995075879,0.23994923268412016,0.10021210639130129,0.002959866845266168,0.9861683980877455,1.1541066101126882,0.22018672273336137,0.22018672273336137,0.22018672273336137,0.49505953330566865,0.8387533422814187,0.3338128755870874,0.3338128755870874,0.1669064377935437,0.3436938089757501,0.8186066016580817,0.009880933388662694,0.6775066845628375,0.313223518612596,0.4554382055134448,0.7286189416665153,-0.012331026970604104,-0.04900611207520244,0.10436302838173847,-0.1581501274312731,-0.2625131558130114,0.09980529881986544,-0.47635110510507384,-0.5761564039249392,0.02898776147342691,0.5705657262269979,0.541577964753571,-0.023193752717442326,0.6496407899426344,0.6728345426600767,0.5194599659179423,0.1587894668640491,0.5604558238093011,0.4937458307800299,0.50625416921997,0.6710631963522984,0.605416788498507,0.7398237183546295,0.6382399924254027,-0.6710631963522984,-0.605416788498507,-0.6382399924254027,-0.06876052200233107,-0.13440692985612246,16.765202522277832,-20.938450813293457,-4.173248291015625,-1662.14892578125,1785.26708984375,123.1181640625,,,,,,,,,,,,,,,,,,,,,,,,,,,,,,,,,,,,HC,Oxytocin,1,Female,0,19,1.0
N252,phase2_extinction,phase2_ext_roi,24,4837,1.3870927029485356,1.5211575544356355,1.5851891052472213,1.228910651504075,1.3633357499223107,1.266487268555864,-0.3870927029485356,0.1340648514870999,0.06403155081158585,0.16608062689289294,0.0860008577350122,1.0966516803351372,1.142814096310544,0.19809640229868575,0.19809640229868575,0.19809640229868575,0.5334661029528551,0.8299381668970135,0.3634042698498687,0.3634042698498687,0.1817021349249343,0.3634042698498686,0.8273061053180877,0.06693220590571025,0.659876333794027,0.24753711327912847,0.3493299657775072,0.6089698727016714,0.05379239135402979,-0.01914194196337827,0.30939839816781145,-0.06656357861983153,-0.375961976787643,0.29336383827182666,-0.21077071718942864,-0.5041345554612554,0.18123052057571953,0.4352611157565274,0.25403059518080784,0.02653132149181381,0.46854290506644314,0.44201158357462933,0.23078315419740839,0.7420900546979496,0.8990206659162502,0.42640718756334905,0.573592812436651,0.726344506405567,0.7025244825546431,0.720211177776295,0.7144344944801051,-0.726344506405567,-0.7025244825546431,-0.7144344944801051,0.006133328629272072,-0.017686695221651894,2.7873458862304688,-3.874706268310547,-1.0873603820800781,450.46484375,-1190.1533203125,-739.6884765625,,,,,,,,,,,,,,,,,,,,,,,,,,,,,,,,,,,,HC,Placebo,0,Female,0,30,0.0
N253,phase2_extinction,phase2_ext_roi,24,4837,1.6416927832665875,1.5926282730603312,1.2374840889527394,1.2096151940103779,1.1779583191482066,1.2122040081215402,-0.6416927832665875,-0.04906451020625635,-0.35514418410759174,-0.2266366022600521,-0.014534030375504603,0.9701134582502313,0.753785418336663,-0.4042086943138481,-0.4042086943138481,-0.4042086943138481,0.48773633257035254,0.7751257799415926,0.26286211251194513,0.26286211251194513,0.13143105625597257,0.28738944737124006,0.884267169464722,0.024527334859294925,0.5502515598831852,0.18060576864921454,0.24740056059614457,0.7339382512821153,0.03197782942605304,0.01985701245102276,0.20367907871443564,-0.009563720671147413,-0.213242799385583,0.12738160547174293,0.416346758863575,0.28896515339183204,0.08789732628836167,0.37037189003171156,0.2824745637433499,-0.013942213068856152,0.37515375036728527,0.3890959634361414,0.2040417272351117,0.17332289876456206,0.3259844071748099,0.5590232717449286,0.4409767282550714,0.7824551233096093,0.6969325887207375,0.6986821771457792,0.7396938560151733,-0.7824551233096093,-0.6969325887207375,-0.7396938560151733,0.08377294616383013,-0.0017495884250416927,0.27133846282958984,-0.5358014106750488,-0.264462947845459,1672.951171875,-1647.65625,25.294921875,,,,,,,,,,,,,,,,,,,,,,,,,,,,,,,,,,,,HC,Oxytocin,1,Male,1,26,0.0
N254,phase2_extinction,phase2_ext_roi,24,4837,1.2422762695355385,1.5043111834904699,1.7156127097585676,1.0824682996619812,1.1500598243472877,1.4286480503502692,-0.2422762695355385,0.2620349139549314,0.21130152626809773,0.36768567708898026,0.20688563768679713,1.210931262450653,1.3810234792537452,0.4733364402230291,0.4733364402230291,0.4733364402230291,0.5651364527676421,0.8475628621334534,0.41269931490109557,0.41269931490109557,0.20634965745054779,0.41269931490109557,0.8018144566258424,0.13027290553528426,0.6951257242669069,0.31539286771205877,0.4340843116206642,0.7726034673596545,0.021766397201602655,0.06734118875793094,-0.17228389389478874,0.19831780255085701,0.37060169644564567,0.26088711951737975,0.7418758705173585,0.48098875099997873,-0.038590115412563325,0.682392805164715,0.7209829205772782,0.04755183153483104,0.5832339038892864,0.5356820723544554,0.5216452803781164,0.236704158502403,0.5380699460940759,0.3942617765571691,0.6057382234428309,0.7482281041107944,0.6630853821074899,0.6767278232800567,0.7056567431091422,-0.7482281041107944,-0.6630853821074899,-0.7056567431091422,0.07150028083073778,-0.013642441172566744,2.9446334838867188,6.959650039672852,9.90428352355957,563.2568359375,555.4658203125,1118.72265625,,,,,,,,,,,,,,,,,,,,,,,,,,,,,,,,,,,,HC,Oxytocin,1,Female,0,37,1.0
N255,phase2_extinction,phase2_ext_roi,24,4837,1.482699219750067,1.624267914496704,1.3828395839871228,1.2339043127946923,1.2824894163046952,1.1436747228614323,-0.482699219750067,0.14156869474663702,-0.24142833050958123,0.02085452949184652,-0.02082224321162851,1.095480379234095,0.932650099386794,-0.09985963576294421,-0.09985963576294421,-0.09985963576294421,0.5353331819830329,0.7994466627120167,0.3347798446950496,0.3347798446950496,0.1673899223475248,0.3347798446950496,0.8597140837845112,0.07066636396606585,0.5988933254240334,0.23992425363040004,0.3066797836740036,0.8628268796020998,-0.01597582247871446,0.0006881046035094649,-0.09226115796250081,0.0719561068477359,0.16421726481023668,0.08211123269117593,-0.10940773767191037,-0.1915189703630863,-0.016631968660200697,0.4863279503636183,0.502959919023819,0.02949861032104971,0.45034989693975036,0.42085128661870064,0.24609753544023538,0.2363937146674965,0.4464861596101842,0.4953740123439555,0.5046259876560445,0.6992317328642303,0.6727035956670286,0.7065631966049108,0.6859676642656295,-0.6992317328642303,-0.6727035956670286,-0.6859676642656295,-0.0073314637406804994,-0.033859600937882206,18.14991807937622,2.385934352874756,20.535852432250977,151.3720703125,-203.9453125,-52.5732421875,,,,,,,,,,,,,,,,,,,,,,,,,,,,,,,,,,,,HC,Oxytocin,1,Female,0,29,1.0
N257,phase2_extinction,phase2_ext_roi,24,4837,1.4357098527599628,1.5578781208103472,1.5039299558374295,1.1832843516997356,1.0337812850038992,1.2229472956810836,-0.43570985275996277,0.12216826805038439,-0.053948164972917656,0.09519418556392556,-0.054920061357244254,1.08509258118178,1.0475166291233262,0.06822010307746673,0.06822010307746673,0.06822010307746673,0.5305041367088787,0.8181598837900459,0.3486640204989246,0.3486640204989246,0.17433201024946232,0.34866402049892464,0.8406997495113964,0.0610082734177575,0.6363197675800918,0.2501863232917403,0.3163322365650118,0.8202601345404216,0.054488824622607984,-0.0445552109395242,0.27998338208599616,-0.057963194907658944,-0.3379465769936551,0.219001341889144,-0.4083197092293134,-0.6273210511184574,0.19080525162062228,0.4205774885520269,0.22977223693140464,0.05081356057762419,0.44955908600585637,0.39874552542823216,0.2764531304590189,0.38759579602478084,0.6172722131700307,0.4063098148132165,0.5936901851867835,0.7143486970788017,0.7016521569405463,0.7090563224589443,0.708000427009674,-0.7143486970788017,-0.7016521569405463,-0.708000427009674,0.005292374619857321,-0.007404165518398065,-1.0704116821289062,-10.289749145507812,-11.360160827636719,-480.8564453125,1008.21484375,527.3583984375,,,,,,,,,,,,,,,,,,,,,,,,,,,,,,,,,,,,HC,Placebo,0,Female,0,18,0.0
N258,phase2_extinction,phase2_ext_roi,24,4837,1.3266098918546434,1.4978779949379801,1.6570747105545462,1.2342028672972662,1.1731862775048962,1.2765168231124004,-0.3266098918546434,0.17126810308333673,0.15919671561656612,0.2508664608916198,-0.009351316988617908,1.129102076536515,1.2491047354899902,0.33046481869990285,0.33046481869990285,0.33046481869990285,0.5427126700580367,0.8398449268091146,0.38255759686715135,0.38255759686715135,0.19127879843357565,0.3825575968671513,0.814704981688025,0.08542534011607339,0.6796898536182292,0.27249096336949064,0.386729295537,0.7884331738914799,0.017494051135869586,0.004179237434354662,-0.03649104111492421,-0.05332112775921127,-0.01683008664428709,0.6339181524575456,0.12657653410409564,-0.5073416183534499,0.06594593333134399,0.4341299089705696,0.36818397563922556,0.0841914538888061,0.4607904728501752,0.3765990189613691,0.565466915353075,0.2133898581975112,0.6400727126335178,0.4246806872963796,0.5753193127036205,0.7274073930767384,0.734393408106931,0.6860516048966004,0.7309004005918347,-0.7274073930767384,-0.734393408106931,-0.7309004005918347,0.041355788180137965,0.04834180321033055,-8.83267593383789,4.1416473388671875,-4.691028594970703,1601.826171875,-268.564453125,1333.26171875,,,,,,,,,,,,,,,,,,,,,,,,,,,,,,,,,,,,HC,Placebo,0,Female,0,19,1.0
N259,phase2_extinction,phase2_ext_roi,24,4837,1.2135206442810385,1.4728437115696973,1.7598639089521317,1.072731764827978,1.2229239557158316,1.4476749713324568,-0.21352064428103845,0.25932306728865884,0.28702019738243445,0.40283316597987606,0.26256769869616625,1.213694803111775,1.450213395827844,0.5463432646710933,0.5463432646710933,0.5463432646710933,0.5644698794737493,0.8531926149369102,0.4176624944106595,0.4176624944106595,0.20883124720532975,0.4176624944106595,0.7948832939408501,0.12893975894749854,0.7063852298738205,0.3768804089958978,0.43454216526337,0.9229772320126808,0.043470735722905794,-0.09589181620813607,0.16759855322147701,-0.3134599363575098,-0.4810584895789868,0.056296373765862606,-0.6906560109456709,-0.7469523847115335,0.15890619736074563,0.5219239290630335,0.3630177317022879,0.07510692075000712,0.6786538972417884,0.6035469764917814,0.29416065428560245,0.30605090484623876,0.5064379749473051,0.4162750073351752,0.5837249926648248,0.7303927409823707,0.614266809061305,0.6511910215243364,0.6723297750218379,-0.7303927409823707,-0.614266809061305,-0.6723297750218379,0.07920171945803434,-0.03692421246303135,-10.920143127441406,-10.676759719848633,-21.59690284729004,352.1357421875,890.013671875,1242.1494140625,,,,,,,,,,,,,,,,,,,,,,,,,,,,,,,,,,,,HC,Oxytocin,1,Female,0,23,1.0
N260,phase2_extinction,phase2_ext_roi,24,4837,1.1841843050432674,1.5605645261120782,1.7106960140319027,1.0763382535090318,1.1983941158106735,1.1940692526110435,-0.18418430504326744,0.37638022106881075,0.15013148791982456,0.45144596502872303,0.11989343070182668,1.3178392132774186,1.4446197203426039,0.5265117089886353,0.5265117089886353,0.5265117089886353,0.5929997604624122,0.8469265386595798,0.43992629912199194,0.43992629912199194,0.219963149560996,0.439926299121992,0.7961884823971752,0.1859995209248244,0.6938530773191596,0.3103081000962913,0.37891590611983095,0.8819698401107404,-0.06937298909448253,-0.05242350725522771,-0.34539961923346474,-0.10293928269949859,0.24246033653396626,-0.18420987292148472,-0.7973461346796029,-0.6131362617581182,-0.05471970010511523,0.4511664493312162,0.5058861494363315,0.11798010951161714,0.5026360906809655,0.38465598116934835,0.24497148991785028,0.5790295722217118,0.6834160471408267,0.3389879244267685,0.6610120755732315,0.691910577532052,0.7075717908527193,0.6774368716129435,0.6997411841923856,-0.691910577532052,-0.7075717908527193,-0.6997411841923856,0.01447370591910846,0.030134919239775737,-6.096757888793945,9.113492965698242,3.016735076904297,-201.1337890625,217.9228515625,16.7890625,,,,,,,,,,,,,,,,,,,,,,,,,,,,,,,,,,,,HC,Placebo,0,Female,0,32,0.0
N101,phase2_extinction,phase2_ext_memory_fear_network,24,12684,1.5175586334632245,1.3759762916916793,1.5982784792891624,1.264529218579118,1.2165094843688045,1.2694490353309689,-0.5175586334632245,-0.14158234177154516,0.2223021875974831,-0.0304312479728035,-0.021549958729231378,0.9067038678331141,1.053190587509506,0.08071984582593794,0.08071984582593794,0.08071984582593794,0.4646634232997835,0.8317776413274343,0.29644106462721775,0.29644106462721775,0.14822053231360888,0.36711421802765076,0.8250080861278346,0.07067315340043301,0.6635552826548685,0.2184828748921016,0.31177706749842105,0.6830976463417843,-0.022411319799499212,0.03202575540713507,-0.09208909999061057,0.19450441024222193,0.2865935102328326,0.2082763251612152,0.07176186023356579,-0.1365144649276494,-0.04885862058353413,0.537032025493543,0.5858906460770772,-0.0028140705882288425,0.4397798203724321,0.44259389096066093,0.42918492483477017,0.26062596386577097,0.4451434124316783,0.507771822528144,0.492228177471856,0.7422211116430082,0.7217973424581334,0.6790357708074944,0.7320092270505708,-0.7422211116430082,-0.7217973424581334,-0.7320092270505708,0.06318534083551375,0.042761571650638985,-3.9365077018737793,-17.21864414215088,-21.155151844024658,-302.46484375,96.64453125,-205.8203125,,,,,,,,,,,,,,,,,,,,,,,,,,,,,,,,,,,,SAD,Placebo,0,Female,0,21,0.0
N103,phase2_extinction,phase2_ext_memory_fear_network,24,12684,1.4516118153163677,1.5048271315126476,1.5421919425143376,1.0863121098432695,1.2333344454073383,1.2178903093982414,-0.45161181531636774,0.05321531619627984,0.03736481100168998,0.07189772169712483,0.1393002675595203,1.03665946037928,1.062399682627433,0.09058012719796982,0.09058012719796982,0.09058012719796982,0.5133006903785022,0.8237831432659659,0.3370838336444682,0.3370838336444682,0.16854191682223407,0.33708383364446814,0.8356100482890753,0.026601380757004467,0.6475662865319318,0.2460896308855557,0.32644027262266395,0.8051216124295584,0.034157860423967304,0.006190540838220495,0.10932274281268378,0.07194124428914983,-0.03738149852353401,0.5515583273511888,-0.12385462907345157,-0.6754129564246404,0.06885980563710287,0.5139514496849253,0.4450916440478224,0.014198434230760976,0.47798082754035043,0.4637823933095894,0.2886320531950297,0.2784255749653353,0.5181025784322748,0.4204588909779873,0.5795411090220127,0.6855939613974564,0.6920799648518453,0.7160742532387918,0.6888369631246509,-0.6855939613974564,-0.6920799648518453,-0.6888369631246509,-0.030480291841335383,-0.023994288386946505,-2.6584930419921875,16.904142379760742,14.245649337768555,200.83984375,-217.0751953125,-16.2353515625,,,,,,,,,,,,,,,,,,,,,,,,,,,,,,,,,,,,SAD,Oxytocin,1,Female,0,23,0.0
N104,phase2_extinction,phase2_ext_memory_fear_network,24,12684,1.574785660692987,1.5210759804903935,1.3989238902793946,1.148837347332016,1.1789466138316511,1.2044388036432632,-0.5747856606929871,-0.05370968020259359,-0.12215209021099893,-0.11478572530809306,0.04285536140544122,0.9658939681747558,0.888326529961246,-0.17586177041359252,-0.17586177041359252,-0.17586177041359252,0.48657580689164015,0.8020130706672799,0.28858887755892004,0.28858887755892004,0.14429443877946002,0.31543726377563974,0.8586818007606611,0.0268483862167197,0.6040261413345598,0.20012942472967618,0.27301874429137163,0.6963016140179895,-0.042058966332224286,0.0007697853400087754,-0.14743018414443604,-0.09872094435545264,0.04870923978898345,-0.23238584169992849,0.0040783520024478825,0.23646419370237637,-0.0869152566188724,0.3640985418282804,0.45101379844715284,-0.013200164546654375,0.4134590140060067,0.4266591785526611,0.2358568513180645,0.2946355653944109,0.4611530843742017,0.5199904922794287,0.48000950772057127,0.6908364395889737,0.7026955117079132,0.6857426842431475,0.6967659756484434,-0.6908364395889737,-0.7026955117079132,-0.6967659756484434,0.005093755345826123,0.016952827464765674,1.1416130065917969,9.10142707824707,10.243040084838867,262.22265625,-785.1064453125,-522.8837890625,,,,,,,,,,,,,,,,,,,,,,,,,,,,,,,,,,,,SAD,Oxytocin,1,Male,1,33,0.0
N105,phase2_extinction,phase2_ext_memory_fear_network,24,12684,1.5373941390712846,1.5477483424732987,1.4112105322340764,1.246175298753616,1.2130574274670465,1.2019045147442151,-0.5373941390712846,0.010354203402014095,-0.1365378102392223,-0.05791470171759716,-0.038694327647985194,1.0067348984047253,0.9179237042670979,-0.1261836068372082,-0.1261836068372082,-0.1261836068372082,0.5025885277243085,0.8039568061388324,0.3065453338631409,0.3065453338631409,0.15327266693157043,0.30654533386314087,0.8569621054310337,0.005177055448617018,0.6079136122776647,0.21935276401319065,0.2679355578393543,0.8791342625038515,-0.026392995123426844,-0.017517339454948395,-0.11394840145059465,-0.09277484689872839,0.021173554551866258,-0.3355298488657299,0.018587817113418836,0.35411766597914873,-0.054068514849969496,0.3894124187016893,0.4434809335516588,0.002905685875327829,0.4357998421510535,0.4328941562757257,0.19579068961457535,0.14278899805147569,0.208844198797404,0.5225572557030865,0.47744274429691347,0.6915950756991112,0.6931106572936063,0.712428237193399,0.6923528664963587,-0.6915950756991112,-0.6931106572936063,-0.6923528664963587,-0.020833161494287822,-0.01931757989979266,-12.482142448425293,0.625009298324585,-11.857133150100708,-956.0283203125,219.17578125,-736.8525390625,,,,,,,,,,,,,,,,,,,,,,,,,,,,,,,,,,,,SAD,Oxytocin,1,Female,0,21,0.0
N106,phase2_extinction,phase2_ext_memory_fear_network,24,12684,1.439026759911443,1.7294639516547923,1.2943193129178958,1.0271145869667353,1.4715678254804385,1.0740535297381242,-0.439026759911443,0.29043719174334925,-0.43514463873689646,0.07286487237490102,0.24569609064254605,1.2018288942333037,0.8994407470248434,-0.1447074469935472,-0.1447074469935472,-0.1447074469935472,0.5721031613382623,0.7848773803872398,0.3569805417255021,0.3569805417255021,0.17849027086275104,0.3569805417255021,0.8680539139017079,0.14420632267652467,0.5697547607744795,0.2643073656047937,0.3110388130759011,1.087651778626115,-0.026867441276328112,0.052554756483208696,-0.18938753994526963,0.14229427892860197,0.3316818188738716,-0.25043207787254373,0.2775387976899021,0.5279708755624458,0.02739172297405873,0.4776763777271948,0.45028465475313606,0.12208549294669355,0.4065292382628938,0.28444374531620026,0.32339150482948453,0.24038876987842575,0.2598076668444617,0.1432018439923232,0.8567981560076768,0.6693834176475826,0.6869335525191116,0.7224454721526279,0.6781584850833471,-0.6693834176475826,-0.6869335525191116,-0.6781584850833471,-0.05306205450504531,-0.0355119196335163,15.441174030303955,-20.56707540154457,-5.125901371240616,1164.3896484375,-288.712890625,875.6767578125,,,,,,,,,,,,,,,,,,,,,,,,,,,,,,,,,,,,SAD,Oxytocin,1,Female,0,22,0.0
N108,phase2_extinction,phase2_ext_memory_fear_network,24,12684,1.5910544020778536,1.4140715130047914,1.4894931561231142,1.351048221018182,1.121113689642598,1.0896563995547854,-0.5910544020778536,-0.17698288907306226,0.07542164311832278,-0.13927206751390098,-0.24566317641949031,0.8887637671411064,0.9361673270355949,-0.10156124595473948,-0.10156124595473948,-0.10156124595473948,0.45586940930567854,0.816002185901605,0.27187159520728355,0.27187159520728355,0.13593579760364177,0.36013277659592646,0.8415592333002357,0.08826118138864292,0.63200437180321,0.18596541904017821,0.2946723371251122,0.5572893416097321,-0.029012613100873313,-0.03681218293890386,-0.04982188316987607,-0.1453379316927529,-0.09551604852287676,-0.10895604189549335,-0.4098306265675895,-0.30087458467209616,-0.06031086527860563,0.33466179592764755,0.3949726612062533,-0.035399923693667595,0.40733076177402405,0.4427306854676917,0.33315530650321096,0.37763002317083855,0.3752265782108165,0.6139793839078068,0.3860206160921932,0.6959621649467951,0.7238631378643715,0.6571073243635517,0.7099126514055834,-0.6959621649467951,-0.7238631378643715,-0.7099126514055834,0.0388548405832434,0.06675581350081983,-4.670221328735352,6.822921931743622,2.1527006030082703,479.841796875,564.490234375,1044.33203125,,,,,,,,,,,,,,,,,,,,,,,,,,,,,,,,,,,,SAD,Oxytocin,1,Male,1,22,1.0
N109,phase2_extinction,phase2_ext_memory_fear_network,24,12684,1.699453256928242,1.1278576445826336,1.619382201218615,1.1654967726182581,1.0461169528190264,1.2886666051752105,-0.6994532569282419,-0.5715956123456083,0.4915245566359814,-0.3258333340276176,0.0018950063788603089,0.663659111157104,0.9528842203149516,-0.08007105570962691,-0.08007105570962691,-0.08007105570962691,0.3608687272089738,0.834709910183501,0.19557863739247483,0.19557863739247483,0.09778931869623742,0.47384118297452726,0.7951090907737246,0.27826254558205243,0.6694198203670021,0.15693361438756323,0.3343791976557172,0.4231414971270669,0.008680164077470819,-0.01504746949335558,0.08794349518491812,-0.05220187730378151,-0.14014537248869963,0.07435939927723534,-0.4319655936038319,-0.5063249928810672,-0.12805416081129764,0.45979219852699243,0.5878463593382901,-0.1720259084037567,0.48589313717888316,0.6579190455826399,0.18171284389217,0.2642966663674896,0.3699764618391223,0.8108649256699495,0.1891350743300505,0.7007122543075714,0.6983285450312354,0.8233499774897581,0.6995203996694035,-0.7007122543075714,-0.6983285450312354,-0.6995203996694035,-0.12263772318218669,-0.1250214324585227,-20.666812419891357,-0.05438518524169922,-20.721197605133057,-664.3837890625,-475.4169921875,-1139.80078125,,,,,,,,,,,,,,,,,,,,,,,,,,,,,,,,,,,,SAD,Oxytocin,1,Female,0,33,1.0
N110,phase2_extinction,phase2_ext_memory_fear_network,24,12684,1.500444721652788,1.532042102644306,1.4668040162984277,1.255840547370796,1.1819973202758463,1.1459929790391605,-0.5004447216527881,0.03159738099151799,-0.06523808634587835,-0.0010216621814211901,-0.0918453977132927,1.0210586703561633,0.9775795038333042,-0.03364070535436037,-0.03364070535436037,-0.03364070535436037,0.507898688091595,0.8125711261538663,0.3204698142454612,0.3204698142454612,0.16023490712273064,0.3204698142454613,0.8479408727656867,0.015797376183189993,0.6251422523077326,0.23876611606402337,0.26950072691691895,0.9603088517576708,-0.017615266747260265,-0.003455950593717657,-0.05736195733912114,-0.07336295148465594,-0.016000994145534908,-0.032867310983604625,0.05648468836485265,0.08935199934845728,-0.015186814358614409,0.42735659207477256,0.44254340643338697,0.01349416431094616,0.46403806781710055,0.45054390350615436,0.15150646263023537,0.12365472652708294,0.18191760966798154,0.48551262281253327,0.5144873771874667,0.676955583496339,0.6842282543558931,0.744569399818853,0.680591918926116,-0.676955583496339,-0.6842282543558931,-0.680591918926116,-0.06761381632251395,-0.06034114546295988,5.5428454875946045,1.920602798461914,7.4634482860565186,270.73046875,-296.1298828125,-25.3994140625,,,,,,,,,,,,,,,,,,,,,,,,,,,,,,,,,,,,SAD,Placebo,0,Female,0,21,0.0
N111,phase2_extinction,phase2_ext_memory_fear_network,24,12684,1.3198270560949639,1.61716803060762,1.5481167667941234,1.1567231028435918,1.3521569092173753,1.2615414319463363,-0.31982705609496387,0.29734097451265606,-0.06905126381349658,0.2628153426059079,0.1501260677382641,1.2252878215268106,1.1729694037678826,0.2282897106991595,0.2282897106991595,0.2282897106991595,0.5737923676198602,0.8246415680014443,0.3984339356213044,0.3984339356213044,0.19921696781065223,0.39843393562130447,0.827023813092682,0.14758473523972038,0.6492831360028886,0.3478029391203544,0.3828709203061162,1.0278839947437624,-0.024002874409663106,-0.007152086151823036,-0.15410144702957937,-0.07835220104108398,0.07574924598849536,-0.36274981183653776,0.21234916471852028,0.575098976555058,0.015480812421730605,0.5638982417836466,0.548417429361916,0.09253153593652029,0.6030743423041887,0.5105428063676682,0.31182390109227304,0.268799989487528,0.41230699402206167,0.3055000453756677,0.6944999546243322,0.6676749270442695,0.6129940800455087,0.6903855580587864,0.6403345035448891,-0.6676749270442695,-0.6129940800455087,-0.6403345035448891,-0.02271063101451698,-0.07739147801327773,6.806678771972656,20.711761474609375,27.51844024658203,877.53515625,-3764.5654296875,-2887.0302734375,,,,,,,,,,,,,,,,,,,,,,,,,,,,,,,,,,,,SAD,Placebo,0,Male,1,19,0.0
N112,phase2_extinction,phase2_ext_memory_fear_network,24,12684,1.5452874024742596,1.3701545226095027,1.5768678872016446,1.2233814687831752,1.0871395226815417,1.2358125636630355,-0.5452874024742596,-0.1751328798647569,0.20671336459214196,-0.07177619756868592,-0.06190542561088663,0.8866664618821037,1.0204366349408227,0.03158048472738506,0.03158048472738506,0.03158048472738506,0.45632834603572503,0.828760476937501,0.285088822973226,0.285088822973226,0.142544411486613,0.37243213090177596,0.827511185103589,0.08734330792854994,0.657520953875002,0.19296559801255145,0.2676322888838,0.6036394035762065,0.006530376148136709,-0.05012497423363692,0.02840890989083017,-0.23764310539700417,-0.2660520152878345,0.02250102668222076,-0.18403795216243968,-0.20653897884466044,-0.0287333719765423,0.31004747024855817,0.3387808422251004,-0.042937826921957384,0.42886902294706025,0.47180684986901766,0.14416973275271336,0.42860178484633366,0.33495813118442475,0.588935044791176,0.411064955208824,0.751420039066706,0.727439004265692,0.7261918236382354,0.739429521666199,-0.751420039066706,-0.727439004265692,-0.739429521666199,0.025228215428470535,0.0012471806274565456,4.377837419509888,6.071112632751465,10.448950052261353,-73.525390625,-338.2109375,-411.736328125,,,,,,,,,,,,,,,,,,,,,,,,,,,,,,,,,,,,SAD,Placebo,0,Male,1,22,1.0
N113,phase2_extinction,phase2_ext_memory_fear_network,24,12684,1.5451038173382146,1.4028011336144095,1.547779838025738,1.2719462850742012,1.1798188476266271,1.294803274140598,-0.5451038173382146,-0.14230268372380506,0.14497870441132843,-0.06981333151814084,-0.03463522419058873,0.9079008858783599,1.0017319293630471,0.0026760206875233727,0.0026760206875233727,0.0026760206875233727,0.46448424185244286,0.8245928401264147,0.2890770819788575,0.2890770819788575,0.14453854098942875,0.3601085982739718,0.8331416156572728,0.07103151629511428,0.6491856802528293,0.20980449201378062,0.2848481425244569,0.7248794446011477,0.006217003882629069,-0.012062111634790878,0.03606901828825532,-0.03184720100039051,-0.06791621928864577,0.024131255335811508,-0.04257805145961091,-0.06670930679542242,-0.022820885220036724,0.44454077789153035,0.4673616631115671,-0.04085539436416438,0.4604643783917256,0.50131977275589,0.243822223260338,0.1427601493844346,0.20190879608594053,0.5908337959987201,0.4091662040012799,0.7015593120425107,0.6994508575407533,0.6911705483400147,0.700505084791632,-0.7015593120425107,-0.6994508575407533,-0.700505084791632,0.010388763702495973,0.008280309200738634,-7.940633058547974,8.99724006652832,1.0566070079803467,-19.8203125,-383.197265625,-403.017578125,,,,,,,,,,,,,,,,,,,,,,,,,,,,,,,,,,,,SAD,Oxytocin,1,Male,1,20,0.0
N114,phase2_extinction,phase2_ext_memory_fear_network,24,12684,1.1889424298736935,1.5284894406204121,1.7337948317120269,1.1123858130712603,1.2472896223288932,1.292851597744023,-0.18894242987369347,0.33954701074671867,0.20530539109161472,0.44219970629252603,0.15768479696519777,1.285587417320884,1.4582664169143593,0.5448524018383334,0.5448524018383334,0.5448524018383334,0.58408048223513,0.8498971774725848,0.4339776597077148,0.4339776597077148,0.21698882985385737,0.43397765970771474,0.794800985916539,0.16816096447025997,0.6997943549451695,0.31604174018604353,0.4063105655904994,0.791895183402354,0.06433554681939999,-0.03930886845366709,0.2617738300728697,-0.2171818987690891,-0.47895572884195875,0.4639371147127429,0.012577577503384507,-0.4513595372093584,0.2352076319135154,0.419171814110462,0.1839641821969466,0.10432071687708055,0.5277627634950066,0.42344204661792606,0.6125694098682566,0.4468276567282523,1.0138995165281166,0.3963869372253055,0.6036130627746945,0.696470029990298,0.7254726155888771,0.6318042092410934,0.7109713227895875,-0.696470029990298,-0.7254726155888771,-0.7109713227895875,0.06466582074920457,0.09366840634778373,14.472379684448242,-7.234655380249023,7.237724304199219,-469.0712890625,607.7109375,138.6396484375,,,,,,,,,,,,,,,,,,,,,,,,,,,,,,,,,,,,SAD,Placebo,0,Male,1,23,0.0
N115,phase2_extinction,phase2_ext_memory_fear_network,24,12684,1.497209671937146,1.5368438780745324,1.4650798550329511,1.1622891400370265,1.18082974363371,1.2248567119822735,-0.49720967193714594,0.03963420613738644,-0.07176402304158125,0.0037521946165959275,0.04055408777096514,1.0264720410344303,0.9785401956106615,-0.03212981690419481,-0.03212981690419481,-0.03212981690419481,0.5099072546506296,0.8123083960892042,0.32221565073983377,0.32221565073983377,0.1611078253699169,0.3222156507398338,0.8481670949074269,0.019814509301259164,0.6246167921784085,0.20973051200570053,0.26024153949644285,0.8506506354439762,0.028367719289829143,0.026507454650583573,0.10089339545999365,0.17175952119763815,0.0708661257376445,0.3275841675571325,0.02634698314615469,-0.3012371844109778,0.056894370217779544,0.4988931121224374,0.4419987419046579,0.0064476724877827185,0.41301335152361834,0.4065656790358356,0.20810553186945022,0.2015604081678915,0.1999902220045887,0.4469093732357569,0.553090626764243,0.6732844181285729,0.7229055493178893,0.6928074208720116,0.6980949837232311,-0.6732844181285729,-0.7229055493178893,-0.6980949837232311,-0.019523002743438767,0.03009812844587767,2.302997589111328,10.527996063232422,12.83099365234375,296.15234375,896.84765625,1193.0,,,,,,,,,,,,,,,,,,,,,,,,,,,,,,,,,,,,SAD,Oxytocin,1,Male,1,20,0.0
N117,phase2_extinction,phase2_ext_memory_fear_network,24,12684,1.2929341632498006,1.6670964417135612,1.5168760825723409,1.2055443839723838,1.2431905084533548,1.1963133311519873,-0.2929341632498006,0.3741622784637606,-0.15022035914122034,0.29905209889315043,0.01420753583028711,1.2893900371766807,1.173204416710296,0.22394191932254026,0.22394191932254026,0.22394191932254026,0.5924643474787739,0.8200780071602338,0.4125423546390077,0.4125423546390077,0.20627117731950384,0.4125423546390077,0.8275473532355542,0.1849286949575477,0.6401560143204676,0.2561926299905217,0.2654421824828612,1.0680575299562665,-0.03405264507667605,0.03143204862613025,-0.11408859350396769,0.03895913469167728,0.15304772819564494,-0.37760084108464576,0.47008509711643187,0.8476859382010776,0.05095806929866675,0.4238624612762315,0.37290439197756475,0.1080023660506506,0.4043828939303929,0.2963805278797423,0.12611026627740843,0.38449137747959733,0.40853679345631727,0.2562418873022966,0.7437581126977034,0.7095381194473003,0.7315314853471275,0.7112515431329817,0.7205348023972139,-0.7095381194473003,-0.7315314853471275,-0.7205348023972139,-0.0017134236856813923,0.020279942214145863,1.3953170776367188,3.22637939453125,4.621696472167969,-381.34375,510.1640625,128.8203125,,,,,,,,,,,,,,,,,,,,,,,,,,,,,,,,,,,,SAD,Placebo,0,Male,1,19,1.0
N118,phase2_extinction,phase2_ext_memory_fear_network,24,12684,1.368722949024649,1.6529682940912909,1.463254985172239,1.142942845981503,1.24955413272282,1.1293152453149848,-0.3687229490246491,0.2842453450666418,-0.18971330891905192,0.18938869060711583,0.04649184303739928,1.2076719274652885,1.0690658584517012,0.09453203614758987,0.09453203614758987,0.09453203614758987,0.5705867180756757,0.8120300115254478,0.3826167296011236,0.3826167296011236,0.1913083648005618,0.3826167296011236,0.8413904571771241,0.14117343615135147,0.6240600230508957,0.28698040597635144,0.3387586183348043,1.0145532575436331,-0.01613781285144599,-0.00966842843198022,0.006534180617981528,-0.030472833088028617,-0.03700701370601006,-0.31675620648862113,-0.23145706413822265,0.08529914235039848,0.08490880994483291,0.47708267577284647,0.3921738658280136,0.08164171963584214,0.4923190923168608,0.41067737268101867,0.31757634422313247,0.3011341760933239,0.288090535376484,0.24209480562710167,0.7579051943728983,0.6842588382613464,0.6662902540700287,0.726823890997502,0.6752745461656875,-0.6842588382613464,-0.6662902540700287,-0.6752745461656875,-0.04256505273615563,-0.06053363692747327,-3.4283447265625,18.071877479553223,14.643532752990723,519.279296875,-1143.912109375,-624.6328125,,,,,,,,,,,,,,,,,,,,,,,,,,,,,,,,,,,,SAD,Oxytocin,1,Male,1,21,1.0
N120,phase2_extinction,phase2_ext_memory_fear_network,24,12684,1.3898965001523604,1.4973855911176828,1.6049432485426682,1.2181206824987494,1.1546855682702373,1.1685900091354513,-0.38989650015236044,0.10748909096532233,0.10755765742498546,0.16126791967781506,-0.05648289379590521,1.0773360319852443,1.154721403226442,0.2150467483903078,0.2150467483903078,0.2150467483903078,0.5268464292937183,0.8327081388323219,0.35955456812604014,0.35955456812604014,0.17977728406302007,0.35955456812604014,0.8246957302627331,0.053692858587436554,0.6654162776646437,0.27609896166728654,0.3409623912693894,0.9134704086832817,0.039195607997966606,0.009093198755583077,0.11731191458198964,0.056180734489435835,-0.061131180092553805,0.38843989629383646,0.23201493320462152,-0.15642496308921494,0.09001026062721207,0.5489339872430737,0.45892372661586167,0.03135430333621725,0.5208436199983558,0.4894893166621386,0.33591137203104493,0.22065169947485277,0.4570291463960018,0.49475378695545236,0.5052462130445476,0.7115876309460729,0.6735907594967843,0.705316528366605,0.6925891952214286,-0.7115876309460729,-0.6735907594967843,-0.6925891952214286,0.0062711025794679465,-0.0317257688698207,14.670182228088379,1.137685775756836,15.807868003845215,291.6298828125,354.3828125,646.0126953125,,,,,,,,,,,,,,,,,,,,,,,,,,,,,,,,,,,,SAD,Placebo,0,Female,0,20,0.0
N121,phase2_extinction,phase2_ext_memory_fear_network,24,12684,1.5054439707736282,1.6204254874015722,1.3631204708060873,1.131244490803064,1.2201446700808543,1.213334738895853,-0.5054439707736282,0.11498151662794398,-0.2573050165954849,-0.013670991669798571,0.08549521368528956,1.076377140628545,0.9054607731770912,-0.1423234999675409,-0.1423234999675409,-0.1423234999675409,0.5287137513500317,0.7962663879416237,0.3249801392916554,0.3249801392916554,0.16249006964582774,0.3249801392916555,0.8634762541340487,0.05742750270006347,0.5925327758832475,0.2430894957686061,0.2847421192169218,0.9036719177661724,0.0017488242404852699,0.02345789426175187,-0.01419377997715543,0.1869829332860523,0.20117671326320785,0.01998408786433381,0.1077917605958566,0.08780767273152279,0.027854973460293808,0.5447185947313669,0.5168636212710731,0.03495186344887152,0.4512271280883407,0.4162752646394692,0.20901811243948684,0.21747877831470397,0.3908718460021577,0.3859564100774066,0.6140435899225933,0.641863492457315,0.668460229451339,0.6857575190539988,0.655161860954327,-0.641863492457315,-0.668460229451339,-0.655161860954327,-0.043894026596683844,-0.01729728960265986,3.5153961181640625,8.383064270019531,11.898460388183594,-913.02734375,248.037109375,-664.990234375,,,,,,,,,,,,,,,,,,,,,,,,,,,,,,,,,,,,SAD,Oxytocin,1,Male,1,20,1.0
N122,phase2_extinction,phase2_ext_memory_fear_network,24,12684,1.4818069411056596,1.4792609650335566,1.5381732668058476,1.2155687872034049,1.169212237247083,1.041781388430353,-0.4818069411056596,-0.00254597607210294,0.05891230177229101,0.026910174814042565,-0.11007197436468674,0.9982818368680191,1.0380389062543742,0.05636632570018807,0.05636632570018807,0.05636632570018807,0.4993635063257865,0.8231990150424641,0.3225625213682506,0.3225625213682506,0.1612812606841253,0.32383550871667754,0.8365136888695341,0.0012729873484269572,0.6463980300849281,0.22054007626147515,0.27006973030469256,0.7744906565405753,0.009175451796399739,0.06439949008165263,0.10345553560597501,0.22375376765379196,0.12029823204781687,0.08361362391250249,0.4600630701370251,0.3764494462245226,0.055088662815697215,0.5495961413371366,0.4945074785214394,0.003360895012709711,0.43771925751024066,0.4343583624975309,0.2183450053048951,0.19174367456242214,0.22328281485739304,0.551674102596225,0.44832589740377504,0.7382814384221656,0.7164161317378692,0.7193895953188455,0.7273487850800174,-0.7382814384221656,-0.7164161317378692,-0.7273487850800174,0.01889184310332015,-0.0029734635809762766,14.421382904052734,-0.5919723510742188,13.829410552978516,-1702.7353515625,1003.27734375,-699.4580078125,,,,,,,,,,,,,,,,,,,,,,,,,,,,,,,,,,,,SAD,Oxytocin,1,Female,0,21,0.0
N123,phase2_extinction,phase2_ext_memory_fear_network,24,12684,1.5278237639150076,1.499208074032298,1.4724561138899501,1.2728420504085636,1.072487622079736,1.1292305068680593,-0.5278237639150076,-0.028615689882709683,-0.02675196014234782,-0.04199166995388359,-0.171982985934666,0.9812702876003935,0.963760440850335,-0.0553676500250575,-0.0553676500250575,-0.0553676500250575,0.4928465656597312,0.8134304162299196,0.3062769818896508,0.3062769818896508,0.1531384909448254,0.32058385057018846,0.8470461132304856,0.014306868680537654,0.6268608324598393,0.21310150249260268,0.298587890918286,0.7341708807235615,-0.049798562228638,-0.05710642527790094,-0.18835091614148786,-0.19119891902282155,-0.002848002881333689,-0.07699181259403032,-0.4837062555119136,-0.4067144429178833,-0.10473897915129937,0.3411670665543501,0.44590604570564946,-0.010563521080555444,0.43676652606576083,0.4473300471463163,0.23873246810909585,0.14280942941368252,0.27288445127398125,0.49761839937736396,0.502381600622636,0.6984320770032852,0.7044152142793356,0.6996862100784411,0.7014236456413104,-0.6984320770032852,-0.7044152142793356,-0.7014236456413104,-0.0012541330751558721,0.004729004200894504,-3.563352584838867,4.872931480407715,1.3095788955688477,374.96875,-202.0625,172.90625,,,,,,,,,,,,,,,,,,,,,,,,,,,,,,,,,,,,SAD,Placebo,0,Female,0,22,0.0
N124,phase2_extinction,phase2_ext_memory_fear_network,24,12684,1.4959742169463388,1.540520757571639,1.4624744065043678,1.2010456213762324,1.2009032388530705,1.123572440622345,-0.4959742169463388,0.04454654062530028,-0.07804635106727131,0.005523365091664623,-0.03880778163852461,1.029777605671878,0.9776066861055804,-0.033499810441971034,-0.033499810441971034,-0.033499810441971034,0.5111347938987756,0.8119108371065313,0.32304563100530687,0.32304563100530687,0.16152281550265346,0.3230456310053069,0.8485496039099172,0.02226958779755117,0.6238216742130627,0.24010640046864637,0.3176927496304352,0.7542791257564521,0.028173840671923973,0.0029985564123940845,0.07528556505187306,0.06534944397870607,-0.009936121073167048,0.10917701764201171,-0.19367917712702232,-0.302856194769034,0.032271834164577906,0.5182584712880044,0.48598663712342643,-0.005370948361358624,0.48558374929865133,0.49095469766001,0.32326598775709653,0.2351830596001714,0.31796176219763694,0.3489956998745068,0.6510043001254933,0.6664717897913843,0.6698657389338837,0.7081592223227369,0.668168764362634,-0.6664717897913843,-0.6698657389338837,-0.668168764362634,-0.04168743253135254,-0.03829348338885319,-7.103340148925781,23.005257606506348,15.901917457580566,1502.9619140625,-1503.3408203125,-0.37890625,,,,,,,,,,,,,,,,,,,,,,,,,,,,,,,,,,,,SAD,Oxytocin,1,Female,0,25,1.0
N125,phase2_extinction,phase2_ext_memory_fear_network,24,12684,1.4064374112998816,1.5044002466917248,1.583926925908088,1.098202257480935,1.1393611428710853,1.2932436414711321,-0.40643741129988165,0.09796283539184314,0.07952667921636314,0.1377261750000247,0.11810013469017377,1.0696531704206949,1.1261979395031767,0.17748951460820628,0.17748951460820628,0.17748951460820628,0.5244711417586589,0.8297599476935927,0.3542310894522516,0.3542310894522516,0.17711554472612584,0.3542310894522517,0.8282625270588473,0.048942283517317886,0.6595198953871855,0.2884552679398509,0.3791169476757239,0.8795010412016407,-0.045030046600980485,0.021772224081047824,-0.16650944275020027,0.07517968904514782,0.24168913179534812,-0.33954865428587,0.1697986919406953,0.5093473462265653,-0.046638923668741644,0.5778845826959171,0.6245235063646588,0.03661579770635849,0.5402947381733432,0.5036789404669848,0.43184503366824706,0.10936005820099681,0.4830407882297331,0.4049620720105236,0.5950379279894764,0.7547855302058594,0.656416700276172,0.686811214998326,0.7056011152410158,-0.7547855302058594,-0.656416700276172,-0.7056011152410158,0.06797431520753339,-0.03039451472215393,-3.4949188232421875,17.182430028915405,13.687511205673218,540.693359375,-264.560546875,276.1328125,,,,,,,,,,,,,,,,,,,,,,,,,,,,,,,,,,,,SAD,Placebo,0,Female,0,19,0.0
N127,phase2_extinction,phase2_ext_memory_fear_network,24,12684,1.527562419132078,1.3876235755942727,1.5786035455850458,1.1735658938732305,1.1694042145344954,1.2395049339275572,-0.527562419132078,-0.13993884353780528,0.19097996999077305,-0.04444885854241876,0.030888680357795906,0.9083907466765107,1.0334134405766762,0.05104112645296777,0.05104112645296777,0.05104112645296777,0.46507226931722634,0.8290066550502346,0.29407892436746097,0.29407892436746097,0.14703946218373048,0.3639343857330083,0.8282246025527755,0.06985546136554732,0.6580133101004693,0.23218563194315478,0.3656625911634125,0.6359253971733964,-0.025068130801223103,-0.04311582131974036,-0.13362626754758028,-0.12101439447307138,0.012611873074509061,-0.15793669187092774,-0.5046728750432586,-0.3467361831723309,-0.12830997928857601,0.46536091216455977,0.5936708914531359,-0.061496845514785875,0.5258681094010955,0.5873649549158813,0.2486924472865686,0.22661997788565819,0.261250573597719,0.5744081233690262,0.42559187663097375,0.6720934438535805,0.6688893740194901,0.7041979887455955,0.6704914089365352,-0.6720934438535805,-0.6688893740194901,-0.6704914089365352,-0.032104544892014975,-0.03530861472610536,4.378841400146484,6.855796813964844,11.234638214111328,-114.4013671875,-201.9482421875,-316.349609375,,,,,,,,,,,,,,,,,,,,,,,,,,,,,,,,,,,,SAD,Oxytocin,1,Female,0,41,0.0
N128,phase2_extinction,phase2_ext_memory_fear_network,24,12684,1.509426431825878,1.4088492708016123,1.5770283020975335,1.2254395093390817,1.1031740962944343,1.282179057912459,-0.5094264318258781,-0.10057716102426584,0.16817903129592127,-0.016487645376305204,-0.03276293223563509,0.9333672922129266,1.0447864555690973,0.06760187027165543,0.06760187027165543,0.06760187027165543,0.474876884469283,0.8287832412653067,0.30366012573458967,0.30366012573458967,0.15183006286729483,0.35390635679602367,0.8293293558068944,0.050246231061434,0.6575664825306133,0.22580514289641523,0.3125328353797443,0.7318371889098705,-0.018217275137447253,9.505986229462642e-05,0.015220777980395284,-0.07632138390497512,-0.09154216188537034,-0.16218721405854986,0.044547572445919115,0.20673478650446897,-0.02520746195755902,0.44626744478809954,0.4714749067456586,-0.03281785094775666,0.4844281367405871,0.5172459876883437,0.2127576717950078,0.2680063138831621,0.3320206017545575,0.5645568457130866,0.4354431542869134,0.7054440255076807,0.6922343679230061,0.685905721989656,0.6988391967153433,-0.7054440255076807,-0.6922343679230061,-0.6988391967153433,0.019538303518024658,0.00632864593335003,6.49344539642334,-1.4589080810546875,5.034537315368652,232.921875,-434.2783203125,-201.3564453125,,,,,,,,,,,,,,,,,,,,,,,,,,,,,,,,,,,,SAD,Placebo,0,Male,1,25,1.0
N129,phase2_extinction,phase2_ext_memory_fear_network,24,12684,1.6518775922661961,1.1846575905260002,1.624909098548871,1.2323639347392654,1.0322519067718772,1.3336028242319156,-0.6518775922661961,-0.46722000174019596,0.44025150802287083,-0.24709424772876054,-0.049436569237369055,0.7171582137204228,0.983674030279043,-0.026968493717325126,-0.026968493717325126,-0.026968493717325126,0.385274442618077,0.8354710422455576,0.22074548486363454,0.22074548486363454,0.11037274243181727,0.4501965996274806,0.8033585846464486,0.22945111476384605,0.6709420844911151,0.18319087249064003,0.367560223652003,0.43976277661589663,-0.0053302256968316905,0.03133706152180457,0.04780374081436886,0.13888614261003207,0.09108240179566318,-0.04376691945372757,0.26719716304967234,0.3109640825033999,-0.1342380568590163,0.5939647435524968,0.7282028004115131,-0.15813992726620074,0.5245216722474808,0.6826615995136814,0.2966383005652325,0.3912040322966267,0.6401506759755429,0.7435306817999053,0.25646931820009466,0.6972479900353181,0.6752369872183936,0.6752654245112417,0.6862424886268559,-0.6972479900353181,-0.6752369872183936,-0.6862424886268559,0.021982565524076403,-2.8437292848071394e-05,7.268344402313232,-2.9496607780456543,4.318683624267578,1599.466796875,-1357.390625,242.076171875,,,,,,,,,,,,,,,,,,,,,,,,,,,,,,,,,,,,SAD,Oxytocin,1,Female,0,26,1.0
N130,phase2_extinction,phase2_ext_memory_fear_network,24,12684,1.545242351716865,1.4332859904384916,1.5192580260794588,1.342111008470519,1.3094286084717872,1.3075224294899228,-0.545242351716865,-0.11195636127837338,0.08597203564096723,-0.06897034345788988,-0.033635489489663994,0.9275476947486849,0.9831842976343621,-0.025984325637406158,-0.025984325637406158,-0.025984325637406158,0.47204010821674913,0.8204291951753537,0.29246930339210286,0.29246930339210286,0.14623465169605143,0.3483890869586046,0.8384401895934371,0.055919783566501735,0.6408583903507075,0.20768364720437668,0.3301079763755216,0.5517137789922917,-0.029497382546743056,0.037826632498366305,-0.13054048398883977,0.04842070259854797,0.1789611865873878,-0.3428719756198224,0.39181514242284865,0.7346871180426711,-0.10342567829283775,0.47773308200644515,0.5811587602992829,-0.03815543629841786,0.4535227307071712,0.49167816700558903,0.35078408831074415,0.5438469737177005,0.8225805582181874,0.5683363614927526,0.4316636385072474,0.6919621766231181,0.7006010898984738,0.652460510429901,0.696281633260796,-0.6919621766231181,-0.7006010898984738,-0.696281633260796,0.039501666193217044,0.04814057946857275,-8.516478538513184,-8.442197799682617,-16.9586763381958,644.279296875,-2.423828125,641.85546875,,,,,,,,,,,,,,,,,,,,,,,,,,,,,,,,,,,,SAD,Placebo,0,Male,1,23,0.0
N131,phase2_extinction,phase2_ext_memory_fear_network,24,12684,1.6081701344398271,1.6429641820574272,1.2169419641510817,1.3465645214514046,1.3539726128099088,1.1864147306122432,-0.6081701344398271,0.03479404761760008,-0.42602221790634553,-0.1782170613355727,-0.0763708497403286,1.0216357937858123,0.7567246341182253,-0.39122817028874546,-0.39122817028874546,-0.39122817028874546,0.5086976344570846,0.7715249442311023,0.28022257868818695,0.28022257868818695,0.14011128934409345,0.2802225786881869,0.8875626046348963,0.017395268914169204,0.5430498884622046,0.20017753187276455,0.2578719138017892,0.8348724829857489,7.18495503932475e-05,0.026269034215627002,-0.02056516974232056,0.11206991697754348,0.13263508671986401,-0.048697810673579145,0.226626276644893,0.27532408731847213,-0.004304990725657265,0.4504124280887978,0.45471741881445504,0.005977594145503015,0.39437746960002606,0.38839987545452304,0.22351083365593283,0.1562349789828684,0.33320279526462415,0.44715271830684983,0.5528472816931502,0.6405866549017517,0.6826174497330041,0.6954265462705258,0.6616020523173779,-0.6405866549017517,-0.6826174497330041,-0.6616020523173779,-0.054839891368774096,-0.012809096537521714,4.015871047973633,-8.187629699707031,-4.171758651733398,770.275390625,284.142578125,1054.41796875,,,,,,,,,,,,,,,,,,,,,,,,,,,,,,,,,,,,SAD,Placebo,0,Female,0,26,1.0
N132,phase2_extinction,phase2_ext_memory_fear_network,24,12684,1.1344934587346174,1.6525270033377348,1.6631201657362387,0.847822557970363,1.1186117798095458,1.2216681872302217,-0.13449345873461738,0.5180335446031175,0.01059316239850383,0.5233301258023695,0.3223174255495208,1.4566209933151204,1.4659583431460712,0.5286267070016213,0.5286267070016213,0.5286267070016213,0.626687828422031,0.840656403667335,0.4673442320893659,0.4673442320893659,0.23367211604468296,0.46734423208936593,0.7929591359982568,0.25337565684406194,0.6813128073346699,0.23277221288792274,0.4033080264309683,0.53134586110748,0.07993509343742372,-0.053674468770594015,0.19378803042380924,-0.47919062545041274,-0.6729786558742219,0.4755246351998532,-0.49158280284986255,-0.9671074380497158,0.3741848726545469,-0.051341744392003175,-0.42552661704655004,0.2772908574426423,0.1882535683332032,-0.0890372891094391,0.4931461317667851,0.8463954786583839,0.8229651506940138,0.26380994324259577,0.7361900567574042,0.7097930197327768,0.8844273869676462,0.6217574472019115,0.7971102033502115,-0.7097930197327768,-0.8844273869676462,-0.7971102033502115,0.08803557253086525,0.2626699397657347,6.064774513244629,9.091805413365364,15.156579926609993,319.8564453125,3059.1611328125,3379.017578125,,,,,,,,,,,,,,,,,,,,,,,,,,,,,,,,,,,,SAD,Oxytocin,1,Female,0,19,0.0
N133,phase2_extinction,phase2_ext_memory_fear_network,24,12684,1.6545550946734924,1.671813546677615,1.1202561602944487,1.2298740319203532,1.2693522917874476,1.0395014268491531,-0.6545550946734924,0.01725845200412257,-0.5515573863831662,-0.25852024118746053,-0.07544717260205269,1.0104308656480367,0.6770739500486559,-0.5342989343790436,-0.5342989343790436,-0.5342989343790436,0.5043145059104324,0.7540362284618151,0.2583507343722475,0.2583507343722475,0.1291753671861237,0.2583507343722474,0.9023821197760389,0.00862901182086473,0.5080724569236301,0.1751265716910388,0.24452341537060307,0.6962236535838294,-0.018067206737888714,-0.005347534797622468,0.024884254895003732,-0.02812533628409275,-0.05300959117909654,-0.23281897145603514,-0.05658580255434742,0.17623316890168772,-0.011037524823251876,0.3596701275107849,0.3707076523340368,-0.023479652270753743,0.37373279565283135,0.39721244792358507,0.18074035928508284,0.28280781324096405,0.395081324424632,0.39478242126901436,0.6052175787309857,0.7570222930571456,0.6716955416313188,0.6814405211900048,0.7143589173442322,-0.7570222930571456,-0.6716955416313188,-0.7143589173442322,0.07558177186714088,-0.009744979558685918,-4.6202850341796875,18.434505462646484,13.814220428466797,1626.87109375,-2803.4306640625,-1176.5595703125,,,,,,,,,,,,,,,,,,,,,,,,,,,,,,,,,,,,SAD,Placebo,0,Male,1,33,1.0
N134,phase2_extinction,phase2_ext_memory_fear_network,24,12684,1.4061061143474036,1.630412467428061,1.4533524700098996,1.1386056278520509,1.2922641625185023,1.2129811827762955,-0.4061061143474036,0.22430635308065727,-0.17705999741816125,0.13577635437157665,0.11401704479534791,1.1595230539122796,1.0336008391147744,0.04724635566249602,0.04724635566249602,0.04724635566249602,0.5558426485242443,0.8105138462439075,0.36635649476815174,0.36635649476815174,0.1831782473840759,0.3663564947681518,0.8456893453398406,0.11168529704848851,0.6210276924878151,0.29826567162214646,0.32702154649338044,1.2155416246976598,-0.02468394339133429,-0.05137803953245063,-0.1742232626965012,-0.20839554455708964,-0.034172281860588405,0.006831344214462742,-0.2836143322395466,-0.2904456764540093,0.0425607063627661,0.36266123325473143,0.32010052689196533,0.12967233771101672,0.46685900553327625,0.33718666782225953,0.23977778185939017,0.14932474756517264,0.35331541944744255,0.2776192515036503,0.7223807484963497,0.7849719634671908,0.6794603887021091,0.6731991624019246,0.73221617608465,-0.7849719634671908,-0.6794603887021091,-0.73221617608465,0.11177280106526621,0.0062612263001845525,24.46377658843994,-29.922417640686035,-5.458641052246094,-399.6318359375,1982.8544921875,1583.22265625,,,,,,,,,,,,,,,,,,,,,,,,,,,,,,,,,,,,SAD,Placebo,0,Female,0,21,0.0
N135,phase2_extinction,phase2_ext_memory_fear_network,24,12684,1.483387940322151,1.6112971522326363,1.3973038464264511,1.1332816415770233,1.2846534498235465,1.1470086103626624,-0.48338794032215104,0.1279092119104852,-0.21399330580618514,0.02091255900739264,0.08254938851608129,1.0862277476925082,0.9419679094218038,-0.08608409389569993,-0.08608409389569993,-0.08608409389569993,0.5319337764234262,0.8017557011055644,0.3336894775289906,0.3336894775289906,0.1668447387644953,0.3336894775289906,0.8577291691494668,0.06386755284685242,0.6035114022111288,0.19913498737068763,0.22504667497595993,0.75326837516883,-0.01337018468585856,0.08932005163445465,-0.025362087164655878,0.4349630318931075,0.46032511905776347,-0.2568889330160339,0.6831275477422447,0.9400164807582786,0.04919479256791867,0.5538756545376824,0.5046808619697638,0.06187583615024661,0.33639413859112866,0.27451830244088204,0.16193300641666697,0.3195701851862674,0.39140837167801174,0.371865882440247,0.628134117559753,0.7661943614307143,0.7411518039976536,0.7039717235143514,0.753673082714184,-0.7661943614307143,-0.7411518039976536,-0.753673082714184,0.062222637916362844,0.037180080483302125,8.121267318725586,-14.496797561645508,-6.375530242919922,2607.10546875,-3143.771484375,-536.666015625,,,,,,,,,,,,,,,,,,,,,,,,,,,,,,,,,,,,SAD,Oxytocin,1,Male,1,45,0.0
N136,phase2_extinction,phase2_ext_memory_fear_network,24,12684,1.4872677083203822,1.4297621224665613,1.579087411477201,1.2593110312308124,1.194773272743225,1.3378579280394394,-0.48726770832038224,-0.05750558585382093,0.1493252890106398,0.01715705865149908,0.007004569160519836,0.9613347380935803,1.0617371654247385,0.09181970315681887,0.09181970315681887,0.09181970315681887,0.48562756399322515,0.8290752343575318,0.314702798350757,0.314702798350757,0.1573513991753785,0.3434476703643067,0.8296098885090415,0.028744872013549694,0.6581504687150637,0.2471312557161281,0.32753866225854167,0.7905721216774945,0.01581365652793641,-0.0007957989811385801,0.09677454442374822,0.07139709410596717,-0.025377450317780936,0.05197035561034391,-0.11726932145444868,-0.1692396770647926,0.019017132531051667,0.5593311981660622,0.5403140656350106,-0.029370139680822444,0.5236326511130787,0.553002790793901,0.232584352606516,0.16323643487487355,0.30676783574600797,0.5203990537649362,0.4796009462350638,0.6937835050715112,0.6695249937891924,0.6879016494475184,0.6816542494303518,-0.6937835050715112,-0.6695249937891924,-0.6816542494303518,0.005881855623992793,-0.018376655658326024,3.931985855102539,-6.604026794433594,-2.6720409393310547,285.9423828125,-415.6044921875,-129.662109375,,,,,,,,,,,,,,,,,,,,,,,,,,,,,,,,,,,,SAD,Placebo,0,Female,0,26,0.0
N137,phase2_extinction,phase2_ext_memory_fear_network,24,12684,1.4703165033770402,1.5648468748157285,1.4625766265010631,1.1729635709893906,1.166409869977251,1.2216600396985693,-0.47031650337704023,0.09453037143868825,-0.10227024831466536,0.043395247281355465,0.021071383848519476,1.0642925251662785,0.9947359042726114,-0.007739876875977103,-0.007739876875977103,-0.007739876875977103,0.5236150101846978,0.8119264467911088,0.3355414569758066,0.3355414569758066,0.1677707284879033,0.3355414569758066,0.8479071759679873,0.04723002036939561,0.6238528935822176,0.2540121790882456,0.34489040636581003,0.8163118974482939,0.05557694601349436,0.003386231914824157,0.3037207880447169,-0.012866608033891502,-0.31658739607860853,0.36493579308156354,0.11236548737048979,-0.25257030571107375,0.15308207595465656,0.5003693722272473,0.3472872962725907,0.001221681932298116,0.5068026762441931,0.505580994311895,0.2665553260977791,0.1844446488961087,0.3581370042107857,0.24187695564216183,0.7581230443578382,0.7290194561712422,0.6507896498503923,0.7235982520756353,0.6899045530108172,-0.7290194561712422,-0.6507896498503923,-0.6899045530108172,0.0054212040956068686,-0.07280860222524299,-14.56761908531189,31.469573974609375,16.901954889297485,-324.53125,188.4892578125,-136.0419921875,,,,,,,,,,,,,,,,,,,,,,,,,,,,,,,,,,,,SAD,Oxytocin,1,Female,0,27,1.0
N138,phase2_extinction,phase2_ext_memory_fear_network,24,12684,1.5313565597520271,1.480758604862315,1.487370261885089,1.2366289041745957,1.2154396937345746,1.115042565894096,-0.5313565597520271,-0.05059795488971219,0.006611657022774109,-0.04729212637832525,-0.07138777436026045,0.9669587306515389,0.9712762469983978,-0.043986297866938084,-0.043986297866938084,-0.043986297866938084,0.48735320930575377,0.8156832351570134,0.3030364444627671,0.3030364444627671,0.15151822223138356,0.3283300258512596,0.8444842329557305,0.02529358138849247,0.6313664703140267,0.215348942294455,0.3023384674475618,0.7319081141757067,0.017743790957106972,-0.01927604875106342,0.04042880066053528,-0.03909806907776037,-0.07952686973829559,-0.16914050527942037,-0.4061556417947294,-0.23701513651530903,-0.0009585886943687671,0.4323218390746662,0.43328042776903497,-0.021172989024636407,0.4518708736135464,0.47304386263818277,0.28473945579123916,0.2599046704285874,0.3126682687320463,0.5435969176364268,0.4564030823635732,0.6996170654541453,0.6965812653665713,0.7035579548996695,0.6980991654103583,-0.6996170654541453,-0.6965812653665713,-0.6980991654103583,-0.003940889445524287,-0.006976689533098268,-5.871458053588867,4.565288543701172,-1.3061695098876953,292.2685546875,-177.2998046875,114.96875,,,,,,,,,,,,,,,,,,,,,,,,,,,,,,,,,,,,SAD,Oxytocin,1,Male,1,30,0.0
N141,phase2_extinction,phase2_ext_memory_fear_network,24,12684,1.376209169011775,1.6018955876238365,1.5134686660962355,1.1663930256962167,1.2174049880705218,1.2793924227281424,-0.37620916901177504,0.2256864186120615,-0.08842692152760101,0.181472957848261,0.08200567970311545,1.1639913554232517,1.099737372179877,0.1372594970844605,0.1372594970844605,0.1372594970844605,0.5561833349992269,0.8195746941771095,0.37575802917633633,0.37575802917633633,0.1878790145881682,0.3757580291763364,0.8359396906392838,0.1123666699984538,0.639149388354219,0.2879076870334176,0.33485743160570874,0.9560176009040467,0.03559386468772113,-0.004382340046428891,0.14432353186314342,-0.08070907641628511,-0.2250326082794285,0.12981209179776299,0.008415826525953629,-0.12139626527180936,0.1288085292346805,0.47881407255558395,0.3500055433209035,0.05664676330310879,0.5191686107637266,0.46252184746061775,0.2865693523548124,0.2806585899786179,0.26107126737825637,0.3572700596346882,0.6427299403653117,0.7177448851100976,0.6521569734457193,0.7089749245184603,0.6849509292779085,-0.7177448851100976,-0.6521569734457193,-0.6849509292779085,0.00876996059163726,-0.05681795107274101,5.116360664367676,-3.1470842361450195,1.9692764282226562,182.439453125,698.978515625,881.41796875,,,,,,,,,,,,,,,,,,,,,,,,,,,,,,,,,,,,SAD,Placebo,0,Female,0,22,0.0
N142,phase2_extinction,phase2_ext_memory_fear_network,24,12684,1.3586875597626176,1.5364959536042804,1.5953132089871935,1.143939713837789,1.2623343172556942,1.1974023616608693,-0.35868755976261757,0.1778083938416628,0.05881725538291316,0.2072170215331195,0.08592862562049275,1.1308677489945158,1.1741575064721597,0.23662564922457596,0.23662564922457596,0.23662564922457596,0.5443353517374008,0.8313623217501553,0.3756976734875561,0.3756976734875561,0.18784883674377806,0.3756976734875561,0.8244499045983844,0.08867070347480155,0.6627246435003107,0.26872139380316085,0.333531569042286,0.9188248436077,-0.029340260899594506,0.009195328028491203,-0.23572479360913942,-0.003157537655128051,0.23256725595401145,0.15490536843967417,0.0835895121133845,-0.07131585632628967,-0.06096095272606156,0.4789625747002496,0.5399235274263112,0.056901444078508154,0.48054134352781364,0.42363989944930547,0.29164132003756577,0.22840566412210558,0.30885932151606543,0.29508493925406143,0.7049150607459386,0.6413889940933376,0.7175220880512228,0.7152709970418175,0.6794555410722802,-0.6413889940933376,-0.7175220880512228,-0.6794555410722802,-0.07388200294847991,0.002251091009405237,-12.002620697021484,32.00800609588623,20.005385398864746,420.4736328125,-892.7822265625,-472.30859375,,,,,,,,,,,,,,,,,,,,,,,,,,,,,,,,,,,,SAD,Oxytocin,1,Female,0,20,0.0
N143,phase2_extinction,phase2_ext_memory_fear_network,24,12684,1.554780622513405,1.2389904873904432,1.6752997042267612,1.191766233010715,1.0765948429331158,1.3016704170315592,-0.5547806225134051,-0.31579013512296195,0.43630921683631807,-0.09763552670480302,-0.0026336030283775624,0.7968908677409582,1.0775151614273257,0.12051908171335612,0.12051908171335612,0.12051908171335612,0.42170206539926636,0.8422811308620205,0.26398319626128686,0.26398319626128686,0.13199159813064343,0.42057906546275414,0.805531119154378,0.15659586920146729,0.684562261724041,0.2461841873994151,0.3938313522129512,0.5884992775628877,0.013622324947712053,0.023952503760082462,0.05827266094784034,0.01936384791643908,-0.03890881303140126,-0.0429073293920742,0.49810124032051606,0.5410085697125903,-0.060051877014934946,0.5912385062459049,0.6512903832608399,-0.08918820748885511,0.5815565822876854,0.6707447897765405,0.3331659153863473,0.3627487472738806,0.5215530882398324,0.6958646808199225,0.3041353191800775,0.7029035093607621,0.6513088771540239,0.6981770252890445,0.677106193257393,-0.7029035093607621,-0.6513088771540239,-0.677106193257393,0.004726484071717607,-0.046868148135020604,20.85347843170166,-1.0046672821044922,19.848811149597168,-686.9482421875,795.876953125,108.9287109375,,,,,,,,,,,,,,,,,,,,,,,,,,,,,,,,,,,,SAD,Oxytocin,1,Male,1,23,0.0
N144,phase2_extinction,phase2_ext_memory_fear_network,24,12684,1.4832728816977716,1.4857879384553592,1.5304595930982596,1.1279009354718466,1.0615661658505033,1.2352616109900452,-0.4832728816977716,0.0025150567575875638,0.04467165464290046,0.024850884079037794,0.02051295294842781,1.0016956062311022,1.0318125556427298,0.047186711400488024,0.047186711400488024,0.047186711400488024,0.5006287638579592,0.8220735482173621,0.32270231207532135,0.32270231207532135,0.16135115603766065,0.3227023120753213,0.837759339323741,0.0012575277159183607,0.6441470964347242,0.2572074316981733,0.35995995805758196,0.7425890875260392,0.011754772664785465,0.05288577107710545,0.10459367834424388,0.23051687196920412,0.1259231936249603,-0.012445935974064293,0.13097424284272718,0.14342017881679148,0.050153925696858004,0.6318162128562126,0.5816622871593546,-0.0021429134752639356,0.5165577768716105,0.5187006903468745,0.4400883968790069,0.21105316827352621,0.35255497181882545,0.5125669247490183,0.4874330752509817,0.7584287421991264,0.6629764312864597,0.7031195745322113,0.710702586742793,-0.7584287421991264,-0.6629764312864597,-0.710702586742793,0.05530916766691507,-0.040143143245751634,13.962793350219727,-11.341817855834961,2.6209754943847656,1619.912109375,-1782.7646484375,-162.8525390625,,,,,,,,,,,,,,,,,,,,,,,,,,,,,,,,,,,,SAD,Oxytocin,1,Female,0,18,0.0
N145,phase2_extinction,phase2_ext_memory_fear_network,24,12684,1.7575447497749916,1.7632158633865662,0.8436215363202479,1.218388366914279,1.201113888735506,0.8829727131314136,-0.7575447497749916,0.005671113611574574,-0.9195943270663183,-0.4541260499215847,-0.17634506598081923,1.003226719308304,0.4800000293752132,-0.9139232134547437,-0.9139232134547437,-0.9139232134547437,0.501417774603079,0.6992274047539981,0.2006451793570771,0.2006451793570771,0.10032258967853858,0.20064517935707715,0.941113732282731,0.002835549206158028,0.3984548095079963,0.1362319522453037,0.18794514035431067,0.6837365199095663,0.019092898111395636,0.030499218914542374,0.08001599023915254,0.13521621410436177,0.05520022386520923,0.2459874617882044,0.2418340266352198,-0.004153435152984608,0.0037350429051907774,0.3763449637571738,0.372609920851983,-0.03627295221438549,0.3087368567049929,0.3450098089193784,0.12104746593822249,0.10524515730622705,0.11401704567152378,0.5015445339207985,0.49845546607920155,0.9834115484228667,0.6240170366094351,0.6515124602733052,0.8037142925161509,-0.9834115484228667,-0.6240170366094351,-0.8037142925161509,0.3318990881495615,-0.027495423663870144,36.87353277206421,-31.519571781158447,5.353960990905762,16088.94140625,-16022.67578125,66.265625,,,,,,,,,,,,,,,,,,,,,,,,,,,,,,,,,,,,SAD,Placebo,0,Female,0,34,0.0
N146,phase2_extinction,phase2_ext_memory_fear_network,24,12684,1.544611752485281,1.4360158883984178,1.5173088919070894,1.2690462468129486,1.1388608101236928,1.3089506889790943,-0.5446117524852809,-0.10859586408686317,0.08129300350867164,-0.06794936233252735,-0.045140497261555,0.9296937413501679,0.9823237973183234,-0.027302860578191535,-0.027302860578191535,-0.027302860578191535,0.4728776833369138,0.820141859360966,0.2930195426978798,0.2930195426978798,0.1465097713489399,0.34726417602405213,0.8388215095032842,0.05424463332617235,0.6402837187219319,0.21283243805861862,0.3031666750892708,0.6259029405532462,-0.013976795146462218,-0.06963571280054592,-0.085229164066175,-0.2376979160994409,-0.15246875203326593,-0.005667605550687016,-0.3211956997758453,-0.31552809422515826,-0.07082816217555468,0.33502949820998396,0.4058576603855386,-0.02821358014246718,0.4538784562597044,0.4820920364021716,0.3364431027475404,0.3628013195907263,0.34930706126620964,0.5920616928139304,0.4079383071860696,0.6975794144453119,0.699691795374932,0.6757596256136572,0.6986356049101219,-0.6975794144453119,-0.699691795374932,-0.6986356049101219,0.021819788831654696,0.02393216976127477,-11.25791049003601,-5.482853412628174,-16.740763902664185,668.875,-143.4150390625,525.4599609375,,,,,,,,,,,,,,,,,,,,,,,,,,,,,,,,,,,,SAD,Oxytocin,1,Male,1,33,1.0
N147,phase2_extinction,phase2_ext_memory_fear_network,24,12684,1.6945037367492781,1.0952365642328235,1.6500766300007474,1.2846096411976686,1.0540148687148272,1.2306351367226545,-0.6945037367492781,-0.5992671725164547,0.554840065767924,-0.3218471396324927,-0.1422846384789278,0.6463464989876335,0.9737816355769296,-0.044427106748530676,-0.044427106748530676,-0.044427106748530676,0.35451137104393926,0.8389014069179116,0.19341277796185086,0.19341277796185086,0.09670638898092543,0.48439003587397234,0.7874819792186759,0.2909772579121215,0.6778028138358232,0.1701925189555392,0.4245452732783388,0.3592398771185256,-0.004638516641797467,-0.04097440141012336,0.20328769184436402,-0.13983708622913998,-0.34312477807350406,-0.4080966257727483,-0.517629022102744,-0.10953239632999567,-0.11385639898659283,0.4859667397052832,0.599823138691876,-0.21550024490877484,0.5558852828198532,0.771385527728628,0.34553764237930695,0.36234150302307616,0.4980938253155774,0.7914170387370277,0.20858296126297227,0.6495951310677575,0.6625348499140749,0.7289279352673237,0.6560649904909162,-0.6495951310677575,-0.6625348499140749,-0.6560649904909162,-0.07933280419956623,-0.06639308535324884,-3.478769302368164,3.031505584716797,-0.4472637176513672,-547.865234375,530.794921875,-17.0703125,,,,,,,,,,,,,,,,,,,,,,,,,,,,,,,,,,,,SAD,Oxytocin,1,Female,0,18,0.0
N148,phase2_extinction,phase2_ext_memory_fear_network,24,12684,1.436820357147294,1.428759156714975,1.6253785638718894,1.2307545304093228,1.2124241469047452,1.2524605154488677,-0.43682035714729395,-0.008061200432318838,0.19661940715691428,0.09024850314613841,0.0016878007674836493,0.9943895488840239,1.1312329648409456,0.18855820672459545,0.18855820672459545,0.18855820672459545,0.49798471080519524,0.8355355644009014,0.3335202752060966,0.3335202752060966,0.1667601376030483,0.33755085359570614,0.8224360014150385,0.004030578389609518,0.6710711288018028,0.23534846785073665,0.33452564168223975,0.6590567394407747,-0.025056880812285846,0.05658895520373751,0.022964652125631424,0.2926482165297159,0.26968356440408453,-0.2774259415781588,0.03948394916698572,0.31690989074514453,0.013390047831436325,0.6151133221977106,0.6017232743662744,0.0019077217686206127,0.46878921393285267,0.46688149216423214,0.3365698315721521,0.4015109187001534,0.6148426161078381,0.48982260856229337,0.5101773914377066,0.7167641915607208,0.7232991625138351,0.6966071619616692,0.7200316770372779,-0.7167641915607208,-0.7232991625138351,-0.7200316770372779,0.020157029599051635,0.026692000552165918,-21.10235595703125,17.724159240722656,-3.3781967163085938,721.302734375,-930.4296875,-209.126953125,,,,,,,,,,,,,,,,,,,,,,,,,,,,,,,,,,,,SAD,Placebo,0,Female,0,33,0.0
N149,phase2_extinction,phase2_ext_memory_fear_network,24,12684,1.4262950072951588,1.5437656297231408,1.5273560599731155,1.0445216737246028,1.1213226245092018,1.3446849572445916,-0.4262950072951588,0.11747062242798201,-0.016409569750025277,0.10926583755296937,0.1884821171522939,1.0823606694292143,1.0708556374750646,0.10106105267795673,0.10106105267795673,0.10106105267795673,0.5293339309378876,0.821619144839017,0.3509530757769046,0.3509530757769046,0.1754765378884523,0.3509530757769046,0.8370189364934608,0.05866786187577522,0.643238289678034,0.2299430657976495,0.2854214888397721,0.7420121893656256,0.009732071775549415,-0.03586437663375651,0.02163049776790299,-0.1493380185364287,-0.17096851630433169,0.20167833381548395,-0.17896789353342035,-0.3806462273489043,0.04703702670850135,0.34899534450253483,0.3019583177940335,0.036221777824549856,0.4236643537707492,0.3874425759461993,0.2469898807892303,0.4360279591233394,0.5162786946873933,0.4599541850791419,0.5400458149208581,0.6400619501826783,0.7293159078220026,0.6443906853449977,0.6846889290023405,-0.6400619501826783,-0.7293159078220026,-0.6846889290023405,-0.004328735162319353,0.08492522247700496,16.438987731933594,14.184282302856445,30.62327003479004,-768.64453125,-783.0078125,-1551.65234375,,,,,,,,,,,,,,,,,,,,,,,,,,,,,,,,,,,,SAD,Placebo,0,Female,0,18,0.0
N150,phase2_extinction,phase2_ext_memory_fear_network,24,12684,1.6714646004284708,1.3427748868445617,1.4659816323548542,1.415868674068866,1.1565112271620042,1.1719364880709657,-0.6714646004284708,-0.3286897135839091,0.12320674551029254,-0.2670863408287629,-0.251644816452381,0.8033522687030441,0.87706411682809,-0.20548296807361655,-0.20548296807361655,-0.20548296807361655,0.4185594701391273,0.8124458454654766,0.2310053156046039,0.2310053156046039,0.11550265780230196,0.3938863753263493,0.8385518774357789,0.16288105972174538,0.6248916909309532,0.14950605294160593,0.27484568324254066,0.4614785891882292,-0.0406042798157852,-0.06047704462538181,-0.17675572080564617,-0.2779153479569031,-0.10115962715125693,-0.34609467888222545,-0.47837621685123455,-0.1322815379690091,-0.20138728998763278,0.27306386148957007,0.47445115147720285,-0.1130094295848097,0.4120215354680216,0.5250309650528313,0.1309182450722963,0.26824446380260264,0.27045264041240025,0.6962800002436167,0.3037199997563833,0.6569322844714265,0.7160948706259029,0.6304144226065539,0.6865135775486647,-0.6569322844714265,-0.7160948706259029,-0.6865135775486647,0.026517861864872594,0.08568044801934904,-1.4721031188964844,-9.69784164428711,-11.169944763183594,446.2021484375,827.83984375,1274.0419921875,,,,,,,,,,,,,,,,,,,,,,,,,,,,,,,,,,,,SAD,Placebo,0,Female,0,19,0.0
N151,phase2_extinction,phase2_ext_memory_fear_network,24,12684,1.397465072619044,1.3948936583642486,1.6860832051866734,1.1015686344391888,1.1696163456582358,1.3301082466268903,-0.39746507261904407,-0.0025714142547954566,0.2911895468224248,0.14302335915641695,0.14829366170337432,0.9981599366690607,1.2065297560256167,0.28861813256762936,0.28861813256762936,0.28861813256762936,0.49935714679052234,0.8437083684975646,0.34306551528808693,0.34306551528808693,0.17153275764404347,0.34435122170704224,0.8126812455395234,0.0012857064189553125,0.6874167369951292,0.27927937924224916,0.3281034173671784,0.876378598628351,0.004969713161195262,0.04140428776084072,0.1008306768677501,0.19329926385824964,0.09246858699049954,-0.07291916861300574,0.03449929767296944,0.10741846628597518,0.05078829415230407,0.6548354346951941,0.60404714054289,0.00037295571842901887,0.5581858027660693,0.5578128470476402,0.16447340279677192,0.17711399048862225,0.22286041481738675,0.44919998418766255,0.5508000158123374,0.7044925719127507,0.6737619847977983,0.7197082153874359,0.6891272783552744,-0.7044925719127507,-0.6737619847977983,-0.6891272783552744,-0.015215643474685181,-0.04594623058963765,7.024026870727539,-23.43791961669922,-16.41389274597168,1489.25,327.671875,1816.921875,,,,,,,,,,,,,,,,,,,,,,,,,,,,,,,,,,,,SAD,Oxytocin,1,Female,0,22,1.0
N153,phase2_extinction,phase2_ext_memory_fear_network,24,12684,1.4633168265974739,1.4847635048524015,1.5505051708544033,1.2656729701683958,1.2156132460847329,1.1145758828498615,-0.46331682659747386,0.02144667825492763,0.06574166600200182,0.05431751125592843,-0.10057840570109855,1.0146562027570158,1.0595826768860674,0.08718834425692945,0.08718834425692945,0.08718834425692945,0.5053614640603862,0.8249866822260048,0.330348146286391,0.330348146286391,0.1651740731431955,0.330348146286391,0.8344813417844219,0.010722928120772357,0.6499733644520096,0.2259490934294225,0.2800014981562775,0.7894417678442607,0.01441901077050323,0.008876654508590693,0.0828775150594224,-0.08029119915440014,-0.16316871421382262,0.32321752771362355,0.43226571583556705,0.1090481881219435,0.053927465983206274,0.39926387882814984,0.34533641284494354,0.012488708453495076,0.43940947840534994,0.42692076995185485,0.28432707812367136,0.32975277838842637,0.32532926663683925,0.5253900515293769,0.4746099484706231,0.7181361722168758,0.7146778101882323,0.7214146278744622,0.716406991202554,-0.7181361722168758,-0.7146778101882323,-0.716406991202554,-0.003278455657586443,-0.006736817686229912,13.473247528076172,8.991966247558594,22.465213775634766,-1189.587890625,-53.716796875,-1243.3046875,,,,,,,,,,,,,,,,,,,,,,,,,,,,,,,,,,,,SAD,Placebo,0,Female,0,25,0.0
N154,phase2_extinction,phase2_ext_memory_fear_network,24,12684,1.3186829224304022,1.5922539063325885,1.574999423129301,1.1295869733552286,1.1870214975376279,1.1892881435219667,-0.3186829224304022,0.27357098390218626,-0.017254483203287485,0.2649437423005425,0.058567847174568755,1.2074577346640716,1.1943731009140264,0.2563165006988988,0.2563165006988988,0.2563165006988988,0.5679693653868136,0.8284951480565161,0.3964645134433298,0.3964645134433298,0.1982322567216649,0.3964645134433298,0.8238821530401612,0.13593873077362728,0.6569902961130323,0.19628327788977923,0.2011550970803577,0.7513050361295188,0.01839035278312016,-0.09734711714362784,0.04376286451236139,-0.3284673373885303,-0.37223020190089173,0.1761634802225629,-0.6274845704933752,-0.8036480507159381,0.11463909428939278,0.13557522505208117,0.020936130762688382,0.09275766203321209,0.29980889374634634,0.20705123171313428,0.11545078298549126,0.34761474854347807,0.34297497484874373,0.3500285594727848,0.6499714405272152,0.6842103809650855,0.8036549415489602,0.6981140490689142,0.7439326612570228,-0.6842103809650855,-0.8036549415489602,-0.7439326612570228,-0.013903668103828704,0.10554089248004606,6.977029800415039,-5.455802917480469,1.5212268829345703,1043.126953125,-195.234375,847.892578125,,,,,,,,,,,,,,,,,,,,,,,,,,,,,,,,,,,,SAD,Oxytocin,1,Male,1,19,1.0
N155,phase2_extinction,phase2_ext_memory_fear_network,24,12684,1.5193360425126783,1.4892783015752533,1.4911944178014844,1.0943594501748883,0.9798313739952744,1.1021794935478892,-0.5193360425126783,-0.03005774093742497,0.0019161162262311127,-0.029099682824309525,-0.05335401640330639,0.9802165222843785,0.9814776759462444,-0.028141624711193858,-0.028141624711193858,-0.028141624711193858,0.49248613046871736,0.8162574804762054,0.30874361094492275,0.30874361094492275,0.15437180547246138,0.323771350007488,0.8440166432699616,0.01502773906256527,0.6325149609524108,0.19099053443464353,0.2436865988888717,0.7082135545308532,0.023551223545624018,-0.03727955336566902,0.003919865805307787,-0.14523975028429364,-0.14915961608960143,0.39886155069405405,0.017507882010195375,-0.38135366868385867,-0.005676741234942828,0.316997867864737,0.3226746090996798,-0.007636674137596722,0.3896177430068838,0.3972544171444805,0.17646814883276074,0.3328601610645593,0.42418737742089285,0.5711259392525448,0.42887406074745515,0.7153488174373488,0.7381501686408601,0.7241062108233489,0.7267494930391045,-0.7153488174373488,-0.7381501686408601,-0.7267494930391045,-0.008757393386000123,0.014043957817511221,12.231635808944702,3.054454803466797,15.286090612411499,285.7880859375,452.3779296875,738.166015625,,,,,,,,,,,,,,,,,,,,,,,,,,,,,,,,,,,,SAD,Oxytocin,1,Female,0,26,1.0
N156,phase2_extinction,phase2_ext_memory_fear_network,24,12684,1.3137389404047197,1.5238682092541869,1.644433514068461,1.1292497198209654,1.2742656497487022,1.344470438121657,-0.3137389404047197,0.21012926884946714,0.12056530481427408,0.27041192125660407,0.18011832411421413,1.1599474985382243,1.2517201484829732,0.3306945736637412,0.3306945736637412,0.3306945736637412,0.5523398728757698,0.838137304006925,0.3904771768826948,0.3904771768826948,0.1952385884413474,0.3904771768826948,0.815414116930532,0.1046797457515396,0.67627460801385,0.29195234593476516,0.3587517931960158,0.9324680381154707,-0.0312353416790282,0.034131693215648,-0.1773632473553711,0.1238003604384546,0.3011636077938258,-0.030353617155217893,0.39631411034154496,0.42666772749676285,-0.03486112787785847,0.5919843762889305,0.6268455041667891,0.053820495799827076,0.5300841960697033,0.4762637002698762,0.24948963278635358,0.25514911350274866,0.38636701786602473,0.39603375826787685,0.6039662417321232,0.7255481311899814,0.6798741067086643,0.7014676516536213,0.7027111189493229,-0.7255481311899814,-0.6798741067086643,-0.7027111189493229,0.024080479536360055,-0.02159354494495702,0.8386116027832031,3.2371597290039062,4.075771331787109,275.001953125,426.08984375,701.091796875,,,,,,,,,,,,,,,,,,,,,,,,,,,,,,,,,,,,SAD,Placebo,0,Male,1,19,1.0
N157,phase2_extinction,phase2_ext_memory_fear_network,24,12684,1.4676744754488964,1.2984585254464203,1.7040334484272863,1.1752370537377537,1.02594809478921,1.3078515788894984,-0.4676744754488964,-0.16921595000247613,0.40557492298086606,0.033571511487956895,-0.008337216898399502,0.8847047068814305,1.1610431777085082,0.23635897297838993,0.23635897297838993,0.23635897297838993,0.45779666878747793,0.8460607925832246,0.3038574613707026,0.3038574613707026,0.1519287306853513,0.3882641237957467,0.8072328282015183,0.08440666242504413,0.6921215851664493,0.3130571876479552,0.45795660071748595,0.7066622104490873,0.013693190410956433,0.028885452536244877,0.05924175195921219,0.11003780202464553,0.05079605006543353,-0.22839378496195506,0.12510447149857684,0.3534982564605319,-0.03893981400319549,0.7496939662910347,0.7886337802942304,-0.06856068998280158,0.6946750652787119,0.7632357552615137,0.45683504942645325,0.16122784887595543,0.425677530589066,0.584348133466895,0.41565186653310504,0.6680543572858118,0.5903475469589896,0.7968001679435373,0.6292009521224007,-0.6680543572858118,-0.5903475469589896,-0.6292009521224007,-0.1287458106577255,-0.20645262098454764,-15.597738981246948,3.813589334487915,-11.784149646759033,-1800.880859375,446.5078125,-1354.373046875,,,,,,,,,,,,,,,,,,,,,,,,,,,,,,,,,,,,SAD,Oxytocin,1,Female,0,20,0.0
N158,phase2_extinction,phase2_ext_memory_fear_network,24,12684,1.6554262414153875,1.5087436040194193,1.3167723845305734,1.2939895763611395,1.2617119277649484,1.2023779150622762,-0.6554262414153875,-0.1466826373959682,-0.19197121948884588,-0.24266824714039115,-0.06194465494752732,0.9113928226820406,0.7954279953001437,-0.3386538568848141,-0.3386538568848141,-0.3386538568848141,0.46339494936141734,0.7886442142066539,0.2520391635680712,0.2520391635680712,0.1260195817840356,0.32524926484523653,0.8700983069256532,0.07321010127716532,0.5772884284133077,0.17480537298693993,0.2715039965399937,0.5663527721825723,-0.04194169646226367,0.04881105549128143,-0.06336337731917366,0.23937950748707737,0.3027428848062511,-0.5027527802786798,0.1961455776128267,0.6988983578915064,-0.06876524948168186,0.5063840605395136,0.5751493100211955,-0.03708356082209503,0.3866943067959749,0.42377786761806996,0.24532513550245566,0.27175802747641925,0.2887306689745642,0.629870500546285,0.370129499453715,0.692264523811311,0.6962865907380893,0.6791608872023901,0.6942755572747001,-0.692264523811311,-0.6962865907380893,-0.6942755572747001,0.013103636608920888,0.0171257035356992,-30.024405479431152,33.45768117904663,3.4332756996154785,1538.955078125,-934.0390625,604.916015625,,,,,,,,,,,,,,,,,,,,,,,,,,,,,,,,,,,,SAD,Placebo,0,Male,1,18,0.0
N201,phase2_extinction,phase2_ext_memory_fear_network,24,12684,1.615670110178603,1.4690141784733373,1.4071997497818127,1.3215931939948409,1.2285799930739851,1.311569713870796,-0.6156701101786031,-0.1466559317052658,-0.06181442869152454,-0.17756314605102808,-0.05151834052245019,0.9092290314256392,0.8709697185129938,-0.20847036039679034,-0.20847036039679034,-0.20847036039679034,0.46340159000683523,0.8033238949371844,0.2667254849440196,0.2667254849440196,0.1333627424720098,0.33992230493034914,0.8556810050027932,0.07319681998632954,0.6066477898743687,0.16783554602056755,0.2514526323908258,0.6423518631316858,-0.052573810937053087,0.016702595967367128,-0.21268412798222103,0.10363380623157048,0.3163179342137914,-0.4572297293319749,0.01965546158348086,0.4768851909154558,-0.15475140287678185,0.4358973340425917,0.5906487369193735,-0.04840933888567134,0.38408043092680644,0.4324897698124778,0.1857461384359859,0.15963536507792972,0.20944456463718777,0.6323310535995778,0.36766894640042225,0.6970618323039512,0.7242919226187972,0.698535760399301,0.7106768774613742,-0.6970618323039512,-0.7242919226187972,-0.7106768774613742,-0.0014739280953497413,0.02575616221949617,-7.8969573974609375,5.815284729003906,-2.0816726684570312,1473.234375,-1075.3203125,397.9140625,,,,,,,,,,,,,,,,,,,,,,,,,,,,,,,,,,,,HC,Placebo,0,Male,1,45,0.0
N202,phase2_extinction,phase2_ext_memory_fear_network,24,12684,1.6187894712648832,1.590884740480981,1.2681194493481873,1.1432769913855592,1.1935525133841622,1.124149099299316,-0.6187894712648832,-0.02790473078390221,-0.3227652911327936,-0.18928737635029913,0.015573814956179932,0.9827619705299184,0.7833751479267763,-0.35067002191669583,-0.35067002191669583,-0.35067002191669583,0.4930242699497852,0.7804206586993817,0.2734449286491669,0.2734449286491669,0.13672246432458346,0.2873963887495965,0.8796291191888257,0.01395146010042958,0.5608413173987634,0.2895113145003989,0.3413639661015987,1.0945572535696375,0.023729795850098254,-0.005052028967172853,-0.006359348655928215,-0.0575918580558476,-0.0512325093999193,0.06596458053029453,-0.026678642385746687,-0.09264322291604121,0.09123543801861522,0.45581158762629476,0.3645761496076796,0.09441511234657933,0.48460751665421853,0.39019240430763924,0.36050851356180974,0.13007526717878415,0.38150512824953253,0.5717832117711552,0.4282167882288448,0.9097051346865556,0.6186630935574812,0.6203463897396061,0.7641841141220184,-0.9097051346865556,-0.6186630935574812,-0.7641841141220184,0.28935874494694946,-0.001683296182124927,-33.88107490539551,25.315521240234375,-8.565553665161133,5743.5625,-5679.2158203125,64.3466796875,,,,,,,,,,,,,,,,,,,,,,,,,,,,,,,,,,,,HC,Oxytocin,1,Male,1,20,0.0
N203,phase2_extinction,phase2_ext_memory_fear_network,24,12684,1.4483077851296888,1.5798041075536968,1.4683627160710633,1.242519553046953,1.2163075357042776,1.2101668554683584,-0.44830778512968883,0.131496322424008,-0.11144139148263354,0.07577562668269122,-0.0292823574606349,1.0907930709661293,1.0138471400960585,0.02005493094137445,0.02005493094137445,0.02005493094137445,0.5328267927856174,0.812808399375638,0.34563519216125543,0.34563519216125543,0.1728175960806277,0.3456351921612554,0.8462239343228868,0.0656535855712348,0.625616798751276,0.2522705861117608,0.314102391070486,0.8999695601118444,-0.010645666162223105,-0.01564547133809056,-0.08914003009605684,-0.14514038354013625,-0.05600035344407939,-0.0011786526567264533,0.004964850662334652,0.0061435033190611055,-0.011946384484162798,0.39934734988958787,0.4112937343737507,0.03262363056386562,0.47191754165965605,0.4392939110957904,0.31377522692924426,0.1897546683521449,0.41101449807668183,0.31724149974341953,0.6827585002565805,0.692915754199396,0.6819838299306274,0.7195318063631231,0.6874497920650118,-0.692915754199396,-0.6819838299306274,-0.6874497920650118,-0.02661605216372709,-0.03754797643249563,-12.17520809173584,22.588762760162354,10.413554668426514,605.72265625,500.7548828125,1106.4775390625,,,,,,,,,,,,,,,,,,,,,,,,,,,,,,,,,,,,HC,Oxytocin,1,Female,0,22,1.0
N204,phase2_extinction,phase2_ext_memory_fear_network,24,12684,1.3562127100509023,1.7031062319311596,1.4139857627865242,1.1840270128766641,1.2912797771418427,1.1146345297566052,-0.35621271005090227,0.34689352188025735,-0.2891204691446354,0.20233328730793954,0.018930140572559928,1.2557810487629386,1.0425988061323106,0.057773052735621944,0.057773052735621944,0.057773052735621944,0.585864063919052,0.8043938420055687,0.39025790592462073,0.39025790592462073,0.19512895296231036,0.39025790592462073,0.8458370707251966,0.17172812783810398,0.6087876840111375,0.24010276712859369,0.2747101947880007,0.9147834532918699,0.0032397566465169982,0.047705832992135655,0.08787445865512569,0.060287671232810036,-0.02758678742231563,-0.2804278050170089,0.8931185123240317,1.1735463173410405,0.16204086685115138,0.3922457323500039,0.2302048654988525,0.11810363752358853,0.3621018967335988,0.2439982592100103,0.29184531958729193,0.36561399126795874,0.5598602687906121,0.1395943120707663,0.8604056879292337,0.6986172446932919,0.7387104325647595,0.7251359472350789,0.7186638386290257,-0.6986172446932919,-0.7387104325647595,-0.7186638386290257,-0.02651870254178701,0.013574485329680641,12.537608623504639,-22.985448837280273,-10.447840213775635,-2921.85546875,3341.900390625,420.044921875,,,,,,,,,,,,,,,,,,,,,,,,,,,,,,,,,,,,HC,Placebo,0,Female,0,28,0.0
N206,phase2_extinction,phase2_ext_memory_fear_network,24,12684,1.5137303998962137,1.5555127010509793,1.4280099629211302,1.1988046730075097,1.2593664372553424,1.1385014912841138,-0.5137303998962137,0.041782301154765555,-0.12750273812984902,-0.021969067910158957,0.0001292912622183895,1.0276022010799337,0.9433713913556373,-0.08572043697508347,-0.08572043697508347,-0.08572043697508347,0.5104440559310408,0.8065910555530474,0.3170351114840883,0.3170351114840883,0.15851755574204413,0.31703511148408825,0.8541168647576896,0.020888111862081615,0.6131821111060949,0.2067319532477923,0.24969412725168083,0.7976592598812298,0.018864896044051,0.013431763687343203,0.14502651781640985,0.040645459924086746,-0.1043810578923231,0.051151181749237384,0.33777407460242137,0.286622892853184,0.08717668725866695,0.419123208107166,0.33194652084849907,0.014663428350462027,0.39880047814512265,0.3841370497946606,0.15229019675607836,0.22909434770922057,0.23428130999767818,0.49703706043939455,0.5029629395606054,0.6592105279108712,0.7125901861251998,0.6841104269904763,0.6859003570180355,-0.6592105279108712,-0.7125901861251998,-0.6859003570180355,-0.024899899079605103,0.028479759134723448,12.875797510147095,-3.14516019821167,9.730637311935425,-145.259765625,561.3681640625,416.1083984375,,,,,,,,,,,,,,,,,,,,,,,,,,,,,,,,,,,,HC,Placebo,0,Male,1,38,0.0
N207,phase2_extinction,phase2_ext_memory_fear_network,24,12684,1.4686080501114702,1.5102037951616185,1.5206910126029745,1.1905736716446818,1.1763275549534289,1.2220820360322056,-0.4686080501114702,0.04159574505014829,0.010487217441355945,0.046839353770826264,0.00863112384813558,1.028323237615209,1.0354641608650514,0.05208296249150424,0.05208296249150424,0.05208296249150424,0.5103974371634132,0.8206402131730837,0.33103765033649685,0.33103765033649685,0.16551882516824845,0.3310376503364969,0.8391812703201335,0.020794874326826474,0.6412804263461673,0.19655381631360352,0.2712102523035558,0.7055830769447711,-0.0011273220788777264,-0.060214321746663385,-0.0050879861369139134,-0.25730613133768565,-0.25221814520077185,0.28548264505165255,-0.44641514620743106,-0.7318977912590836,0.008964331784289153,0.2529462421056181,0.24398191032132893,0.01150832485274611,0.38159930777446094,0.37009098292171483,0.3564491868164306,0.21418186472714537,0.5097602196060185,0.5044754796688177,0.4955245203311823,0.6997046249970937,0.7483621581995792,0.6938003441049899,0.7240333915983365,-0.6997046249970937,-0.7483621581995792,-0.7240333915983365,0.005904280892103819,0.05456181409458927,10.811309814453125,-3.934366226196289,6.876943588256836,-585.8720703125,-225.263671875,-811.1357421875,,,,,,,,,,,,,,,,,,,,,,,,,,,,,,,,,,,,HC,Placebo,0,Male,1,38,1.0
N209,phase2_extinction,phase2_ext_memory_fear_network,24,12684,1.254512000451498,1.5720096434279942,1.647652530357888,1.1284061579677283,1.271195905350973,1.2885567355708707,-0.254512000451498,0.3174976429764962,0.07564288692989374,0.35531908644144305,0.15147016249319356,1.253084570200511,1.313381232408368,0.3931405299063899,0.3931405299063899,0.3931405299063899,0.5787142878083388,0.8385735307443755,0.41728781855271424,0.41728781855271424,0.20864390927635712,0.41728781855271424,0.8098794687831525,0.15742857561667756,0.6771470614887509,0.32976425279988775,0.37379680725802467,1.1274853233084845,0.010353719921882207,-0.020129117093235796,0.042942342732756406,-0.07828628936118731,-0.12122863209394374,0.28189715677258365,-0.19427008064327678,-0.4761672374158604,0.10927490418673755,0.5325816280988225,0.4233067239120849,0.08780373282035935,0.5717247727794161,0.4839210399590568,0.2714977192384587,0.20848187015113798,0.39753357580824167,0.3669280364801175,0.6330719635198825,0.7047748842045103,0.6521534689583708,0.7069251278613811,0.6784641765814405,-0.7047748842045103,-0.6521534689583708,-0.6784641765814405,-0.002150243656870776,-0.05477165890301028,-5.275392532348633,-0.4481697082519531,-5.723562240600586,295.5791015625,638.521484375,934.1005859375,,,,,,,,,,,,,,,,,,,,,,,,,,,,,,,,,,,,HC,Placebo,0,Female,0,37,1.0
N210,phase2_extinction,phase2_ext_memory_fear_network,24,12684,1.6964671688585842,1.1174778265386134,1.6308002706888005,1.3410166370454473,1.0091865844591872,1.3476483767847234,-0.6964671688585842,-0.5789893423199708,0.5133224441501871,-0.32232812024487734,-0.1625991564234921,0.658708780496699,0.9612919666303443,-0.06566689816978366,-0.06566689816978366,-0.06566689816978366,0.35916517912419865,0.8362792383464039,0.1954444174706026,0.1954444174706026,0.0977222087353013,0.4771140592222053,0.7925624987021682,0.2816696417516027,0.6725584766928079,0.16655497438416955,0.3813924225024171,0.3779663293674073,0.0018749922712498145,0.010106800623192162,0.19363404280917967,-0.02290814265707497,-0.2165421854662547,-0.07479876631634608,0.1856053648728928,0.2604041311892389,-0.09679907849192382,0.5152719773363152,0.6120710558282391,-0.19361609989651365,0.5267260486648528,0.7203421485613664,0.382194921140885,0.205906378810957,0.5102184114745699,0.7946266340155175,0.20537336598448253,0.7078168202735269,0.675334701346631,0.6121663448459242,0.691575760810079,-0.7078168202735269,-0.675334701346631,-0.691575760810079,0.09565047542760263,0.06316835650070673,17.28568458557129,2.828723907470703,20.114408493041992,-428.802734375,218.009765625,-210.79296875,,,,,,,,,,,,,,,,,,,,,,,,,,,,,,,,,,,,HC,Oxytocin,1,Male,1,22,0.0
N211,phase2_extinction,phase2_ext_memory_fear_network,24,12684,1.4510593067385589,1.6229602495275486,1.41716451406228,1.282211014624803,1.1760162490362442,0.9202296910093821,-0.4510593067385589,0.1719009427889897,-0.20579573546526864,0.06900307505635528,-0.23408804460198973,1.1184658206635956,0.9766413389960779,-0.03389479267627893,-0.03389479267627893,-0.03389479267627893,0.5428697211989176,0.804893516780457,0.3477632379793746,0.3477632379793746,0.1738816189896873,0.3477632379793746,0.8533615537439099,0.08573944239783526,0.6097870335609139,0.25567449905875356,0.2821005298703074,1.0365394101012544,0.003841494736940233,-0.012834436535374458,0.04610750690252083,-0.08702432423690099,-0.13313183113942184,-0.055902122989604286,0.15204843628113007,0.20795055927073436,0.07625684903132623,0.4146337404189908,0.3383768913876646,0.05320309558006582,0.45814590253744136,0.4049428069573755,0.17406558545075823,0.1895974641819868,0.2227627722480745,0.34566569508585293,0.654334304914147,0.6947767163757048,0.6784088275940214,0.7120215184333286,0.6865927719848631,-0.6947767163757048,-0.6784088275940214,-0.6865927719848631,-0.017244802057623798,-0.03361269083930718,4.771919250488281,-12.965835571289062,-8.193916320800781,-375.408203125,1534.439453125,1159.03125,,,,,,,,,,,,,,,,,,,,,,,,,,,,,,,,,,,,HC,Placebo,0,Male,1,35,0.0
N212,phase2_extinction,phase2_ext_memory_fear_network,24,12684,1.6077348213618268,1.3189813078031714,1.5587989057427878,1.2204570170880171,1.142862230733341,1.2003735950662984,-0.6077348213618268,-0.2887535135586554,0.23981759793961643,-0.1688447145888472,-0.04883910418819748,0.8203972956696673,0.9695621910625722,-0.04893591561903898,-0.04893591561903898,-0.04893591561903898,0.42830905493591953,0.8261809362120185,0.254489991147938,0.254489991147938,0.127244995573969,0.39787188127609896,0.8257430462346429,0.14338189012816094,0.652361872424037,0.19734052565844895,0.3475445536464531,0.5481802239921839,0.002824909216423584,-0.01756597586198735,0.11185835951345427,-0.09550354474793799,-0.20736190426139223,0.033515724882619,-0.019477768174309684,-0.05299349305692869,-0.03767208967914151,0.44053054837879757,0.47820263805793906,-0.09360126943586865,0.48828232075276656,0.5818835901886352,0.27110822725467454,0.2865438871448739,0.2860377327393242,0.6736304725279024,0.3263695274720976,0.6942306395330884,0.6873291712271782,0.768666885902271,0.6907799053801333,-0.6942306395330884,-0.6873291712271782,-0.6907799053801333,-0.07443624636918256,-0.08133771467509276,4.3315887451171875,0.6588973999023438,4.990486145019531,-1500.759765625,702.2861328125,-798.4736328125,,,,,,,,,,,,,,,,,,,,,,,,,,,,,,,,,,,,HC,Oxytocin,1,Female,0,25,0.0
N213,phase2_extinction,phase2_ext_memory_fear_network,24,12684,1.4762488861070346,1.391942747833987,1.6222942493804506,1.2099572529076799,1.142301723171434,1.2387748510083916,-0.47624888610703464,-0.08430613827304767,0.23035150154646367,0.030869612500184163,-0.01941896581776703,0.9428916434787058,1.0989300338571275,0.146045363273416,0.146045363273416,0.146045363273416,0.4789359400650459,0.8351112918532423,0.3140472319182882,0.3140472319182882,0.1570236159591441,0.35617535178819637,0.8222985269120888,0.042128119869908165,0.6702225837064846,0.23208974295277124,0.29778657007760323,0.8149320571799423,0.0016998904857587886,0.014066887441665924,0.07064241843186095,0.07196277265303563,0.0013203542211747132,-0.04660046956148889,0.09289666142099096,0.13949713098247984,0.009321975007400507,0.5261601064405903,0.5168381314331898,-0.025999234208529967,0.4901787201140725,0.5161779543226024,0.15544502215743172,0.08081339282661672,0.16744657085936587,0.4535499240174005,0.5464500759825994,0.7337783974310439,0.6975907363220246,0.6708234453105179,0.7156845668765343,-0.7337783974310439,-0.6975907363220246,-0.7156845668765343,0.06295495212052604,0.026767291011506766,2.1119384765625,23.36767864227295,25.47961711883545,34.486328125,88.89453125,123.380859375,,,,,,,,,,,,,,,,,,,,,,,,,,,,,,,,,,,,HC,Oxytocin,1,Male,1,20,0.0
N214,phase2_extinction,phase2_ext_memory_fear_network,24,12684,0.763481305783165,1.7667179956600412,1.8051121320950256,0.8306909659232731,1.272601491299646,1.2250155679011794,0.23651869421683502,1.0032366898768763,0.03839413643498446,1.0224337580943685,0.4181175636771397,2.3140291178544095,2.36431736413009,1.0416308263118608,1.0416308263118608,1.0416308263118608,0.7316944743647155,0.8587700929333517,0.5904645672980672,0.5904645672980672,0.2952322836490336,0.5904645672980672,0.7132367183607617,0.4633889487294309,0.7175401858667034,0.18003169887424164,0.3830271720232131,0.36894101046093997,-0.00359718065267594,0.18057661231699398,-0.04990473573156534,0.5576239837885588,0.6075287195201241,0.0015101467889150344,1.9148109646258775,1.9133008178369624,0.3304387142454879,0.2834843075314921,-0.046954406713995755,0.3553910821112706,0.0046723156372127095,-0.35071876647405786,0.2743549100340519,0.5678538489987462,0.6097055640399784,0.1405963779532503,0.8594036220467497,0.6520572470773782,1.002143614656665,0.5889287721400662,0.8271004308670216,-0.6520572470773782,-1.002143614656665,-0.8271004308670216,0.063128474937312,0.4132148425165987,2.068540334701538,84.50353074073792,86.57207107543945,46.64453125,13080.9208984375,13127.5654296875,,,,,,,,,,,,,,,,,,,,,,,,,,,,,,,,,,,,HC,Placebo,0,Male,1,19,0.0
N215,phase2_extinction,phase2_ext_memory_fear_network,24,12684,1.2205546232531492,1.5897854403998757,1.6575936145115455,1.0948927355162204,1.2720562008934126,1.3257881537928533,-0.22055462325314923,0.36923081714672645,0.06780817411166984,0.4031349042025614,0.20402944182691263,1.3025106759560727,1.3580658901712204,0.4370389912583963,0.4370389912583963,0.4370389912583963,0.5912731036708052,0.8399147098991638,0.431187813569969,0.431187813569969,0.21559390678498452,0.43118781356996905,0.8051703476351246,0.18254620734161042,0.6798294197983277,0.39042013823548694,0.4449616736012294,1.1174198795313304,0.02957559333118352,-0.001024067184865364,0.0569858596126962,-0.15215856127210925,-0.20914442088480556,0.5122683201520346,0.34529525813882533,-0.16697306201320927,0.14366919125796235,0.589584734383305,0.44591554312534265,0.11517626145161425,0.6656640150193598,0.5504877535677455,0.3390215721029033,0.27475071882796825,0.47467009549906025,0.3330823538798431,0.6669176461201569,0.6828422556054303,0.6007003007007785,0.6847473773579278,0.6417712781531044,-0.6828422556054303,-0.6007003007007785,-0.6417712781531044,-0.0019051217524974629,-0.08404707665714928,-3.8811240196228027,-3.8851046562194824,-7.766228675842285,279.845703125,83.8681640625,363.7138671875,,,,,,,,,,,,,,,,,,,,,,,,,,,,,,,,,,,,HC,Oxytocin,1,Male,1,25,0.0
N216,phase2_extinction,phase2_ext_memory_fear_network,24,12684,1.396560886549504,1.4270122894432407,1.6607689072955,1.138862219128446,1.2612646447151432,1.1184574011255322,-0.39656088654950405,0.0304514028937366,0.23375661785225943,0.1473297118198662,0.05099880379189159,1.021804557874256,1.1891847404569162,0.26420802074599603,0.26420802074599603,0.26420802074599603,0.5076122625025915,0.8403411927110539,0.3479534552136454,0.3479534552136454,0.1739767276068227,0.3479534552136454,0.8166627416877306,0.01522452500518301,0.6806823854221078,0.20517201849373085,0.2631221277786231,0.6710705358584629,-0.009248584198117448,-0.008822153053883605,-0.07659167555043464,0.0365799007049572,0.11317157625539181,0.1588806583478799,-0.25314196820331447,-0.41202262655119437,-0.03562828228214454,0.4259664318468675,0.46159471412901204,0.002667555493072779,0.40767648149438895,0.40500892600131616,0.21463482943279405,0.4464998275969632,0.4006695936676223,0.47677650988674103,0.523223490113259,0.7874442137630502,0.7394053878819395,0.8053317914637199,0.7634248008224949,-0.7874442137630502,-0.7394053878819395,-0.7634248008224949,-0.017887577700669732,-0.06592640358178037,16.245891571044922,-21.311161041259766,-5.065269470214844,3280.40625,-55.91015625,3224.49609375,,,,,,,,,,,,,,,,,,,,,,,,,,,,,,,,,,,,HC,Placebo,0,Male,1,20,0.0
N217,phase2_extinction,phase2_ext_memory_fear_network,24,12684,1.5047671722032807,1.515243418403593,1.479769905283931,1.3027768703384455,1.311222548897745,1.2299867486506155,-0.5047671722032807,0.01047624620031229,-0.03547351311966196,-0.00726051035951869,-0.032172221564265246,1.0069620312857788,0.9833879438527171,-0.02499726691934967,-0.02499726691934967,-0.02499726691934967,0.502619037596462,0.8145378237440702,0.3171568613405322,0.3171568613405322,0.1585784306702661,0.3171568613405322,0.845930890069221,0.005238075192923963,0.6290756474881405,0.27731430890023634,0.31105950891870976,0.9148476015524616,0.02082088434090538,-0.015539475450086493,0.09522860007253348,-0.018921471827589964,-0.1141500719001236,0.045110255499180685,-0.22246355247966743,-0.2675738079788481,0.05308800959872523,0.5396941723242191,0.48660616272549384,0.00547370956245849,0.549154908238014,0.5436811986755556,0.1452016734235396,0.22247853906141726,0.3241785671308085,0.5771625635443477,0.4228374364556523,0.6134870254332265,0.6324949022736858,0.8129828071707091,0.6229909638534561,-0.6134870254332265,-0.6324949022736858,-0.6229909638534561,-0.1994957817374826,-0.18048790489702338,-49.88386869430542,32.39761734008789,-17.48625135421753,1689.185546875,-1856.669921875,-167.484375,,,,,,,,,,,,,,,,,,,,,,,,,,,,,,,,,,,,HC,Placebo,0,Female,0,18,0.0
N219,phase2_extinction,phase2_ext_memory_fear_network,24,12684,1.2586265459466004,1.5854587229293895,1.631704840335554,1.1656392260034747,1.1958375691007874,1.2818941439716758,-0.2586265459466004,0.3268321769827891,0.04624611740616458,0.3499552356858713,0.07322663053275691,1.2596736620871487,1.2964169813724973,0.3730782943889537,0.3730782943889537,0.3730782943889537,0.580988397665378,0.8364030509811226,0.4173914486465006,0.4173914486465006,0.2086957243232503,0.4173914486465006,0.8119181574440193,0.16197679533075604,0.6728061019622451,0.27958963643117024,0.2983294914888046,0.884803905527175,0.028557961495781176,-0.04705499850545308,0.11327365109069792,-0.15458122393095086,-0.26785487502164884,0.04856517973667107,-0.08744168744611402,-0.1360068671827851,0.14447166417038992,0.39405382227182406,0.24958215810143417,0.08783483862504096,0.4713444342372995,0.38350959561225856,0.26806185993853665,0.437748742893397,0.6473810855481534,0.3394753140006848,0.6605246859993152,0.7444454323778142,0.7118077646878698,0.7146055826526081,0.728126598532842,-0.7444454323778142,-0.7118077646878698,-0.728126598532842,0.029839849725206147,-0.002797817964738325,6.826456546783447,-4.0862627029418945,2.7401938438415527,233.5634765625,518.462890625,752.0263671875,,,,,,,,,,,,,,,,,,,,,,,,,,,,,,,,,,,,HC,Oxytocin,1,Male,1,19,1.0
N220,phase2_extinction,phase2_ext_memory_fear_network,24,12684,1.6426503322891421,1.2662940539684706,1.5673610345123263,1.2698663703395967,1.0354673533022904,1.1439298360664616,-0.6426503322891421,-0.37635627832067153,0.3010669805438557,-0.22582278804874356,-0.18016777565522069,0.7708847229190638,0.9541659561754968,-0.07528929777681581,-0.07528929777681581,-0.07528929777681581,0.40700601815772763,0.8274070773874739,0.2344130955452015,0.2344130955452015,0.11720654777260076,0.42040105922974624,0.819251829740866,0.18598796368454473,0.6548141547749478,0.18338073002318997,0.37940933739403226,0.4536852646706562,-0.09341760869644299,0.03621918470186498,-0.2760313228775287,0.21642955875896147,0.49246088163649004,-0.6408796085666657,-0.004062694039159931,0.6368169145275059,-0.27278164549221595,0.6097422234793123,0.8825238689715281,-0.1347659840534516,0.5015274440998315,0.6362934281532832,0.30627170684905614,0.2863413355541134,0.2947646219596864,0.722583077401023,0.277416922598977,0.6239265411293432,0.6790133785054049,0.7912032843776713,0.6514699598173741,-0.6239265411293432,-0.6790133785054049,-0.6514699598173741,-0.16727674324832809,-0.1121899058722664,5.138925552368164,-3.5190725326538086,1.6198530197143555,-3347.037109375,-56.318359375,-3403.35546875,,,,,,,,,,,,,,,,,,,,,,,,,,,,,,,,,,,,HC,Placebo,0,Female,0,20,0.0
N221,phase2_extinction,phase2_ext_memory_fear_network,24,12684,1.325645241853104,1.5900667367912764,1.5711947940178428,1.0896213873708134,1.1926923932044384,1.2151115695689536,-0.32564524185310395,0.26442149493817246,-0.018871942773433625,0.25498552355145554,0.11428059401588264,1.1994662482806322,1.185230205306803,0.24554955216473884,0.24554955216473884,0.24554955216473884,0.5657228808885328,0.8279538688994995,0.39367674978803235,0.39367674978803235,0.19683837489401618,0.39367674978803235,0.8249322749160148,0.13144576177706568,0.655907737798999,0.2631749226399926,0.34050718882611075,0.8378288381089941,0.0009821706280774695,-0.005358478945918501,-0.04095365066703169,-0.08220641551238056,-0.041252764845348844,0.3668790046078634,-0.11326725768722878,-0.48014626229509216,0.05645794746685498,0.40831186472342407,0.3518539172565691,0.07693477280037082,0.4494150724796144,0.3724802996792435,0.5373680731913221,0.3524056046810425,0.4177879923950707,0.31689040951656505,0.683109590483435,0.7059448263628426,0.7135615877816357,0.6977075107162893,0.7097532070722392,-0.7059448263628426,-0.7135615877816357,-0.7097532070722392,0.008237315646553278,0.01585407706534636,5.234006881713867,19.252531051635742,24.48653793334961,476.6533203125,223.6474609375,700.30078125,,,,,,,,,,,,,,,,,,,,,,,,,,,,,,,,,,,,HC,Placebo,0,Male,1,29,0.0
N222,phase2_extinction,phase2_ext_memory_fear_network,24,12684,1.3854719982491661,1.593488007726426,1.5138711949378725,1.2786741167639697,1.3449951058123388,1.3412309627215846,-0.3854719982491661,0.20801600947725984,-0.07961681278855348,0.1682076030829831,0.06443891750299202,1.1501408893422045,1.0926754102025964,0.12839919668870636,0.12839919668870636,0.12839919668870636,0.5518172896198188,0.8196342092712461,0.37145149889106494,0.37145149889106494,0.18572574944553244,0.3714514988910649,0.8365576573479555,0.10363457923963759,0.6392684185424922,0.2765216874518439,0.35810987874293265,0.8373403692251138,-0.03692553703588871,0.024211393615013434,-0.2033448758161277,-0.017462140116271008,0.1858827356998568,-0.3612220401395021,0.2760203102692166,0.6372423504087187,-0.0530228004701416,0.4956626674076302,0.5486854678777718,0.04864963743792225,0.5043937374657657,0.45574410002784344,0.40732148709926186,0.3295762770359999,0.6149797861801314,0.37058867047962163,0.6294113295203784,0.6872689605593757,0.6658629555193756,0.6905374203648365,0.6765659580393757,-0.6872689605593757,-0.6658629555193756,-0.6765659580393757,-0.003268459805460755,-0.024674464845460875,-5.376537322998047,1.629974365234375,-3.746562957763672,315.7138671875,145.201171875,460.9150390625,,,,,,,,,,,,,,,,,,,,,,,,,,,,,,,,,,,,HC,Placebo,0,Male,1,26,1.0
N224,phase2_extinction,phase2_ext_memory_fear_network,24,12684,1.4848576604303205,1.433076782546866,1.578340024516832,1.1578179178956516,1.1160761134654558,1.2119977904386863,-0.4848576604303205,-0.051780877883454535,0.14526324196996598,0.020850743101528568,0.006219034056419437,0.9651273728690454,1.0629571143067333,0.09348236408651145,0.09348236408651145,0.09348236408651145,0.48705767221132745,0.8289692964823235,0.316026968693651,0.316026968693651,0.1580134843468255,0.3419116242709961,0.8297869008440555,0.025884655577345095,0.6579385929646471,0.24081616709175033,0.35386809599770935,0.7214903361284103,0.02439487977853286,0.05046348957527956,0.14881122929494628,0.1860807454901715,0.03726951619522534,0.34293694829314325,0.3591053430360236,0.016168394742880343,0.07190741986739002,0.5771709017086695,0.5052634818412796,-0.0024981947800831183,0.4841305289635837,0.48662872374366684,0.4419994010126637,0.13553168238180913,0.5351957916198319,0.4892444638922281,0.5107555361077719,0.7257729879350319,0.6933850507989627,0.6847682690903417,0.7095790193669973,-0.7257729879350319,-0.6933850507989627,-0.7095790193669973,0.04100471884469015,0.008616781708621013,1.670231819152832,-11.068350076675415,-9.398118257522583,-71.162109375,195.853515625,124.69140625,,,,,,,,,,,,,,,,,,,,,,,,,,,,,,,,,,,,HC,Oxytocin,1,Male,1,24,1.0
N225,phase2_extinction,phase2_ext_memory_fear_network,24,12684,1.4888363240933464,1.525781381550333,1.4850387986693618,1.1708607097203534,1.2551108803266238,1.1615994108137657,-0.48883632409334643,0.03694505745698651,-0.0407425828809711,0.016573766016501068,0.037494435849841246,1.0248147137539365,0.9974493264726125,-0.0037975254239845935,-0.0037975254239845935,-0.0037975254239845935,0.5092352139308347,0.8153324554133771,0.3245676693442118,0.3245676693442118,0.1622838346721059,0.3245676693442118,0.8449680111895692,0.018470427861669414,0.6306649108267541,0.2148297009779403,0.26167068236706953,0.8807776601841435,-0.004546330010204585,-0.002867166214302868,-0.06686729361497756,-0.0027007167859121606,0.0641665768290654,-0.06571114665563615,-0.011033904593875876,0.05467724206176028,-0.023369023921585186,0.41824442067702094,0.44161344459860613,0.010064622885903596,0.419594779069977,0.40953015618407346,0.1856867064951941,0.2058513117482387,0.21054652696167697,0.47387507051674216,0.5261249294832578,0.6994487251973627,0.71924461666349,0.7087665471097018,0.7093466709304264,-0.6994487251973627,-0.71924461666349,-0.7093466709304264,-0.009317821912339097,0.010478069553788272,-0.7955741882324219,1.5748205184936523,0.7792463302612305,-1286.3515625,566.630859375,-719.720703125,,,,,,,,,,,,,,,,,,,,,,,,,,,,,,,,,,,,HC,Oxytocin,1,Male,1,41,0.0
N226,phase2_extinction,phase2_ext_memory_fear_network,24,12684,1.5412494435454651,1.2530284864709031,1.676547916738148,1.1429366611580805,1.1424212436809036,1.3940719365742285,-0.5412494435454651,-0.28822095707456197,0.4235194302672449,-0.07646124194093962,0.12530992896948545,0.8129952510857064,1.08778492208477,0.13529847319268296,0.13529847319268296,0.13529847319268296,0.42843946190989646,0.8424468771049922,0.2708863390148887,0.2708863390148887,0.13544316950744434,0.41400741519509576,0.8067984467508367,0.14312107618020709,0.6848937542099844,0.24828180085225127,0.4195171081475577,0.5811280377255813,0.08268893245874098,0.006750222793374649,0.36701508387099757,-0.04824069935969577,-0.4152557832306934,0.1274503907935567,0.2647017222652328,0.13725133147167612,0.10955396689805871,0.5463968270620947,0.436842860164036,-0.07395357503744006,0.5705171767419426,0.6444707517793826,0.43306392206301975,0.2205664329925218,0.5586610151156644,0.597698103887854,0.40230189611214595,0.717889012881771,0.6593167648194274,0.6891349588849909,0.6886028888505992,-0.717889012881771,-0.6593167648194274,-0.6886028888505992,0.028754053996780105,-0.02981819406556352,6.068026483058929,10.30282598733902,16.37085247039795,472.3408203125,-187.9638671875,284.376953125,,,,,,,,,,,,,,,,,,,,,,,,,,,,,,,,,,,,HC,Oxytocin,1,Male,1,19,1.0
N227,phase2_extinction,phase2_ext_memory_fear_network,24,12684,1.5930410621194644,1.424800197498544,1.4769880869362626,1.1823138077263162,1.1363558189970857,1.1607740100278705,-0.5930410621194644,-0.16824086462092036,0.05218788943771857,-0.14214691990206108,-0.033748893213838116,0.8943901211554552,0.9271500357308435,-0.11605297518320179,-0.11605297518320179,-0.11605297518320179,0.45803871332905877,0.8141172179385605,0.2721559312676193,0.2721559312676193,0.13607796563380964,0.35607850460950174,0.8438461155911676,0.08392257334188247,0.628234435877121,0.19797251776693425,0.28483110150881735,0.6801375388049957,0.0002410814835816005,0.018243349504659497,0.08013263746715932,0.06235172311191434,-0.017780914355245092,0.1530593341139086,0.12804686387000286,-0.025012470243905738,-0.0015697189868276173,0.46875693481023295,0.4703266537970605,-0.041636037720407276,0.4375810732542758,0.4792171109746831,0.30209596849355175,0.21666100281383258,0.4293989758349877,0.6746812723043056,0.32531872769569437,0.6848452607691606,0.7122569502884812,0.7300658190052827,0.6985511055288209,-0.6848452607691606,-0.7122569502884812,-0.6985511055288209,-0.04522055823612203,-0.01780886871680143,-23.275039672851562,12.849769592285156,-10.425270080566406,1861.3427734375,-853.6435546875,1007.69921875,,,,,,,,,,,,,,,,,,,,,,,,,,,,,,,,,,,,HC,Placebo,0,Male,1,38,1.0
N228,phase2_extinction,phase2_ext_memory_fear_network,24,12684,1.5927574651240195,1.2761508007784061,1.6103727824458476,1.2567697812601653,1.0595123017463042,1.2472586244042523,-0.5927574651240195,-0.31660666434561335,0.33422198166744144,-0.14949567351189263,-0.10338431818488703,0.8012210400576141,1.0110596293515788,0.017615317321828083,0.017615317321828083,0.017615317321828083,0.42150295162126805,0.8334631359315479,0.2549660875528159,0.2549660875528159,0.12748304377640796,0.4119601843102798,0.8159340099641329,0.1569940967574639,0.6669262718630957,0.2144998276706777,0.3132753742435359,0.6435225300141907,-0.015817524004514888,0.0029970606954270768,-0.07214162364808308,0.08898932684658212,0.1611309504946653,-0.1312103721416431,-0.13619298708641803,-0.004982614944774921,-0.12437618574213288,0.5617996926827378,0.6861758784248707,-0.08830537391809135,0.5173050292594468,0.605610403177538,0.15845865152136185,0.24160607477723067,0.3852175539831758,0.7325830106451708,0.26741698935482916,0.7118677067193879,0.6794510529574037,0.7952349364570874,0.6956593798383959,-0.7118677067193879,-0.6794510529574037,-0.6956593798383959,-0.0833672297376995,-0.11578388349968372,-25.409329891204834,6.300296783447266,-19.10903310775757,1221.80859375,-1274.439453125,-52.630859375,,,,,,,,,,,,,,,,,,,,,,,,,,,,,,,,,,,,HC,Oxytocin,1,Male,1,27,0.0
N230,phase2_extinction,phase2_ext_memory_fear_network,24,12684,1.583720806044687,1.3468475616096014,1.5590874051382686,1.2878235157874283,1.0164021134009051,1.2049896931051554,-0.583720806044687,-0.23687324443508562,0.2122398435286672,-0.13075332267075201,-0.1771276125343979,0.8504324423627442,0.98444586277022,-0.024633400906418412,-0.024633400906418412,-0.024633400906418412,0.4410570337557954,0.8262223625566669,0.26727939631246234,0.26727939631246234,0.13363969815623117,0.3851653288008715,0.8281129502078455,0.11788593248840917,0.6524447251133338,0.17122121759434078,0.27629267792192225,0.5605249988693372,-0.001687715064175511,0.08603083924423324,0.02355571730107786,0.3034395266932166,0.27988380939213875,-0.25190068805742416,0.5663277577916284,0.8182284458490525,-0.05156264771342767,0.5575027048992565,0.6090653526126841,-0.0633405063639666,0.40578294155264816,0.46912344791661476,0.19915788876732313,0.14845423116879422,0.22584191377266702,0.6318955225151323,0.36810447748486774,0.705660062934155,0.7365718411774833,0.6898438704402386,0.7211159520558191,-0.705660062934155,-0.7365718411774833,-0.7211159520558191,0.015816192493916303,0.04672797073724466,-3.659348487854004,6.0896711349487305,2.4303226470947266,1849.9404296875,-41.638671875,1808.3017578125,,,,,,,,,,,,,,,,,,,,,,,,,,,,,,,,,,,,HC,Oxytocin,1,Male,1,22,1.0
N231,phase2_extinction,phase2_ext_memory_fear_network,24,12684,1.4694645469003902,1.387257740424023,1.632252174195092,1.233681142105346,1.1054888551774111,1.3563956740058474,-0.4694645469003902,-0.08220680647636724,0.244994433771069,0.040290410409167254,-0.0027388775137167087,0.9440566183850192,1.1107802270767777,0.16278762729470175,0.16278762729470175,0.16278762729470175,0.47945986452774636,0.8364779305191206,0.3159377950468669,0.3159377950468669,0.15796889752343346,0.3570180659913742,0.8207257968530943,0.04108027094450728,0.6729558610382411,0.26184778178223334,0.3862578623427384,0.6876552114461082,0.01644659221697618,-0.06880187763998816,-0.03732447899133193,-0.2802242812110069,-0.2428998022196749,0.2188833755573929,-0.41978469910508953,-0.6386680746624824,-0.06499922951114898,0.42992041297444633,0.4949196424855953,-0.04633699001548301,0.5700325535799498,0.6163695435954328,0.30949247251699324,0.10126328250383426,0.3081168129235042,0.5476612535436672,0.45233874645633276,0.7220147564726136,0.6517548303683797,0.6926939734515527,0.6868847934204967,-0.7220147564726136,-0.6517548303683797,-0.6868847934204967,0.029320783021060892,-0.040939143083173035,13.941699981689453,-14.124103546142578,-0.182403564453125,472.666015625,603.7939453125,1076.4599609375,,,,,,,,,,,,,,,,,,,,,,,,,,,,,,,,,,,,HC,Placebo,0,Male,1,18,0.0
N232,phase2_extinction,phase2_ext_memory_fear_network,24,12684,1.5998327282270144,1.4787946391397528,1.4152549642504195,1.3453000945674345,0.99746591132325,1.133990912235913,-0.5998327282270144,-0.12103808908726155,-0.06353967488933332,-0.1528079265319282,-0.27957168278785294,0.924343279022156,0.8846268303140553,-0.18457776397659487,-0.18457776397659487,-0.18457776397659487,0.4697773660725959,0.8045934665851779,0.27437083265777384,0.27437083265777384,0.13718541632888692,0.33481610051258204,0.8550041683732588,0.06044526785480819,0.6091869331703559,0.2044900625962417,0.32897816839641314,0.5738058481000289,0.007735480188528548,0.040354659639730665,-0.13606785713611713,-0.005472801821632511,0.13059505531448468,0.33738070409505294,0.42195573920981255,0.08457503511475961,-0.10975224038098502,0.44796203609459356,0.5577142764755786,-0.041718311812926456,0.4506984370054098,0.49241674881833625,0.3460127215306418,0.3126218282230512,0.3933860561560411,0.6227853715306229,0.37721462846937714,0.6784811079766786,0.6864093637877112,0.6400058592383786,0.6824452358821949,-0.6784811079766786,-0.6864093637877112,-0.6824452358821949,0.038475248738299994,0.04640350454933262,-7.934448003768921,2.654813766479492,-5.279634237289429,783.6982421875,99.9208984375,883.619140625,,,,,,,,,,,,,,,,,,,,,,,,,,,,,,,,,,,,HC,Placebo,0,Male,1,28,0.0
N233,phase2_extinction,phase2_ext_memory_fear_network,24,12684,1.4366760083033139,1.5710267868528325,1.489171683592354,1.3371932311127663,1.174390894737808,1.1362584414539836,-0.4366760083033139,0.1343507785495186,-0.0818551032604784,0.0934232269192794,-0.1818685630168706,1.0935150074462747,1.0365396683874744,0.0524956752890402,0.0524956752890402,0.0524956752890402,0.5335372638044418,0.8159539142707519,0.34949117807519364,0.34949117807519364,0.17474558903759685,0.3494911780751937,0.8428005263387077,0.06707452760888355,0.6319078285415038,0.24290761785975412,0.2939302862465792,0.8012865334800816,-0.027615517984226408,0.035639269496052686,-0.09989400793830863,0.13180232364641453,0.23169633158472314,-0.15626252509116023,0.49247687505991433,0.6487394001510746,-0.030067555159843273,0.5318369487334045,0.5619045038932478,0.019879448809311043,0.4659357869101972,0.4460563381008862,0.23419792161660133,0.36744440339335305,0.5604916988520421,0.4044211657345832,0.5955788342654168,0.7541283870679388,0.6872919943318379,0.7097537912477053,0.7207101906998883,-0.7541283870679388,-0.6872919943318379,-0.7207101906998883,0.04437459582023351,-0.02246179691586747,-5.061465263366699,7.236594200134277,2.175128936767578,-100.734375,-438.728515625,-539.462890625,,,,,,,,,,,,,,,,,,,,,,,,,,,,,,,,,,,,HC,Oxytocin,1,Male,1,19,1.0
N234,phase2_extinction,phase2_ext_memory_fear_network,24,12684,1.3717946974878759,1.4989358303027127,1.619012206467485,1.1829529900373326,1.20729259716256,1.2907882216876319,-0.37179469748787586,0.12714113281483685,0.12007637616477229,0.187179320897223,0.06608741938776341,1.0926823249286814,1.1802146470096322,0.24721750897960915,0.24721750897960915,0.24721750897960915,0.5317425352292218,0.8346588559535346,0.3664013911827564,0.3664013911827564,0.1832006955913782,0.3664013911827564,0.8220131332860046,0.06348507045844354,0.6693177119070692,0.31342622469431397,0.3776676135873478,0.9327915939634184,-0.039078640983637634,0.003052844579485982,-0.1124560037928572,-0.06020658912611632,0.05224941466674082,-0.3575190729972437,0.23106292698176722,0.588581999979011,-0.01074880974366152,0.5512699626728026,0.5620187724164641,0.04547919215276708,0.5813732572358608,0.5358940650830937,0.24321452090170187,0.3059602721789135,0.48201255120355685,0.4347673600726066,0.5652326399273935,0.7036885486498421,0.6421796295698476,0.6509989395251637,0.6729340891098449,-0.7036885486498421,-0.6421796295698476,-0.6729340891098449,0.05268960912467835,-0.008819309955316101,-2.9193458557128906,2.1290664672851562,-0.7902793884277344,1173.404296875,386.2470703125,1559.6513671875,,,,,,,,,,,,,,,,,,,,,,,,,,,,,,,,,,,,HC,Placebo,0,Male,1,18,0.0
N235,phase2_extinction,phase2_ext_memory_fear_network,24,12684,1.5016377851593983,1.3967639240494145,1.5950409970015365,1.25900232018604,1.1424950673181005,1.339360318873426,-0.5016377851593983,-0.10487386110998376,0.19827707295212194,-0.005735324633922678,-0.018074627090276962,0.9301603412966498,1.0622008863543713,0.09340321184213818,0.09340321184213818,0.09340321184213818,0.47380553869631026,0.8313241544563021,0.3051296931526124,0.3051296931526124,0.1525648465763062,0.3575186157599919,0.8263429875538815,0.052388922607379484,0.6626483089126043,0.21425665028032137,0.33534371443303684,0.6575053778859955,0.01660233077109248,0.009364510226758136,0.024467479934336872,0.07570894009040374,0.051241460156066954,-0.07626082974001003,0.013193987619436909,0.08945481735944694,-0.025396310883024298,0.5039978214560373,0.5293941323390616,-0.037630050850192734,0.46614335141083546,0.5037734022610282,0.36427856568688083,0.14575128006487617,0.45487916201021983,0.5074185961955713,0.4925814038044287,0.7199592237079856,0.7065813439657809,0.7014449485393647,0.7132702838368832,-0.7199592237079856,-0.7065813439657809,-0.7132702838368832,0.01851427516862092,0.005136395426416196,3.2333202362060547,13.27661657333374,16.509936809539795,-396.76171875,-73.0947265625,-469.8564453125,,,,,,,,,,,,,,,,,,,,,,,,,,,,,,,,,,,,HC,Placebo,0,Male,1,19,0.0
N236,phase2_extinction,phase2_ext_memory_fear_network,24,12684,1.4796967350879189,1.3097807815178397,1.6856707787271854,1.208331431099649,1.2651292965031584,1.3268679783366726,-0.4796967350879189,-0.16991595357007916,0.3758899972093457,0.018029045034593683,0.08766720632026659,0.8851683872833124,1.139200166738914,0.20597404363926652,0.20597404363926652,0.20597404363926652,0.4576229198268177,0.8436539763554581,0.3012768961822758,0.3012768961822758,0.1506384480911379,0.38603105652864045,0.8101540613335316,0.08475416034636463,0.6873079527109163,0.2774976100068905,0.4246237179324992,0.6319638311637054,0.00585752445832718,-0.08779195759011896,-0.2177806331745039,-0.28375721271011256,-0.06597657953560854,0.3180762610101595,-0.9106138602360414,-1.228690121246201,-0.13863982049103674,0.4428661175625095,0.5815059380535463,-0.02974950390378478,0.5847447239175658,0.6144942278213505,0.4729863302911985,0.27435997090149195,0.47581329107366455,0.5747665627041723,0.42523343729582774,0.7202966381092686,0.6549914995854978,0.6626355622030186,0.6876440688473833,-0.7202966381092686,-0.6549914995854978,-0.6876440688473833,0.057661075906250026,-0.007644062617520708,-17.156067848205566,15.43578052520752,-1.7202873229980469,97.916015625,-520.73046875,-422.814453125,,,,,,,,,,,,,,,,,,,,,,,,,,,,,,,,,,,,HC,Placebo,0,Female,0,20,1.0
N237,phase2_extinction,phase2_ext_memory_fear_network,24,12684,0.8175952778320246,1.77205446260598,1.7657203654266076,0.8819678217188385,1.235566409452088,1.24691657479563,0.18240472216797543,0.9544591847739554,-0.006334097179372389,0.9512921361842692,0.35927367040502056,2.167398086778173,2.1596508586891168,0.948125087594583,0.948125087594583,0.948125087594583,0.7220110712730314,0.8539246489831263,0.5759357202561577,0.5759357202561577,0.28796786012807885,0.5759357202561577,0.7263135917351211,0.44402214254606287,0.7078492979662525,0.22681768521313986,0.3933686889666055,0.4800617462981117,-0.04504842307224754,-0.1492250369823934,-0.15668081279346247,-0.6674540316767199,-0.5107732188832574,-0.15516813001339413,-0.3120961112050038,-0.15692798119160967,0.3127829055487822,-0.2712149573575936,-0.5839978629063758,0.3911233119455134,0.06251205848076635,-0.32861125346474707,0.18860267615774612,0.7640947601395919,0.6075086944016316,0.1332454994112021,0.8667545005887979,0.579511831040424,0.9749957774500655,0.5712365984300383,0.7772538042452448,-0.579511831040424,-0.9749957774500655,-0.7772538042452448,0.008275232610385763,0.4037591790200272,-2.9710569381713867,29.40803098678589,26.436974048614502,168.03125,3908.5234375,4076.5546875,,,,,,,,,,,,,,,,,,,,,,,,,,,,,,,,,,,,HC,Placebo,0,Female,0,22,0.0
N238,phase2_extinction,phase2_ext_memory_fear_network,24,12684,1.5738217938847543,1.3716166597028683,1.5470882203616618,1.3143023828468277,1.0224197392099579,1.0676540917975996,-0.5738217938847543,-0.20220513418188601,0.17547156065879355,-0.11446935385248924,-0.269265467343049,0.871519670344653,0.9830135893040086,-0.02673357352309247,-0.02673357352309247,-0.02673357352309247,0.4496202556260982,0.8244927824431196,0.27411303806921783,0.27411303806921783,0.13705651903460891,0.37487252681702143,0.8314066556728993,0.1007594887478036,0.6489855648862393,0.19670965488250075,0.2847053126825391,0.6669999604685339,-0.018750570166919067,0.031761813573413775,-0.04034929036951532,0.05742260333324595,0.09777189370276124,-0.19773827802403277,0.17177439339647527,0.36951267142050803,-0.07139715445030118,0.47335312069716795,0.5447502751474691,-0.05122250926554352,0.444641819030545,0.4958643282960885,0.23890991695461833,0.21753116114814114,0.3687675708531048,0.6363139061232808,0.36368609387671924,0.7318105790765568,0.7112184290407753,0.7459799357793362,0.721514504058666,-0.7318105790765568,-0.7112184290407753,-0.721514504058666,-0.014169356702779412,-0.03476150673856093,7.337893962860107,1.4555057883262634,8.79339975118637,-150.3544921875,130.3525390625,-20.001953125,,,,,,,,,,,,,,,,,,,,,,,,,,,,,,,,,,,,HC,Oxytocin,1,Female,0,45,1.0
N240,phase2_extinction,phase2_ext_memory_fear_network,24,12684,1.3296698873514154,1.6058915282656883,1.5513290159698185,1.1209003816195011,1.282293517900763,1.3417879109946527,-0.32966988735141545,0.2762216409142728,-0.054562512295869725,0.24894038476633806,0.19114033282820664,1.2077369965767308,1.1667023665497191,0.2216591286184031,0.2216591286184031,0.2216591286184031,0.5686196665015169,0.8251056001504004,0.39372526665191715,0.39372526665191715,0.1968626333259586,0.3937252666519172,0.8275751286337631,0.1372393330030337,0.6502112003008007,0.32159244322746994,0.47447602190925964,0.685721411805904,0.00839252740434927,0.06700603248893061,-0.15821161110807305,0.18775934192353705,0.34597095303161013,0.21301782433599303,0.42588150454972495,0.21286368021373192,-0.07289032468024706,0.730849076542919,0.803739401223166,0.006215480873789467,0.6369694055811503,0.6307539247073609,0.6041831297766158,0.28578115655820713,0.49459043219112786,0.33110983399063093,0.6688901660093691,0.7485164601566789,0.5873309650339193,0.684045344679761,0.6679237125952991,-0.7485164601566789,-0.5873309650339193,-0.6679237125952991,0.06447111547691797,-0.09671437964584162,0.025455474853515625,-11.985481262207031,-11.960025787353516,-732.314453125,3949.974609375,3217.66015625,,,,,,,,,,,,,,,,,,,,,,,,,,,,,,,,,,,,HC,Placebo,0,Male,1,19,0.0
N241,phase2_extinction,phase2_ext_memory_fear_network,24,12684,1.543645147895564,1.2847833163120275,1.6497396685933412,1.3250299966829862,1.115107143428675,1.3056892020088384,-0.543645147895564,-0.2588618315835365,0.36495635228131373,-0.07638365544287962,-0.11463182396422944,0.8323048271427611,1.0687298568295416,0.10609452069777725,0.10609452069777725,0.10609452069777725,0.43564351575831284,0.8388558627861185,0.2744993785444313,0.2744993785444313,0.13724968927221565,0.4032123470278056,0.812527939324859,0.12871296848337432,0.6777117255722369,0.2444817930791912,0.3618522693772832,0.645592716512068,-0.02174693530833991,0.006823428909920247,-0.0475282145633312,0.08714167960480601,0.13466989416813724,-0.24441736358032207,-0.1694979700302477,0.07491939355007438,-0.10437980123217336,0.6131501199112932,0.7175299211434666,-0.08061569395050776,0.5695792801088901,0.6501949740593979,0.301292518487053,0.3109793919786664,0.1023938175849291,0.5872685857010386,0.41273141429896143,0.7145570231073279,0.6566064722263396,0.635709295725069,0.6855817476668338,-0.7145570231073279,-0.6566064722263396,-0.6855817476668338,0.07884772738225898,0.020897176501270653,-2.119807720184326,13.688450336456299,11.568642616271973,479.9443359375,520.703125,1000.6474609375,,,,,,,,,,,,,,,,,,,,,,,,,,,,,,,,,,,,HC,Oxytocin,1,Female,0,28,1.0
N242,phase2_extinction,phase2_ext_memory_fear_network,24,12684,1.5702788426331016,1.5216630513011926,1.4033289916769138,1.2625048419789684,1.2858792571981161,1.2211735428316364,-0.5702788426331016,-0.048615791331908964,-0.11833405962427879,-0.10778282114404836,-0.008978441964092143,0.9690400203439101,0.8936813925270407,-0.16694985095618775,-0.16694985095618775,-0.16694985095618775,0.48784844541779415,0.8027116178955895,0.2905600633133837,0.2905600633133837,0.14528003165669184,0.3148631724777954,0.8580227482995675,0.024303109164411696,0.6054232357911791,0.20324989100382898,0.26512617450051024,0.7264448927168117,0.01819428821040971,-0.0015907158757732759,0.12357605634185509,0.10732338189857088,-0.01625267444328421,0.07675169189878561,0.09831386289338284,0.02156217099459723,0.053322771798275326,0.46862672932959565,0.41530395753132027,-0.008465256372652219,0.4149650383803102,0.42343029475296234,0.16891303669335206,0.31530453119737656,0.32552295264815234,0.5497820958705941,0.4502179041294059,0.6755851060185085,0.7027094294061018,0.6922337853463142,0.6891472677123052,-0.6755851060185085,-0.7027094294061018,-0.6891472677123052,-0.01664867932780567,0.010475644059787625,8.52307415008545,-7.337479591369629,1.1855945587158203,-638.6806640625,123.9990234375,-514.681640625,,,,,,,,,,,,,,,,,,,,,,,,,,,,,,,,,,,,HC,Placebo,0,Female,0,19,0.0
N243,phase2_extinction,phase2_ext_memory_fear_network,24,12684,1.6033253257830662,1.424517000087594,1.4659461960157687,1.2496175951562698,1.1222043130641512,1.202363582953307,-0.6033253257830662,-0.17880832569547223,0.041429195928174734,-0.15809372773138497,-0.08733364714754055,0.8884765732164134,0.9143161174458699,-0.1373791297672975,-0.1373791297672975,-0.1373791297672975,0.45541664180397945,0.8124404457016137,0.2678570875055931,0.2678570875055931,0.13392854375279656,0.3570238038976342,0.8452976924311203,0.0891667163920411,0.6248808914032273,0.1771012341032659,0.2781134734684183,0.6252644064971521,0.023505367456528155,-0.0006706363400074715,0.21139766431308377,0.04119049126770963,-0.1702071730453742,-0.08135460199448663,-0.15984470942811713,-0.0784901074336305,0.04011156229329815,0.4403849837036303,0.4002734214103321,-0.06558726986324373,0.4197897380697755,0.48537700793301924,0.1560284468415507,0.20014402401943593,0.22063030642972287,0.6625081232279665,0.3374918767720335,0.6474128551921303,0.7183220483667034,0.6959099402055758,0.6828674517794169,-0.6474128551921303,-0.7183220483667034,-0.6828674517794169,-0.04849708501344552,0.022412108161127597,26.14760446548462,-22.441874027252197,3.705730438232422,-294.8759765625,312.5498046875,17.673828125,,,,,,,,,,,,,,,,,,,,,,,,,,,,,,,,,,,,HC,Oxytocin,1,Female,0,18,0.0
N244,phase2_extinction,phase2_ext_memory_fear_network,24,12684,1.259824626462707,1.6696791730119975,1.5431456629346365,1.082682216438383,1.1770818740014501,1.2576203248721542,-0.2598246264627071,0.40985454654929043,-0.12653351007736102,0.3465877915106099,0.13466888299841928,1.3253266563353343,1.2248892570218572,0.2833210364719294,0.2833210364719294,0.2833210364719294,0.6010530013267243,0.8239215468418388,0.4249745481685631,0.4249745481685631,0.21248727408428159,0.42497454816856317,0.820876934943996,0.2021060026534487,0.6478430936836777,0.37204538925130726,0.40702148044872155,1.132092258211557,0.04457778680637167,-0.027252726089395003,0.17169776395550415,-0.15681279399317527,-0.32851055794867934,0.2999680263415234,0.08852134190754657,-0.21144668443397685,0.21154306743476256,0.5399901960490164,0.32844712861425385,0.1256941854570105,0.618396593045604,0.4927024075885935,0.31394429388348455,0.3756464583972584,0.2616908187090332,0.055080779527826466,0.9449192204721736,0.6703078171067649,0.600494709133366,0.6614470981959323,0.6354012631200654,-0.6703078171067649,-0.600494709133366,-0.6354012631200654,0.008860718910832621,-0.06095238906256628,-20.15113353729248,43.701772689819336,23.550639152526855,2142.0458984375,645.74609375,2787.7919921875,,,,,,,,,,,,,,,,,,,,,,,,,,,,,,,,,,,,HC,Placebo,0,Female,0,25,0.0
N246,phase2_extinction,phase2_ext_memory_fear_network,24,12684,1.5865879503521607,1.339472085563013,1.5626611605015126,1.2072907248155937,1.2318592533332398,1.3018141570930613,-0.5865879503521607,-0.24711586478914782,0.2231890749384997,-0.13552132731989808,0.059545980397556875,0.8442469746623454,0.9849193360541213,-0.02392678985064811,-0.02392678985064811,-0.02392678985064811,0.43853350991964335,0.82673488061238,0.26526839053202333,0.26526839053202333,0.13263419526601167,0.38820137069273664,0.827095379693017,0.1229329801607133,0.65346976122476,0.21065396529464095,0.2956890669281097,0.6104880226096584,0.01042302025895569,-0.04267554904133551,0.02648815005580052,-0.21747964360572236,-0.24396779366152294,0.07238215019214289,-0.006777568171212778,-0.07915971836335567,-0.04486455076913637,0.3706767345834574,0.41554128535259377,-0.05810862579703663,0.4794165563863186,0.5375251821833552,0.22044995451092342,0.38303395337045393,0.3022312530616549,0.6745216807309303,0.32547831926906967,0.7006048663876452,0.6923040643934766,0.6720167094754543,0.6964544653905609,-0.7006048663876452,-0.6923040643934766,-0.6964544653905609,0.028588156912190854,0.02028735491802225,15.076333999633789,-2.8923754692077637,12.183958530426025,297.90234375,-168.658203125,129.244140625,,,,,,,,,,,,,,,,,,,,,,,,,,,,,,,,,,,,HC,Oxytocin,1,Female,0,18,1.0
N247,phase2_extinction,phase2_ext_memory_fear_network,24,12684,1.362553662684536,1.5586882798685773,1.5703947825712672,1.1932239178428685,1.2565762685883057,1.2530693032446847,-0.36255366268453604,0.19613461718404124,0.011706502702689914,0.2019878685353862,0.0615988680736268,1.1439463348240897,1.1525379249664622,0.20784111988673115,0.20784111988673115,0.20784111988673115,0.5488770678662189,0.8278398803603444,0.3767169482265634,0.3767169482265634,0.18835847411328166,0.3767169482265633,0.8278591593404548,0.09775413573243785,0.6556797607206888,0.21189824268461283,0.24635087866926106,0.839384585532163,-0.0030547537497874577,-0.02271920915712547,-0.04759500056278984,-0.09866226783785759,-0.05106726727506772,-0.21719833523203036,0.20221344427225352,0.4194117795042839,0.031092592703703292,0.31957525846519863,0.2884826657614954,0.05489009298509821,0.3689063923841274,0.31401629939902925,0.2827304495969986,0.3822454321511074,0.5301618152270805,0.3882183391775962,0.6117816608224038,0.723012806096278,0.7606762082961361,0.7190546324986212,0.7418445071962071,-0.723012806096278,-0.7606762082961361,-0.7418445071962071,0.003958173597656822,0.04162157579751491,10.785568237304688,-11.350715637207031,-0.5651473999023438,-1093.060546875,1545.841796875,452.78125,,,,,,,,,,,,,,,,,,,,,,,,,,,,,,,,,,,,HC,Placebo,0,Female,0,21,0.0
N248,phase2_extinction,phase2_ext_memory_fear_network,24,12684,1.6381526327844587,1.4656903538453374,1.3841484758980256,1.312634877097246,1.2126067875289688,1.2347129121647447,-0.6381526327844587,-0.17246227893912125,-0.08154187794731182,-0.21323321791277716,-0.0889750272503893,0.8947214780632545,0.844944750414291,-0.2540041568864331,-0.2540041568864331,-0.2540041568864331,0.4569909797502164,0.799656437322517,0.2566474170727334,0.2566474170727334,0.1283237085363667,0.3426654575723006,0.8586353810221589,0.08601804049956718,0.599312874645034,0.16413302464159457,0.25480386291763957,0.6319801575156676,0.006592500980338587,-0.020337985759812535,0.12476697658985031,-0.054521562834708326,-0.1792885394245587,-0.18312053858412258,-0.20644913157917377,-0.02332859299505119,0.006897195543950907,0.35649156061680926,0.34959436507285835,-0.05548629275097425,0.3837523420341634,0.43923863478513764,0.23478793625946853,0.15381936706272004,0.34456234249902784,0.7089657994572113,0.2910342005427887,0.69248794186516,0.7253246946974551,0.7521945346733634,0.7089063182813076,-0.69248794186516,-0.7253246946974551,-0.7089063182813076,-0.05970659280820334,-0.026869839975908305,-19.599684238433838,11.843395709991455,-7.756288528442383,-902.578125,399.6904296875,-502.8876953125,,,,,,,,,,,,,,,,,,,,,,,,,,,,,,,,,,,,HC,Oxytocin,1,Female,0,26,0.0
N249,phase2_extinction,phase2_ext_memory_fear_network,24,12684,1.6152071947848654,1.356012905302093,1.5176908782885405,1.2481487610747493,1.0640544027924501,1.0901140182010982,-0.6152071947848654,-0.25919428948277234,0.16167797298644748,-0.1783553029895486,-0.1710645505779751,0.8395287621829949,0.9396261196659822,-0.09751631649632486,-0.09751631649632486,-0.09751631649632486,0.43556177999291323,0.8201981989721944,0.2557599789651076,0.2557599789651076,0.1278799894825538,0.38463641897928114,0.833814460369448,0.12887644001417353,0.6403963979443887,0.18818011184628278,0.2985412447574688,0.5867946937914807,-0.06492776783955431,0.010899935332508928,-0.2882006185180132,0.049411937244599136,0.3376125557626123,-0.20612980511683499,0.20199310875658427,0.40812291387341926,-0.20392570503980992,0.46089158809566844,0.6648172931354783,-0.059825395780803314,0.43618561947336887,0.4960110152541722,0.25482115305794356,0.3088487890019871,0.29966799314977244,0.7546946875392909,0.24530531246070908,0.6889250570848987,0.7165318119122035,0.6937270145267379,0.7027284344985512,-0.6889250570848987,-0.7165318119122035,-0.7027284344985512,-0.0048019574418392,0.02280479738546559,23.82999038696289,-1.1513233184814453,22.678667068481445,1510.505859375,-940.095703125,570.41015625,,,,,,,,,,,,,,,,,,,,,,,,,,,,,,,,,,,,HC,Placebo,0,Female,0,20,0.0
N250,phase2_extinction,phase2_ext_memory_fear_network,24,12684,1.5338079754181928,1.348933760069034,1.6061935761492627,1.3425125327306153,1.0724670005239632,1.1398532444792706,-0.5338079754181928,-0.1848742153491587,0.25725981608022863,-0.056244307309044395,-0.23635241022899844,0.87946716466028,1.0471933849733701,0.07238560073106992,0.07238560073106992,0.07238560073106992,0.45391263776389,0.8328822436383321,0.2867948814022221,0.2867948814022221,0.14339744070111105,0.37896960587444206,0.8224656785591271,0.09217472447221997,0.6657644872766642,0.20582761107063313,0.34304712744266785,0.5836613292451378,0.009396722551215536,0.050203029729623413,0.04127040360074358,0.1597997317503036,0.11852932814956002,0.0003421577553029964,0.2566336303578275,0.2562914726025245,-0.04036694840931043,0.5525572382261003,0.5929241866354107,-0.06100215020968222,0.47265737235094846,0.5336595225606307,0.40576581025411623,0.261403368671416,0.4712233368798625,0.6068681513794733,0.39313184862052675,0.6916168700618621,0.7085270860580511,0.6928403155323961,0.7000719780599567,-0.6916168700618621,-0.7085270860580511,-0.7000719780599567,-0.0012234454705339903,0.015686770525655036,12.149003982543945,-8.728073120117188,3.420930862426758,-442.595703125,1053.443359375,610.84765625,,,,,,,,,,,,,,,,,,,,,,,,,,,,,,,,,,,,HC,Oxytocin,1,Female,0,19,1.0
N251,phase2_extinction,phase2_ext_memory_fear_network,24,12684,1.3630337688951175,1.4866577104420702,1.637319549999628,1.1701800607719015,1.170576418451779,1.2427561137245982,-0.3630337688951175,0.12362394154695266,0.15066183955755785,0.1989548613257317,0.0364862053162871,1.0906976286729761,1.2012318222420344,0.2742857811045105,0.2742857811045105,0.2742857811045105,0.5308666844127916,0.837169878075508,0.3680365624882996,0.3680365624882996,0.18401828124414982,0.36803656248829963,0.8191432542821115,0.061733368825583224,0.674339756151016,0.3498384375371042,0.44934173692561336,0.8315349256676029,-0.0004116888725406261,-0.056582568894916606,0.07538517896705738,-0.22292330901393753,-0.2983084879809951,0.13048952190531415,-0.247808185395902,-0.37829770730121615,0.06244590100461628,0.5634619090461521,0.5010160080415358,0.02475331152108759,0.6749235635531208,0.6501702520320333,0.42789594799570774,0.22529578472773354,0.44580230842747404,0.5348364869134082,0.46516351308659176,0.6830636437036712,0.5878141704927294,0.7438864805886127,0.6354389070982003,-0.6830636437036712,-0.5878141704927294,-0.6354389070982003,-0.0608228368849415,-0.1560723100958833,24.41298484802246,-10.531427383422852,13.88155746459961,-2144.4267578125,1442.423828125,-702.0029296875,,,,,,,,,,,,,,,,,,,,,,,,,,,,,,,,,,,,HC,Oxytocin,1,Female,0,19,1.0
N252,phase2_extinction,phase2_ext_memory_fear_network,24,12684,1.4475440230676775,1.5174100882008772,1.5336897198052626,1.2687089176779036,1.2577059054551576,1.347845588515276,-0.4475440230676775,0.0698660651331997,0.01627963160438539,0.07800588093539251,0.034066829307313196,1.0482652365228142,1.0595116174497454,0.0861456967375851,0.0861456967375851,0.0861456967375851,0.5174594148554649,0.8225455230001846,0.34000493785564945,0.34000493785564945,0.17000246892782472,0.34000493785564945,0.8367984352195343,0.034918829710929744,0.6450910460003692,0.23072424015838855,0.32580830620334567,0.6555483356177373,0.01597561984529468,-0.03405524177649593,0.19326045671468262,-0.14760616496438672,-0.34086662167906934,-0.0918746898468279,-0.1565947939213982,-0.0647201040745703,0.10944171016170212,0.374833916030223,0.26539220586852086,0.012811481804360814,0.44863699851241634,0.4358255167080555,0.23147221720638353,0.59939066554327,0.7135863732613855,0.470253014715905,0.529746985284095,0.7112707417390637,0.704043736908614,0.7097738095887927,0.7076572393238388,-0.7112707417390637,-0.704043736908614,-0.7076572393238388,0.0014969321502710242,-0.005730072680178666,8.674015045166016,2.0763168334960938,10.75033187866211,-1016.21875,-1439.2109375,-2455.4296875,,,,,,,,,,,,,,,,,,,,,,,,,,,,,,,,,,,,HC,Placebo,0,Female,0,30,0.0
N253,phase2_extinction,phase2_ext_memory_fear_network,24,12684,1.6197785452193258,1.6053536101069033,1.2494631058378238,1.1417997425422093,1.1825395144399309,1.1839754856579294,-0.6197785452193258,-0.014424935112422599,-0.3558905042690794,-0.1923701872469623,0.04145775750672076,0.9910944955617903,0.7713789652367885,-0.370315439381502,-0.370315439381502,-0.370315439381502,0.4963938287523122,0.7772069083884693,0.2736007371407815,0.2736007371407815,0.13680036857039074,0.2808130796361571,0.8825986937648271,0.007212342495375612,0.5544138167769386,0.1863269847222687,0.24461784364984412,0.7490050546694043,0.009724768254059827,-0.0052610484939686385,0.07781957197833372,-0.045729089287036895,-0.12354866126537067,0.08731046652752816,0.22098269993474873,0.13367223340722056,0.017404963368886972,0.3712942474212989,0.3538892840524118,-0.02150482262027989,0.3941587920648173,0.41566361468509716,0.17739167780963716,0.2177855233428765,0.2820133779271374,0.6147245844142671,0.38527541558573286,0.7319254060133282,0.6831970871241103,0.6915031441220444,0.7075612465687193,-0.7319254060133282,-0.6831970871241103,-0.7075612465687193,0.04042226189128384,-0.008306056997934075,26.71496057510376,-9.647573471069336,17.067387104034424,3098.78515625,-2456.078125,642.70703125,,,,,,,,,,,,,,,,,,,,,,,,,,,,,,,,,,,,HC,Oxytocin,1,Male,1,26,0.0
N254,phase2_extinction,phase2_ext_memory_fear_network,24,12684,1.2003405966817404,1.5571945598911778,1.7019183776873756,1.0174357684245179,1.239903324930663,1.3547668904081784,-0.20034059668174042,0.3568539632094374,0.1447238177961978,0.4292158721075363,0.27989933924490296,1.2972939107641588,1.4178628701000233,0.5015777810056352,0.5015777810056352,0.5015777810056352,0.5882786545016474,0.8457851200186972,0.4340637745203446,0.4340637745203446,0.2170318872601723,0.4340637745203446,0.7988418991702289,0.1765573090032948,0.6915702400373944,0.3231191964440679,0.3981814222201765,0.9891908033059523,0.042339025288402776,0.02615542958151654,-0.01668117935892277,0.05603377682047406,0.07271495617939683,0.43391866317193406,0.5007449050993721,0.06682624192743802,0.08456719974357782,0.5813474918753336,0.4967802921317558,0.0929077894230392,0.5533306034650967,0.4604228140420574,0.36799562357898313,0.33380678219664434,0.4828800026751024,0.3370439925125662,0.6629560074874338,0.7301015852160266,0.6776618720860587,0.7012351345843445,0.7038817286510426,-0.7301015852160266,-0.6776618720860587,-0.7038817286510426,0.02886645063168214,-0.02357326249828584,4.68116569519043,19.152063608169556,23.833229303359985,386.048828125,753.07421875,1139.123046875,,,,,,,,,,,,,,,,,,,,,,,,,,,,,,,,,,,,HC,Oxytocin,1,Female,0,37,1.0
N255,phase2_extinction,phase2_ext_memory_fear_network,24,12684,1.4057531468848468,1.5518465337971095,1.5382984634333479,1.1757548237995348,1.3019908582084998,1.2114023563822989,-0.40575314688484676,0.1460933869122627,-0.0135480703637616,0.1393193517303819,0.08094178349586456,1.1039253415130192,1.0942877530805066,0.1325453165485011,0.1325453165485011,0.1325453165485011,0.536458524415635,0.8232172357223911,0.35967576013802616,0.35967576013802616,0.17983788006901308,0.35967576013802616,0.8345746877874622,0.07291704883127004,0.6464344714447823,0.26432938007544216,0.3697773811407813,0.7744303655351964,-0.026407211977258798,-0.005431479209085514,-0.1769969301259777,0.10191071406701513,0.27890764419299285,0.09492660156297283,-0.2880813981211472,-0.38300799968412,-0.07006794237046915,0.561183594491872,0.6312515368623413,0.0184305226925197,0.5102282374583644,0.49179771476584483,0.30057501951423155,0.27429836985940026,0.4516998020229004,0.41849040462667625,0.5815095953733238,0.73347931580893,0.6681000728254924,0.6950068950976129,0.7007896943172112,-0.73347931580893,-0.6681000728254924,-0.7007896943172112,0.03847242071131707,-0.02690682227212049,6.8008832931518555,6.428314685821533,13.229197978973389,-255.453125,-554.84765625,-810.30078125,,,,,,,,,,,,,,,,,,,,,,,,,,,,,,,,,,,,HC,Oxytocin,1,Female,0,29,1.0
N257,phase2_extinction,phase2_ext_memory_fear_network,24,12684,1.37434297632374,1.6392572144866189,1.4737783038704106,1.1445496509356325,1.0125142877679418,1.2146563957146184,-0.37434297632374003,0.26491423816287885,-0.16547891061620823,0.18217478285477462,-0.030964309194352335,1.1927569979248802,1.0723511660016196,0.09943532754667062,0.09943532754667062,0.09943532754667062,0.5658439343690866,0.8136309904481882,0.3794749248172749,0.3794749248172749,0.18973746240863743,0.37947492481727485,0.8406339060652283,0.13168786873817329,0.6272619808963764,0.2561560430251413,0.28368082468640005,0.9161907210352356,0.023168547980421804,-0.03822581621731832,0.16598017869724818,-0.024544403723309405,-0.1905245824205576,-0.026890814467716684,-0.610898589356697,-0.5840077748889804,0.15998054272946344,0.42304943080778845,0.263068888078325,0.07699045338083935,0.4353216326694431,0.3583311792886038,0.1652436193164719,0.4391030275559088,0.4919093167223717,0.30240956694460674,0.6975904330553933,0.71301542959326,0.7062102660746072,0.7283638556360308,0.7096128478339336,-0.71301542959326,-0.7062102660746072,-0.7096128478339336,-0.015348426042770758,-0.022153589561423548,3.279438018798828,-8.200322151184082,-4.920884132385254,-169.93359375,808.005859375,638.072265625,,,,,,,,,,,,,,,,,,,,,,,,,,,,,,,,,,,,HC,Placebo,0,Female,0,18,0.0
N258,phase2_extinction,phase2_ext_memory_fear_network,24,12684,1.294733323474652,1.5197463965107902,1.6631847055777187,1.2239087122292793,1.2107088487886233,1.311401123266009,-0.2947333234746521,0.22501307303613816,0.14343830906692845,0.2967322275696025,0.03714627379803681,1.173791048101214,1.2845770341868472,0.3684513821030666,0.3684513821030666,0.3684513821030666,0.556017117783909,0.8406650487964996,0.3966821665804087,0.3966821665804087,0.19834108329020433,0.39668216658040867,0.8118215089322524,0.11203423556781811,0.6813300975929992,0.2825601526778442,0.36151504262521894,0.9288145646632535,0.03079405157233754,-0.02336050573863351,0.07412625141524665,-0.14395154873386418,-0.21807780014911082,0.5161516654856032,0.026650130523426685,-0.4895015349621765,0.12785437748132844,0.40235327921505115,0.27449890173372277,0.09079125177370512,0.47432905358198324,0.3835378018082781,0.4358377318943728,0.20426371170011148,0.33670958470638235,0.4068531693595712,0.5931468306404288,0.734300312427756,0.7256794836456164,0.6737086146200264,0.7299898980366861,-0.734300312427756,-0.7256794836456164,-0.7299898980366861,0.06059169780772955,0.051970869025590005,-9.092693328857422,0.9708938598632812,-8.12179946899414,1394.400390625,-842.51953125,551.880859375,,,,,,,,,,,,,,,,,,,,,,,,,,,,,,,,,,,,HC,Placebo,0,Female,0,19,1.0
N259,phase2_extinction,phase2_ext_memory_fear_network,24,12684,1.145085074480747,1.512222641341105,1.7754494804322296,1.099925590907272,1.2009052853595448,1.4549941208603503,-0.14508507448074703,0.36713756686035803,0.26322683909112454,0.4987509864059203,0.22802411220267538,1.320620329297924,1.5504956832420267,0.6303644059514826,0.6303644059514826,0.6303644059514826,0.5907671330209786,0.8551340589469978,0.4459011919679764,0.4459011919679764,0.2229505959839882,0.4459011919679764,0.7864688329154881,0.18153426604195722,0.7102681178939956,0.4051264265886234,0.4312935200568955,1.0611666308890337,0.024264758827928626,-0.06358288329533905,0.07927432976886686,-0.2107171708942206,-0.28999150066308765,-0.0604942693928221,-0.5695025682226612,-0.5090082988298391,0.1304980982811052,0.6140333343334647,0.4835352360523595,0.09086093339667177,0.719391919780575,0.6285309863839033,0.21643663064668925,0.25248453887790184,0.34245148266386727,0.39301358792949237,0.6069864120705076,0.7457397208544985,0.5951572239978291,0.6629664650274514,0.6704484724261638,-0.7457397208544985,-0.5951572239978291,-0.6704484724261638,0.08277325582704709,-0.06780924102962227,-7.772876739501953,-2.774923324584961,-10.547800064086914,359.83203125,1365.021484375,1724.853515625,,,,,,,,,,,,,,,,,,,,,,,,,,,,,,,,,,,,HC,Oxytocin,1,Female,0,23,1.0
N260,phase2_extinction,phase2_ext_memory_fear_network,24,12684,1.3958750489810525,1.4183057864922397,1.6685048023496034,1.2297424700768258,1.15026614991431,1.2717633269420827,-0.3958750489810525,0.022430737511187182,0.2501990158573637,0.14753024543986903,-0.018727731648629398,1.0160692945739436,1.19531099263824,0.2726297533685509,0.2726297533685509,0.2726297533685509,0.5056074492697076,0.8413763706684384,0.34698381993814603,0.34698381993814603,0.173491909969073,0.346983819938146,0.815457959614511,0.011214898539415152,0.6827527413368768,0.24825005754297688,0.38052508652503625,0.6372203498819743,-0.08834929202525336,-0.026431293037492982,-0.3066620529405488,0.01715140708200258,0.3238134600225513,-0.39790921675135715,-0.5512017036411743,-0.15329248688981711,-0.15958499294470926,0.5113297851013899,0.6709147780460991,-0.006253966474434866,0.5027540815603886,0.5090080480348235,0.3825747764306018,0.4603516409209718,0.5044176561330295,0.4581911556180804,0.5418088443819196,0.6859689940665625,0.7015738803594976,0.647322158671554,0.6937714372130301,-0.6859689940665625,-0.7015738803594976,-0.6937714372130301,0.03864683539500857,0.05425172168794368,-3.1280250549316406,11.49795913696289,8.36993408203125,-1046.2255859375,788.388671875,-257.8369140625,,,,,,,,,,,,,,,,,,,,,,,,,,,,,,,,,,,,HC,Placebo,0,Female,0,32,0.0
N101,phase2_extinction,phase2_ext_schaefer_tian,24,41570,1.5149877563684209,1.4105220576356505,1.5702223095311887,1.2736374125791925,1.2102523850095583,1.2512036771187447,-0.5149877563684209,-0.10446569873277034,0.15970025189553816,-0.02461557278500126,-0.04290938151504098,0.9310451799995817,1.0364587387363335,0.05523455316276782,0.05523455316276782,0.05523455316276782,0.47390730031666006,0.8278152979380676,0.3017225982547277,0.3017225982547277,0.15086129912736385,0.35390799762140757,0.8303563920625556,0.052185399366679874,0.6556305958761353,0.2181723293683059,0.30367172974339784,0.7268343095376714,-0.02442148516576708,0.02188002339971699,-0.09988073412105683,0.15948878199046612,0.2593695161115229,0.19601446743502515,0.0005609060541591493,-0.195453561380866,-0.04911564445931507,0.5152643271306315,0.5643799715899466,0.000824722601213343,0.43551993613539847,0.4346952135341851,0.38425998096609637,0.24298086329231622,0.43765170996023967,0.5018389521234015,0.49816104787659854,0.7344906954901324,0.7202820235274585,0.6896661252952263,0.7273863595087955,-0.7344906954901324,-0.7202820235274585,-0.7273863595087955,0.044824570194906044,0.030615898232232208,-6.296474486589432,-14.884041786193848,-21.18051627278328,-414.91796875,-257.328125,-672.24609375,,,,,,,,,,,,,,,,,,,,,,,,,,,,,,,,,,,,SAD,Placebo,0,Female,0,21,0.0
N103,phase2_extinction,phase2_ext_schaefer_tian,24,41570,1.4340043523151063,1.492490267087259,1.5703358997262595,1.0888966253789383,1.219468924570334,1.2467813683997497,-0.43400435231510626,0.058485914772152814,0.07784563263900046,0.09740873109165316,0.14422852110610362,1.0407850257008502,1.095070517910458,0.13633154741115328,0.13633154741115328,0.13633154741115328,0.5146173122629878,0.8278314881556327,0.3424488004186204,0.3424488004186204,0.17122440020931023,0.34244880041862047,0.8310124294837653,0.029234624525975583,0.6556629763112654,0.2579180902993017,0.31496073578897055,0.8614211105114974,0.03161830025903195,0.009036758341704901,0.12271245584149715,0.10692793648299137,-0.015784519358505666,0.42696841597500845,-0.15293336755553932,-0.5799017835305478,0.08101274418958115,0.5496436325712664,0.4686308883816853,0.01965651626883258,0.4961796643297707,0.47652314806093815,0.24379112799495908,0.2764149608661026,0.4277701773711584,0.4551863108847919,0.5448136891152081,0.6839694346615778,0.6875188935943584,0.7078958547487021,0.685744164127968,-0.6839694346615778,-0.6875188935943584,-0.685744164127968,-0.02392642008712431,-0.02037696115434373,-4.716482162475586,11.230769634246826,6.51428747177124,823.603515625,-492.373046875,331.23046875,,,,,,,,,,,,,,,,,,,,,,,,,,,,,,,,,,,,SAD,Oxytocin,1,Female,0,23,0.0
N104,phase2_extinction,phase2_ext_schaefer_tian,24,41570,1.5475625007795992,1.5163603702600825,1.4338418526675183,1.1692735695555496,1.1757731697176146,1.2039011300901388,-0.5475625007795992,-0.031202130519516702,-0.08251851759256423,-0.07246138931579882,0.02056358034832706,0.9798378803426827,0.9265162749033039,-0.11372064811208094,-0.11372064811208094,-0.11372064811208094,0.4922001001741425,0.807499215209695,0.29969931538383754,0.29969931538383754,0.14984965769191877,0.3152991150355525,0.8532490714744476,0.015599799651714985,0.6149984304193901,0.2087816296619957,0.27942395899222294,0.7209191663151492,-0.04578493236410687,0.0023521908933076146,-0.1694593723768404,-0.08937489682374622,0.08008447555309411,-0.2737007228264847,0.01224104798073078,0.2859417708072155,-0.09371845540344159,0.38186458012713964,0.47558303553058123,-0.008988769215021397,0.42655202853901275,0.4355407977540342,0.2127954348058842,0.29775691517332775,0.44552249685564727,0.4818336034509585,0.5181663965490415,0.6930825792496201,0.7011283470795516,0.6859159126298731,0.6971054631645859,-0.6930825792496201,-0.7011283470795516,-0.6971054631645859,0.007166666619747075,0.015212434449678569,-1.2196388244628906,11.127584457397461,9.90794563293457,796.533203125,-1663.521484375,-866.98828125,,,,,,,,,,,,,,,,,,,,,,,,,,,,,,,,,,,,SAD,Oxytocin,1,Male,1,33,0.0
N105,phase2_extinction,phase2_ext_schaefer_tian,24,41570,1.5016949838433105,1.5612931864737867,1.4343276639852236,1.2240161760133457,1.1929516930203805,1.1859990298757261,-0.5016949838433105,0.059598202630476216,-0.12696552248856308,-0.0038845586138052113,-0.034540814565292344,1.0396872819546037,0.9551391393496808,-0.06736731985808686,-0.06736731985808686,-0.06736731985808686,0.5148951420238905,0.8075747204962231,0.32246986252011367,0.32246986252011367,0.16123493126005684,0.32246986252011367,0.852938606865361,0.029790284047781057,0.6151494409924463,0.22829963512458679,0.271497652429353,0.9431473682114981,-0.02726313518056072,-0.01066438292978258,-0.09395096877226378,-0.06878908895909636,0.025161879813167365,-0.33658509340704645,0.08024413427928168,0.41682922768632813,-0.02890178062180282,0.4041310220052963,0.4330328026270991,0.01807370376432907,0.4385255664848445,0.4204518627205154,0.17263460006853384,0.13682559063815045,0.19755026208864648,0.48786134574864837,0.5121386542513516,0.6922238440443624,0.6965259668758785,0.7149454363561573,0.6943749054601205,-0.6922238440443624,-0.6965259668758785,-0.6943749054601205,-0.022721592311794825,-0.018419469480278727,-13.132836818695068,4.151891827583313,-8.980944991111755,-884.9609375,490.90234375,-394.05859375,,,,,,,,,,,,,,,,,,,,,,,,,,,,,,,,,,,,SAD,Oxytocin,1,Female,0,21,0.0
N106,phase2_extinction,phase2_ext_schaefer_tian,24,41570,1.5062329832666146,1.7015776233755409,1.2593761921737592,1.0662514644490084,1.4405860226244946,1.0970770430781864,-0.5062329832666146,0.19534464010892627,-0.4422014312017817,-0.02575607549196457,0.202580068402332,1.129690845295638,0.8361098168766777,-0.2468567910928554,-0.2468567910928554,-0.2468567910928554,0.5486814532843556,0.7789187040453318,0.32760015732968734,0.32760015732968734,0.1638000786648437,0.3276001573296874,0.8776440621006278,0.09736290656871116,0.5578374080906636,0.23213531689440434,0.2766845279407916,1.0130464819108522,-0.019365996825055094,0.040887176826770864,-0.1492700016629726,0.12346712886667499,0.27273713052964754,-0.23267543522013456,0.1422842276556442,0.37495966287577875,0.014452741514004774,0.43691645587665506,0.42246371436265023,0.08908774234549108,0.37518289144331757,0.2860951490978265,0.3185066733565041,0.22140706563896173,0.3192498758728092,0.21451220910480673,0.7854877908951933,0.6731604931169215,0.7070820138179055,0.71025980817365,0.6901212534674135,-0.6731604931169215,-0.7070820138179055,-0.6901212534674135,-0.03709931505672848,-0.003177794355744501,21.339939832687378,-25.19102907180786,-3.8510892391204834,2121.455078125,-915.6640625,1205.791015625,,,,,,,,,,,,,,,,,,,,,,,,,,,,,,,,,,,,SAD,Oxytocin,1,Female,0,22,0.0
N108,phase2_extinction,phase2_ext_schaefer_tian,24,41570,1.6043958079868512,1.364266910327435,1.521786289576211,1.3533173826014075,1.1146803207721288,1.1435140425136079,-0.6043958079868512,-0.24012889765941625,0.15751937924877613,-0.1613692080350282,-0.22422020095853923,0.85033063227457,0.94851050627002,-0.08260951841064013,-0.08260951841064013,-0.08260951841064013,0.44025458617543756,0.8208013702177035,0.26105595639314105,0.26105595639314105,0.13052797819657053,0.38054678404226594,0.8339983561928224,0.11949082764912489,0.641602740435407,0.19290944782109576,0.3450984327778018,0.49285231773394556,-0.03920672458223382,-0.040811378686303974,-0.08096564298242423,-0.12844722611015408,-0.04748158312772993,-0.14998121271850384,-0.5857927046849748,-0.43581149196647095,-0.08731119083097064,0.36842365192687304,0.45573484275784365,-0.04682836933975852,0.43264726498195005,0.47947563432170864,0.40903947112134054,0.4636791015346554,0.5007481221210767,0.6517585616980013,0.3482414383019987,0.6919130548687437,0.7129760966867544,0.638743592113882,0.7024445757777491,-0.6919130548687437,-0.7129760966867544,-0.7024445757777491,0.053169462754861674,0.07423250457287245,-7.101490497589111,8.165071487426758,1.0635809898376465,1975.130859375,-610.388671875,1364.7421875,,,,,,,,,,,,,,,,,,,,,,,,,,,,,,,,,,,,SAD,Oxytocin,1,Male,1,22,1.0
N109,phase2_extinction,phase2_ext_schaefer_tian,24,41570,1.705025667795721,1.1171565273639683,1.6216996211387573,1.1962625554737938,1.0389306642117346,1.2942751107296182,-0.705025667795721,-0.5878691404317526,0.504543093774789,-0.33559759354435803,-0.029659668003117368,0.6552139020030728,0.951129148527142,-0.08332604665696364,-0.08332604665696364,-0.08332604665696364,0.3571239216576356,0.8350293949764827,0.19215331663411828,0.19215331663411828,0.09607665831705914,0.47790547331884703,0.7931696038421172,0.28575215668472875,0.6700587899529653,0.16087682696831396,0.33653802081893713,0.42900995383936896,0.007343135014419683,-0.013121628456760893,0.07250907928924319,-0.05328913053401696,-0.1257982098232603,0.09952519554091466,-0.37333795118290747,-0.4728631467238221,-0.13940665420600154,0.47077028252024256,0.6101769367262441,-0.17566119385062312,0.49741484778725104,0.6730760416378743,0.18996086941635323,0.2515746898350767,0.3745666668471726,0.8265529156729554,0.1734470843270446,0.7040632421770874,0.6924579483491072,0.8194059471837352,0.6982605952630974,-0.7040632421770874,-0.6924579483491072,-0.6982605952630974,-0.11534270500664778,-0.12694799883462793,-20.33347225189209,2.2712488174438477,-18.062223434448242,-701.0,-896.724609375,-1597.724609375,,,,,,,,,,,,,,,,,,,,,,,,,,,,,,,,,,,,SAD,Oxytocin,1,Female,0,33,1.0
N110,phase2_extinction,phase2_ext_schaefer_tian,24,41570,1.521725904375932,1.4780550715825158,1.4999010592467492,1.270381523000962,1.1444861418565975,1.157780054109149,-0.5217259043759319,-0.0436708327934161,0.0218459876642334,-0.0327478389612994,-0.11924842501808897,0.971301768353386,0.9856578277842281,-0.0218248451291827,-0.0218248451291827,-0.0218248451291827,0.489084026605452,0.8175597190676588,0.3066437456731108,0.3066437456731108,0.1533218728365554,0.32847569246220676,0.8425213115503565,0.021831946789095946,0.6351194381353176,0.227176480212303,0.26819821576449404,0.8754387491927266,-0.019342918578495714,-0.007878213418123378,-0.06555599384702615,-0.0789707634313982,-0.0134147695843721,-0.07194335922233375,-0.055866794278602194,0.016076564943731553,-0.04411552439204597,0.4262051061774398,0.47032063056948575,-0.011337527468532893,0.4656904878931389,0.4770280153616718,0.12843364816514624,0.1345881475646534,0.17307165690086074,0.5297250205349876,0.4702749794650124,0.6848592484516622,0.690219925898888,0.7406032452590605,0.6875395871752752,-0.6848592484516622,-0.690219925898888,-0.6875395871752752,-0.05574399680739828,-0.050383319360172485,2.309291899204254,0.036424100399017334,2.3457159996032715,1055.203125,-812.2578125,242.9453125,,,,,,,,,,,,,,,,,,,,,,,,,,,,,,,,,,,,SAD,Placebo,0,Female,0,21,0.0
N111,phase2_extinction,phase2_ext_schaefer_tian,24,41570,1.3820881322004,1.5962134362462128,1.5141061854043207,1.1551256947012605,1.339719813221157,1.2471627627246804,-0.38208813220039994,0.21412530404581287,-0.08210725084189208,0.17307167862486672,0.1383155932716582,1.154928826539896,1.0955207118655523,0.1320180532039208,0.1320180532039208,0.1320180532039208,0.5533277267609971,0.8196689462360575,0.3729966729970545,0.3729966729970545,0.18649833649852726,0.3729966729970545,0.8362897489963139,0.10665545352199413,0.6393378924721149,0.30899753461939844,0.3484861482353476,1.0053632534548318,-0.018100125686513802,-0.014447917022626208,-0.1380653048768951,-0.08283546339890424,0.055229841477990926,-0.2427843351874952,0.09607040048705762,0.3388547356745528,-0.003521943081542661,0.5110666281824399,0.5145885712639826,0.0655107093569049,0.552484359881892,0.48697365052498714,0.2826069938568094,0.20677577636674233,0.3662119364857114,0.3440082752040463,0.6559917247959537,0.6737274940001245,0.6379025732079969,0.6964953384018142,0.6558150336040607,-0.6737274940001245,-0.6379025732079969,-0.6558150336040607,-0.022767844401689663,-0.05859276519381729,4.165702819824219,15.480934143066406,19.646636962890625,1034.7734375,-5434.0703125,-4399.296875,,,,,,,,,,,,,,,,,,,,,,,,,,,,,,,,,,,,SAD,Placebo,0,Male,1,19,0.0
N112,phase2_extinction,phase2_ext_schaefer_tian,24,41570,1.5468442612541333,1.3914574219920204,1.556353639372559,1.2305106821948664,1.1207780829757032,1.21265851609272,-0.5468442612541333,-0.15538683926211294,0.1648962173805386,-0.07293873057184364,-0.06379238266065479,0.8995458999010094,1.0061475924209977,0.009509378118425671,0.009509378118425671,0.009509378118425671,0.4612312649626201,0.8258295011681297,0.2870607661307498,0.2870607661307498,0.1435303830653749,0.3645982362055096,0.8314078131317245,0.07753747007475975,0.6516590023362594,0.1949981193799509,0.2571093056521172,0.6298694396382912,0.0006551557125450783,-0.05710817836757471,0.014809522672416642,-0.2712399153794294,-0.286049438051846,-0.03411756125792054,-0.1962307532419647,-0.16211319198404417,-0.029907651178672057,0.29168869358506744,0.32159634476373955,-0.03731241251488038,0.4273086512747821,0.4646210637896625,0.11845233552409626,0.3769139038300003,0.3301267418352642,0.5817221223674525,0.41827787763254753,0.7476636636441529,0.7245906503597607,0.7256366648717413,0.7361271570019567,-0.7476636636441529,-0.7245906503597607,-0.7361271570019567,0.022026998772411654,-0.0010460145119806086,4.403032302856445,5.426041960716248,9.829074263572693,-18.08984375,-423.6796875,-441.76953125,,,,,,,,,,,,,,,,,,,,,,,,,,,,,,,,,,,,SAD,Placebo,0,Male,1,22,1.0
N113,phase2_extinction,phase2_ext_schaefer_tian,24,41570,1.5369416829846059,1.4112297890012835,1.548179386310428,1.2638323030121428,1.1459437645100676,1.2639184078315169,-0.5369416829846059,-0.1257118939833224,0.13694959730914458,-0.05723709532874999,-0.05890121684135052,0.9182064586072872,1.0073117239106186,0.01123770332582219,0.01123770332582219,0.01123770332582219,0.46861335047910724,0.8246506230911278,0.29326397357023504,0.29326397357023504,0.14663198678511752,0.35603727261202056,0.8334762325164796,0.06277329904178552,0.6493012461822556,0.21257427640744575,0.2838941541473119,0.7553465573496208,0.006552417403473947,0.00256601324552909,0.03369854091889518,0.030792617338893713,-0.0029059235800014682,0.03383518508359984,0.08321348566419773,0.04937830058059789,-0.018832624883172167,0.47622675682695814,0.4950593817101303,-0.03568189534261976,0.4608304481575113,0.49651234350013107,0.2435447455437121,0.11616286169217702,0.2046715216992974,0.570006362505253,0.42999363749474695,0.7063269382222461,0.7008293723456365,0.6964488668616637,0.7035781552839413,-0.7063269382222461,-0.7008293723456365,-0.7035781552839413,0.009878071360582386,0.00438050548397273,-5.01136040687561,8.514420747756958,3.5030603408813477,-215.162109375,-584.529296875,-799.69140625,,,,,,,,,,,,,,,,,,,,,,,,,,,,,,,,,,,,SAD,Oxytocin,1,Male,1,20,0.0
N114,phase2_extinction,phase2_ext_schaefer_tian,24,41570,1.1464880165641054,1.575858042917992,1.7243740364501652,1.0851485143050421,1.2706607921213982,1.2893816658720922,-0.14648801656410537,0.42937002635388666,0.14851599353217315,0.5036280231199732,0.1948727146917031,1.3745089407001136,1.5040488836310997,0.5778860198860598,0.5778860198860598,0.5778860198860598,0.6057232265128931,0.848691382351178,0.45441460886407115,0.45441460886407115,0.22720730443203557,0.45441460886407115,0.790304783948326,0.21144645302578624,0.697382764702356,0.32127030636636167,0.3554062824285539,0.9905709101599752,0.052754384238656075,-0.036632233246108446,0.21651012423131843,-0.1758022943216042,-0.39231241855292254,0.35039267091350257,-0.08646888487396964,-0.4368615557874722,0.24002712683798771,0.42286740084959273,0.18284027401160505,0.1317720647223285,0.5107685480103948,0.37899648328806634,0.45938673909067396,0.3917250038325004,0.8278245224833812,0.33845757336950694,0.661542426630493,0.6907607429267535,0.7293173279156413,0.6446390957854453,0.7100390354211974,-0.6907607429267535,-0.7293173279156413,-0.7100390354211974,0.046121647141308175,0.08467823213019599,13.389936447143555,-12.191797256469727,1.1981391906738281,-1414.640625,1905.88671875,491.24609375,,,,,,,,,,,,,,,,,,,,,,,,,,,,,,,,,,,,SAD,Placebo,0,Male,1,23,0.0
N115,phase2_extinction,phase2_ext_schaefer_tian,24,41570,1.4333009477482435,1.559800818257203,1.5042374572803485,1.1621903737533397,1.169455863521304,1.261390680897204,-0.43330094774824346,0.1264998705089595,-0.05556336097685444,0.09871819002053228,0.05323289845591428,1.0882577101655568,1.0494916989684766,0.07093650953210506,0.07093650953210506,0.07093650953210506,0.5315828625365921,0.8182056276226907,0.34978849015928287,0.34978849015928287,0.1748942450796414,0.3497884901592828,0.8405533701955055,0.0631657250731843,0.6364112552453813,0.23439278086958665,0.270554515646086,0.9438117097174272,0.030024735688548593,0.02458193580728795,0.08532979767657478,0.16110672735280995,0.07577692967623512,0.3732167735865324,-0.018308591890109027,-0.3915253654766414,0.07344374200698617,0.5185600822468794,0.44511634023989327,0.030778843168698777,0.43800671857047446,0.40722787540177574,0.20180602346280818,0.19153638545783824,0.2804697962019997,0.3973649361679513,0.6026350638320487,0.676400886061262,0.7137665425025415,0.6894018199532423,0.6950837142819017,-0.676400886061262,-0.7137665425025415,-0.6950837142819017,-0.013000933891980315,0.02436472254929911,-0.7539091110229492,8.613614082336426,7.859704971313477,-755.32421875,2054.34375,1299.01953125,,,,,,,,,,,,,,,,,,,,,,,,,,,,,,,,,,,,SAD,Oxytocin,1,Male,1,20,0.0
N117,phase2_extinction,phase2_ext_schaefer_tian,24,41570,1.3064476431147884,1.6627499106816193,1.5097140681810903,1.198675869934481,1.2423319305923428,1.2186084995898823,-0.30644764311478845,0.3563022675668308,-0.15303584250052893,0.27978434631656635,0.031794345156631376,1.27272601142292,1.1555871102693482,0.20326642506630188,0.20326642506630188,0.20326642506630188,0.5881450235169723,0.8190188279017224,0.40716385141869466,0.40716385141869466,0.20358192570934736,0.4071638514186947,0.8298415150839645,0.17629004703394457,0.6380376558034448,0.24721404832776483,0.2520733232016784,1.0511159699665171,-0.022663147885996875,0.04319920678393671,-0.06529964107335626,0.06898557040539377,0.13428521147875,-0.3300632890761773,0.5226503521904816,0.8527136412666589,0.06484204514208619,0.4314290161794623,0.36658697103737603,0.09749186567876432,0.3969362309767654,0.299444365298001,0.14415201402136132,0.34057527026124174,0.33774893448389,0.26530629728060595,0.734693702719394,0.7146105612058442,0.7348180397216479,0.7173906947628357,0.7247143004637461,-0.7146105612058442,-0.7348180397216479,-0.7247143004637461,-0.002780133556991471,0.017427344958812263,2.9294700622558594,0.054325103759765625,2.983795166015625,-909.6875,572.63671875,-337.05078125,,,,,,,,,,,,,,,,,,,,,,,,,,,,,,,,,,,,SAD,Placebo,0,Male,1,19,1.0
N118,phase2_extinction,phase2_ext_schaefer_tian,24,41570,1.3968828039250767,1.6317492946262804,1.4607768545016167,1.1548585838469962,1.230885886689592,1.1219465134035322,-0.3968828039250767,0.2348664907012037,-0.17097244012466373,0.14938027063887183,0.021557616199565866,1.1681361373766612,1.0457404443233183,0.06389405057653996,0.06389405057653996,0.06389405057653996,0.5584481914636823,0.8116514639017977,0.37009965536547995,0.37009965536547995,0.18504982768273998,0.37009965536547995,0.8440621485382712,0.1168963829273646,0.6233029278035953,0.27155181657597993,0.3243626817419548,0.9619946889885904,-0.018737538374299485,-0.010696828312247175,-0.007619555721490645,-0.025297624493622883,-0.017678068772132238,-0.29950230122445687,-0.23022067555785775,0.06928162566659912,0.060253628919249846,0.4663914141251532,0.4061377852059034,0.06406340677999517,0.4790402263719647,0.41497681959196947,0.31420634653377516,0.2895481433263516,0.2634667696934595,0.3128780775187505,0.6871219224812495,0.6909710015859777,0.6749011020742205,0.7270222539974673,0.6829360518300991,-0.6909710015859777,-0.6749011020742205,-0.6829360518300991,-0.036051252411489654,-0.052121151923246845,-0.08091235160827637,12.786135733127594,12.705223381519318,927.26953125,-2464.26171875,-1536.9921875,,,,,,,,,,,,,,,,,,,,,,,,,,,,,,,,,,,,SAD,Oxytocin,1,Male,1,21,1.0
N120,phase2_extinction,phase2_ext_schaefer_tian,24,41570,1.4078612818187048,1.4859481579503897,1.5997896465636527,1.1806652096408148,1.178144422688129,1.177023435136088,-0.40786128181870485,0.07808687613168486,0.11384148861326304,0.13500762043831638,-0.0030812807287063926,1.0554648860547977,1.136326182032472,0.1919283647449479,0.1919283647449479,0.1919283647449479,0.5195118055062533,0.8319889832866623,0.3515007887929156,0.3515007887929156,0.1757503943964578,0.3515007887929156,0.8260178810018648,0.03902361101250662,0.6639779665733245,0.267203894852641,0.33101195985235454,0.9076104580952201,0.01890608511270095,0.006190800854204524,0.04570336501250935,0.02862630972802177,-0.017077055284487608,0.2540472666106579,0.15364753960442923,-0.10039972700622868,0.04784219563336642,0.5237304314421811,0.4758882358088147,0.024990513127111744,0.5094172765781703,0.4844267634510585,0.3663967036365059,0.15709505879058508,0.4543593756765511,0.5056085256492533,0.4943914743507467,0.7152952375410118,0.6801513131665288,0.7033914453419461,0.6977232753537703,-0.7152952375410118,-0.6801513131665288,-0.6977232753537703,0.011903792199065677,-0.023240132175417316,13.06694757938385,0.7686166763305664,13.835564255714417,450.578125,218.951171875,669.529296875,,,,,,,,,,,,,,,,,,,,,,,,,,,,,,,,,,,,SAD,Placebo,0,Female,0,20,0.0
N121,phase2_extinction,phase2_ext_schaefer_tian,24,41570,1.5323450263439566,1.558585877510483,1.4047890048896372,1.1749512224217362,1.2042353962135746,1.207251031582188,-0.5323450263439566,0.026240851166526413,-0.15379687262084585,-0.05065758514389662,0.030791991476144975,1.0171246295998289,0.916757630671316,-0.12755602145431943,-0.12755602145431943,-0.12755602145431943,0.5065598363803661,0.8029427316907706,0.3095025680711366,0.3095025680711366,0.15475128403556832,0.30950256807113663,0.8579396396019532,0.013119672760732115,0.6058854633815411,0.2223572238829717,0.26774623871820896,0.8548597324838992,0.005172964894306432,0.012485149742680007,0.008820804002271199,0.10787531181154636,0.09905450780927522,0.033433012003251106,0.04235504964210657,0.008922037638855462,0.006866560384457543,0.49619594528839467,0.4893293849039371,0.0024561583833219436,0.4422582893826215,0.4398021309992995,0.1511846250946227,0.15579541678676537,0.26762124016315486,0.48578555898135833,0.5142144410186417,0.6581360069012702,0.6852252282229351,0.6830666951854685,0.6716806175621026,-0.6581360069012702,-0.6852252282229351,-0.6716806175621026,-0.02493068828419831,0.0021585330374666034,4.583249807357788,2.1002912521362305,6.6835410594940186,-1097.71484375,-14.841796875,-1112.556640625,,,,,,,,,,,,,,,,,,,,,,,,,,,,,,,,,,,,SAD,Oxytocin,1,Male,1,20,1.0
N122,phase2_extinction,phase2_ext_schaefer_tian,24,41570,1.482448169325334,1.5270058238505326,1.4901616818213756,1.2052029732942375,1.1960101514330546,1.082612994029946,-0.48244816932533396,0.044557654525198664,-0.03684414202915698,0.026135583510620286,-0.06589140056273735,1.0300567973616974,1.0052032189749474,0.007713512496041686,0.007713512496041686,0.007713512496041686,0.5111375709954646,0.8161025388966123,0.327240109892077,0.327240109892077,0.16362005494603848,0.32724010989207697,0.8440857319360959,0.02227514199092928,0.6322050777932247,0.22234149127119437,0.2721294869820745,0.7961964764794984,0.008192613088378962,0.06534416100487055,0.10676725876066112,0.23481804857092808,0.1280507898102669,0.10678489352650988,0.47938278591702466,0.3725978923905148,0.06433426329506547,0.5511413729131179,0.4868071096180524,0.010950633914734914,0.43373234862765386,0.4227817147129189,0.21276460360120808,0.1765604291700994,0.22800873924812842,0.5316639211616104,0.46833607883838957,0.7297627467115941,0.7104575834500118,0.7213858690485109,0.7201101650808029,-0.7297627467115941,-0.7104575834500118,-0.7201101650808029,0.00837687766308326,-0.010928285598499121,13.808904647827148,-2.990985870361328,10.81791877746582,-2756.396484375,2135.466796875,-620.9296875,,,,,,,,,,,,,,,,,,,,,,,,,,,,,,,,,,,,SAD,Oxytocin,1,Female,0,21,0.0
N123,phase2_extinction,phase2_ext_schaefer_tian,24,41570,1.5370249668881955,1.4903894495283656,1.471819568871059,1.2958099682137083,1.061315761429608,1.12332196272056,-0.5370249668881955,-0.04663551735982985,-0.018569880657306692,-0.05592045768848308,-0.20349110613862442,0.9696585754551326,0.9575768715553673,-0.06520539801713654,-0.06520539801713654,-0.06520539801713654,0.4883432332475962,0.8133337940090389,0.30167702725663514,0.30167702725663514,0.15083851362831757,0.3249905607614427,0.8470264946824727,0.023313533504807582,0.6266675880180779,0.20684660310899602,0.27783200728270824,0.7719593015208027,-0.03498818540889305,-0.04779069929575127,-0.13239127863504419,-0.1616229635717636,-0.029231684936719404,-0.02838698430857023,-0.37309166315248676,-0.34470467884391653,-0.08072793923291333,0.3474140243475015,0.4281419635804148,-0.014532299915391234,0.4282255061333833,0.44275780604877446,0.19202202893732442,0.11196109281769749,0.21030579476730252,0.5274631631453045,0.4725368368546955,0.7013283477357014,0.7110698677853208,0.7002585117567551,0.7061991077605111,-0.7013283477357014,-0.7110698677853208,-0.7061991077605111,0.0010698359789462764,0.010811356028565644,-1.4110617637634277,2.217014789581299,0.8059530258178711,4.220703125,90.662109375,94.8828125,,,,,,,,,,,,,,,,,,,,,,,,,,,,,,,,,,,,SAD,Placebo,0,Female,0,22,0.0
N124,phase2_extinction,phase2_ext_schaefer_tian,24,41570,1.47180165973293,1.5684280867640068,1.4572222031850062,1.196357570801099,1.1959957160075896,1.118299156893639,-0.47180165973293,0.09662642703107682,-0.11120588357900063,0.04102348524157651,-0.039210134350484704,1.0656517919623032,0.9900941364262963,-0.014579456547923808,-0.014579456547923808,-0.014579456547923808,0.5241378291080834,0.8111074503013306,0.335245279409414,0.335245279409414,0.16762263970470698,0.33524527940941395,0.8487336101817986,0.04827565821616675,0.6222149006026612,0.24894709356866077,0.2997148642986014,0.8230749680531596,0.036401602979176884,-0.0009592048845927495,0.10741565448818124,0.030468789977080246,-0.076946864511101,0.1827877936286375,-0.20165572418715594,-0.38444351781579345,0.07037525436450298,0.4964611550054493,0.4260859006409463,0.01666742712041236,0.48122676001690917,0.4645593328964968,0.26607268101265846,0.2572750578865306,0.24198621858535593,0.35232547413737897,0.6476745258626211,0.6759652353306334,0.6715618695781302,0.7137348392606593,0.6737635524543818,-0.6759652353306334,-0.6715618695781302,-0.6737635524543818,-0.03776960393002593,-0.04217296968252904,-6.264013290405273,17.55885124206543,11.294837951660156,2968.818359375,-3203.515625,-234.697265625,,,,,,,,,,,,,,,,,,,,,,,,,,,,,,,,,,,,SAD,Oxytocin,1,Female,0,25,1.0
N125,phase2_extinction,phase2_ext_schaefer_tian,24,41570,1.4403345177801072,1.5040344422417362,1.5535005143942877,1.124459580075958,1.163983880740362,1.2796998926770278,-0.44033451778010724,0.06369992446162898,0.0494660721525515,0.08843296053790484,0.09738230663273684,1.0442257775766894,1.0785692382092622,0.11316599661418048,0.11316599661418048,0.11316599661418048,0.5159195984259062,0.8254187399701457,0.3413383383960518,0.3413383383960518,0.17066916919802594,0.3413383383960519,0.8336734211336327,0.03183919685181236,0.6508374799402914,0.27362803133654257,0.3552919405710136,0.8909133431867647,-0.044589207386330286,0.014176491819707824,-0.16918695984979135,0.040708371781023156,0.20989533163081453,-0.3140644689436103,0.13062506376624294,0.44468953270985323,-0.04996545549538231,0.5329822241340834,0.5829476796294657,0.03462802442951336,0.5126280382435717,0.47800001381405843,0.39424546675790334,0.11277233099786978,0.4596880803604141,0.4327055016426498,0.5672944983573502,0.7500953096305261,0.6670664413735988,0.6878288497340072,0.7085808755020624,-0.7500953096305261,-0.6670664413735988,-0.7085808755020624,0.06226645989651891,-0.020762408360408324,1.6048822402954102,14.72974506020546,16.33462730050087,300.328125,-496.83984375,-196.51171875,,,,,,,,,,,,,,,,,,,,,,,,,,,,,,,,,,,,SAD,Placebo,0,Female,0,19,0.0
N127,phase2_extinction,phase2_ext_schaefer_tian,24,41570,1.535695798787424,1.4011205425093878,1.5586232720637982,1.1863707400388988,1.179880121675869,1.2251673017434372,-0.535695798787424,-0.13457525627803624,0.15750272955441047,-0.05582389150083089,0.016152971670754468,0.9123685397147134,1.0149296905970446,0.022927473276374233,0.022927473276374233,0.022927473276374233,0.4664068696651378,0.8261557127175186,0.2925625823826564,0.2925625823826564,0.1462812911913282,0.35974884305238086,0.8315825815291242,0.06718626066972444,0.6523114254350373,0.2240420673563231,0.3317624467254097,0.6738543823265741,-0.029427224674692137,-0.038931295501983224,-0.12400855984700246,-0.1254600712052153,-0.0014515113582128647,-0.20401347238633183,-0.41739907314911884,-0.213385600762787,-0.11872082973750472,0.442070648924042,0.5607914786615468,-0.056716549814003495,0.5048006845266497,0.5615172343406531,0.20934937876417611,0.188881389963333,0.22873252466868021,0.5795155924104843,0.42048440758951566,0.6655288312563683,0.6763763990589271,0.7132613820056991,0.6709526151576477,-0.6655288312563683,-0.6763763990589271,-0.6709526151576477,-0.047732550749330804,-0.036884982946772005,4.465612411499023,4.751001358032227,9.21661376953125,-478.802734375,-379.3671875,-858.169921875,,,,,,,,,,,,,,,,,,,,,,,,,,,,,,,,,,,,SAD,Oxytocin,1,Female,0,41,0.0
N128,phase2_extinction,phase2_ext_schaefer_tian,24,41570,1.5261337363110434,1.4088033316799484,1.561010633967621,1.2288607942208238,1.0854418996186301,1.2773649741624966,-0.5261337363110434,-0.11733040463109501,0.15220730228767265,-0.041226753487258794,-0.047457357330260574,0.9231191794856086,1.0228531003530208,0.03487689765657764,0.03487689765657764,0.03487689765657764,0.4707010030004247,0.8264983245476989,0.2971993275481236,0.2971993275481236,0.1485996637740618,0.35579732154727417,0.8315872269496087,0.058597993999150555,0.6529966490953978,0.2199224379933235,0.294874443890844,0.7289753627097436,-0.013617148488436225,-0.009848274571963064,0.014803690036453654,-0.14584391195830104,-0.1606476019947547,-0.13258396371173475,0.05515149742403347,0.18773546113576822,-0.027164522124846435,0.40148928715056975,0.4286538092754162,-0.03456636714307326,0.4744112431297203,0.5089776102727935,0.1746053190978528,0.2614579097598187,0.3084927716786083,0.5838684732134021,0.4161315267865979,0.7075944068702775,0.6946297191584475,0.6857257697437442,0.7011120630143626,-0.7075944068702775,-0.6946297191584475,-0.7011120630143626,0.021868637126533308,0.008903949414703294,7.4542646408081055,-2.1427345275878906,5.311530113220215,570.216796875,-725.447265625,-155.23046875,,,,,,,,,,,,,,,,,,,,,,,,,,,,,,,,,,,,SAD,Placebo,0,Male,1,25,1.0
N129,phase2_extinction,phase2_ext_schaefer_tian,24,41570,1.6504482143931698,1.2248013817576942,1.593887950898638,1.2364549103952491,1.0468532235336447,1.2896766290172388,-0.6504482143931698,-0.42564683263547565,0.36908656914094395,-0.24110354806500367,-0.06818998411980726,0.7421022747975171,0.9657303557551298,-0.05656026349453169,-0.05656026349453169,-0.05656026349453169,0.39516630540606423,0.8311624075937053,0.22632871299976953,0.22632871299976953,0.11316435649988477,0.43599610218764107,0.8115457529107557,0.20966738918787153,0.6623248151874106,0.17534721836256537,0.34006378903085577,0.46092988927107376,0.0018924136193508652,0.03061055319558988,0.07763681061448172,0.14954386265045422,0.07190705203597236,-0.026312279396605298,0.20028731630244878,0.22659959569905397,-0.10570930893448235,0.569994082292081,0.6757033912265633,-0.14452771424172323,0.49522215096685396,0.6397498652085771,0.2702405958808204,0.3087018401683886,0.5264111115508316,0.749138839508518,0.250861160491482,0.7026628267962942,0.6878685040186138,0.6868989860713561,0.695265665407454,-0.7026628267962942,-0.6878685040186138,-0.695265665407454,0.015763840724938083,0.0009695179472576365,9.158515930175781,-4.14391815662384,5.014597773551941,2451.0,-1979.00390625,471.99609375,,,,,,,,,,,,,,,,,,,,,,,,,,,,,,,,,,,,SAD,Oxytocin,1,Female,0,26,1.0
N130,phase2_extinction,phase2_ext_schaefer_tian,24,41570,1.5377357286613447,1.4540800571793304,1.5070060347801812,1.3279699348626415,1.2822517691859594,1.2848710883839765,-0.5377357286613447,-0.08365567148201425,0.052925977600850826,-0.057192682681588725,-0.04440850607767355,0.9455981418791505,0.9800162647530617,-0.030729693881163422,-0.030729693881163422,-0.030729693881163422,0.4790982703726284,0.8186170774366179,0.29771534780924636,0.29771534780924636,0.14885767390462318,0.3395188070639895,0.8409160466034027,0.04180345925474316,0.6372341548732359,0.2095016632797569,0.2958582985891039,0.6330109311244758,-0.045368391173519505,0.03393801748304746,-0.19089842436732882,0.08307331513744193,0.2739717395047707,-0.43066440532298944,0.21040351664696832,0.6410679219699578,-0.12278994482964195,0.4878807167742123,0.6106706616038542,-0.027340732645977542,0.44634405920549136,0.47368479185146883,0.23186671796595623,0.44485640238452046,0.6095380532993354,0.5282827760148848,0.4717172239851152,0.690785563787424,0.7020089871707114,0.6639736334968536,0.6963972754790677,-0.690785563787424,-0.7020089871707114,-0.6963972754790677,0.026811930290570385,0.0380353536738578,-2.7521252632141113,-12.338754653930664,-15.090879917144775,413.125,487.677734375,900.802734375,,,,,,,,,,,,,,,,,,,,,,,,,,,,,,,,,,,,SAD,Placebo,0,Male,1,23,0.0
N131,phase2_extinction,phase2_ext_schaefer_tian,24,41570,1.6021621617125577,1.6243477485906819,1.247688330340453,1.3019941476768413,1.3200757860341739,1.1892384418581468,-0.6021621617125577,0.02218558687812422,-0.376659418250229,-0.16614412224699016,-0.04733703373068088,1.01384727293518,0.7787528331210029,-0.35447383137210475,-0.35447383137210475,-0.35447383137210475,0.5055461692358998,0.7768994435910394,0.28244561282693914,0.28244561282693914,0.14122280641346957,0.28244561282693914,0.8828499975029797,0.011092338471799579,0.5537988871820787,0.19720612201687193,0.24221163010419894,0.865251979709168,0.010901058798228431,0.025507510971801737,0.02282826115320491,0.11210978338821481,0.08928152223500985,0.011999256486747045,0.21066537822916664,0.1986661217424196,0.013336966414266127,0.4485442998901876,0.43520733347592144,0.0019228358376636723,0.39248940819608025,0.3905665723584165,0.17919033003789892,0.11808231627489588,0.25964839857757227,0.4556858358336255,0.5443141641663745,0.6464909515047133,0.6920007880207537,0.7056814707531534,0.6692458697627335,-0.6464909515047133,-0.6920007880207537,-0.6692458697627335,-0.0591905192484401,-0.01368068273239964,1.8396120071411133,-8.59809398651123,-6.758481979370117,2170.2265625,-548.49609375,1621.73046875,,,,,,,,,,,,,,,,,,,,,,,,,,,,,,,,,,,,SAD,Placebo,0,Female,0,26,1.0
N132,phase2_extinction,phase2_ext_schaefer_tian,24,41570,1.0920197081379763,1.6696303716934295,1.6779242241058963,0.8309347407223693,1.1413069664954456,1.23680830608636,-0.09201970813797633,0.5776106635554532,0.008293852412466718,0.5817575897616867,0.3581228955685334,1.5289379339599731,1.5365328997602323,0.5859045159679199,0.5859045159679199,0.5859045159679199,0.6405174349399638,0.8426294684832288,0.4831469034231926,0.4831469034231926,0.24157345171159633,0.48314690342319266,0.7851172986192145,0.28103486987992765,0.6852589369664577,0.2515558401527708,0.4534970659499761,0.5264912177599066,0.08287853579576697,-0.0708066139475567,0.1809585055383453,-0.5868106387748929,-0.7677691443132383,0.42478059943170643,-0.5863785163304034,-1.0111591157621098,0.4015373627942148,-0.10135174910694697,-0.5028891119011618,0.31105811002504213,0.19205357028049952,-0.11900453974454267,0.5733739362366811,0.8736296585204104,0.8153429004598133,0.24136285117824924,0.7586371488217507,0.7102643946583924,0.8802604064079893,0.6225714894466076,0.7952624005331909,-0.7102643946583924,-0.8802604064079893,-0.7952624005331909,0.08769290521178486,0.25768891696138174,5.886505126953125,9.693855285644531,15.580360412597656,351.189453125,5892.20703125,6243.396484375,,,,,,,,,,,,,,,,,,,,,,,,,,,,,,,,,,,,SAD,Oxytocin,1,Female,0,19,0.0
N133,phase2_extinction,phase2_ext_schaefer_tian,24,41570,1.637002330286021,1.650914924924777,1.1705659958571957,1.1895885908271797,1.2607372061847237,1.1256517581327639,-0.637002330286021,0.013912594638755937,-0.4803489290675813,-0.22626186989503472,0.0036058913315639707,1.008498817806409,0.7150667821602941,-0.46643633442882537,-0.46643633442882537,-0.46643633442882537,0.503478092558153,0.7632473069007445,0.2667253994588975,0.2667253994588975,0.13336269972944875,0.2667253994588975,0.8947816919004747,0.006956185116306024,0.526494613801489,0.18072547359499097,0.2457365821755759,0.7318352308995555,-0.023029030484934612,-0.008777484330297389,-0.01356957286078106,-0.036677871183594946,-0.023108298322813914,-0.27267758272130793,-0.06192181006873754,0.2107557726525704,-0.03296159711000385,0.3692888222777978,0.4022504193878016,-0.02617681067961332,0.38762775786959525,0.41380456854920855,0.14981418750906422,0.24057523431263805,0.3193850465630595,0.4315046572920337,0.5684953427079663,0.7698313433611019,0.6722630452524524,0.678933152859197,0.7210471943067771,-0.7698313433611019,-0.6722630452524524,-0.7210471943067771,0.09089819050190495,-0.00667010760674458,-4.548130035400391,15.022144317626953,10.474014282226562,2662.486328125,-4293.947265625,-1631.4609375,,,,,,,,,,,,,,,,,,,,,,,,,,,,,,,,,,,,SAD,Placebo,0,Male,1,33,1.0
N134,phase2_extinction,phase2_ext_schaefer_tian,24,41570,1.4553663595595099,1.6437084888438327,1.3882005682601113,1.1424045684299466,1.2705431253572568,1.1643194713400142,-0.4553663595595099,0.1883421292843228,-0.2555079205837214,0.06058816899246211,0.07502672991868886,1.1294121694878299,0.9538495579503274,-0.06716579129939859,-0.06716579129939859,-0.06716579129939859,0.5469468364862299,0.8003048187358404,0.34725165522207024,0.34725165522207024,0.17362582761103512,0.34725165522207024,0.8574746228216283,0.09389367297245976,0.6006096374716807,0.2705102637249379,0.291150031606201,1.2087095555790435,-0.022248175962504894,-0.05506524036312667,-0.14537417056182236,-0.23765153081203705,-0.09227736025021466,-0.01681975592145213,-0.2244015212035868,-0.20758176528213468,0.04191367203283694,0.3075940047301091,0.26568033269727226,0.11460075731374812,0.42641977013612764,0.31181901282237956,0.19616131660572142,0.1390402018931965,0.27861514069025695,0.24850357312495497,0.751496426875045,0.7714573359192491,0.6920703399741475,0.6766271301275107,0.7317638379466983,-0.7714573359192491,-0.6920703399741475,-0.7317638379466983,0.0948302057917384,0.015443209846636718,18.44940185546875,-27.200410842895508,-8.751008987426758,-1273.802734375,4045.919921875,2772.1171875,,,,,,,,,,,,,,,,,,,,,,,,,,,,,,,,,,,,SAD,Placebo,0,Female,0,21,0.0
N135,phase2_extinction,phase2_ext_schaefer_tian,24,41570,1.4843363139982375,1.572437246879361,1.440105983289928,1.141753985199137,1.2636227802315818,1.155594813840389,-0.4843363139982375,0.08810093288112353,-0.13233126358943315,0.021935301086406955,0.0678548118368485,1.0593537471641288,0.9702019414379284,-0.04423033070830962,-0.04423033070830962,-0.04423033070830962,0.5220109980283134,0.8084710630215237,0.3304820610498372,0.3304820610498372,0.16524103052491856,0.33048206104983713,0.8516302829034386,0.04402199605662682,0.6169421260430474,0.20256514111450988,0.23426994395461515,0.7345337600473788,-0.023868320471585863,0.08170730601042395,-0.04664362529484542,0.39668818254822524,0.4433318078430707,-0.3174327468391972,0.6532755588404529,0.97070830567965,0.023063034783212394,0.5570895260724973,0.5340264912892849,0.046384847430635104,0.35874543479838467,0.3123605873677496,0.15087213134773586,0.32943855551607026,0.3675931521835315,0.42501022788303483,0.5749897721169652,0.7666296676463684,0.7373062203729089,0.6955495851778932,0.7519679440096387,-0.7666296676463684,-0.7373062203729089,-0.7519679440096387,0.07108008246847519,0.04175663519501571,8.18372917175293,-12.104069709777832,-3.9203405380249023,3993.57421875,-5123.93359375,-1130.359375,,,,,,,,,,,,,,,,,,,,,,,,,,,,,,,,,,,,SAD,Oxytocin,1,Male,1,45,0.0
N136,phase2_extinction,phase2_ext_schaefer_tian,24,41570,1.493118805110717,1.4546371374456866,1.5506647857924385,1.2394151164895415,1.2056038205828687,1.290735269964707,-0.49311880511071693,-0.03848166766503036,0.09602764834675193,0.009532156508345713,0.00875442878424626,0.974227317159501,1.0385407846310306,0.057545980681721565,0.057545980681721565,0.057545980681721565,0.49038077009847536,0.8250097268189356,0.31539049691741095,0.31539049691741095,0.15769524845870547,0.3346289567204602,0.834363537446626,0.01923845980304928,0.6500194536378712,0.2473354484390639,0.3016099648646288,0.8381094722216341,0.028346457324486082,-0.0016470519107834578,0.16406175340526352,0.06782221555089785,-0.09623953785436562,0.14363080752831303,-0.18998998666842415,-0.3336207941967372,0.06486939183438245,0.545743489521826,0.48087409768744366,-0.01716148486824931,0.5118323817463772,0.5289938666146264,0.14143638475521703,0.17710196596220068,0.24405832757022652,0.504376957503703,0.49562304249629696,0.6851429014853045,0.6716685703021305,0.6945890887551575,0.6784057358937174,-0.6851429014853045,-0.6716685703021305,-0.6784057358937174,-0.009446187269852913,-0.022920518453027006,4.786296844482422,-7.677007675170898,-2.8907108306884766,397.107421875,-956.5419921875,-559.4345703125,,,,,,,,,,,,,,,,,,,,,,,,,,,,,,,,,,,,SAD,Placebo,0,Female,0,26,0.0
N137,phase2_extinction,phase2_ext_schaefer_tian,24,41570,1.4808727842893283,1.5763014849263013,1.4394179902525557,1.183459665240486,1.1461832256112499,1.2441001875458515,-0.48087278428932834,0.09542870063697295,-0.1368834946737456,0.026986953300100147,0.01168204133806472,1.0644408425929448,0.9720065057602285,-0.04145479403677266,-0.04145479403677266,-0.04145479403677266,0.5238390867455462,0.808364507715003,0.33220359446054926,0.33220359446054926,0.16610179723027463,0.33220359446054926,0.851619939087382,0.04767817349109249,0.616729015430006,0.24344792075698002,0.3356694439919996,0.8110192028275346,0.053093663819936535,-0.004839623027144673,0.2685877190750998,-0.058216278233784446,-0.3268039973088842,0.442188231667345,0.04191813616428797,-0.40027009550305703,0.13022419955373726,0.46185736238088043,0.33163316282714317,-0.004069659983812646,0.4909655014977726,0.4950351614815853,0.2634905282532576,0.11666660546159298,0.3273318350606745,0.2531407257016007,0.7468592742983993,0.7297193810256326,0.655644920542384,0.7171140626973946,0.6926821507840083,-0.7297193810256326,-0.655644920542384,-0.6926821507840083,0.012605318328237969,-0.06146914215501065,-11.87702751159668,28.010674476623535,16.133646965026855,-210.23828125,-101.98828125,-312.2265625,,,,,,,,,,,,,,,,,,,,,,,,,,,,,,,,,,,,SAD,Oxytocin,1,Female,0,27,1.0
N138,phase2_extinction,phase2_ext_schaefer_tian,24,41570,1.5160646790151913,1.5086025007107826,1.4750186759911186,1.227306776378993,1.2227716536089406,1.1089134341039721,-0.5160646790151913,-0.007462178304408651,-0.033583824719664035,-0.024254090664240557,-0.061464232522536744,0.9950779222295218,0.9729259487926367,-0.041046003024072686,-0.041046003024072686,-0.041046003024072686,0.4981344640806147,0.8138190018570645,0.31195346593767914,0.31195346593767914,0.15597673296883957,0.3156845377764498,0.8467018236068963,0.0037310718387706387,0.6276380037141289,0.21833708010922528,0.29335048085801274,0.7879230471313926,0.011776206620914751,-0.014308149873383993,0.005152886791735423,-0.014191063261984549,-0.019343950053719916,-0.1544089296984783,-0.33328379374420425,-0.17887486404572595,-0.007071549356346407,0.43922662133967244,0.44629817069601885,-0.009647992752214118,0.44632215297066474,0.4559701457228788,0.2684204985124795,0.2395735652934107,0.3108141909056789,0.5113468772594233,0.4886531227405767,0.6993624367121309,0.6976411343060938,0.708001031105725,0.6985017855091123,-0.6993624367121309,-0.6976411343060938,-0.6985017855091123,-0.008638594393594046,-0.01035989679963123,-2.829864501953125,1.9117012023925781,-0.9181632995605469,132.19921875,-229.76953125,-97.5703125,,,,,,,,,,,,,,,,,,,,,,,,,,,,,,,,,,,,SAD,Oxytocin,1,Male,1,30,0.0
N141,phase2_extinction,phase2_ext_schaefer_tian,24,41570,1.4244314536897993,1.5942925574953764,1.475978847858363,1.185416712936683,1.25361888953754,1.2602841546380292,-0.4244314536897993,0.16986110380557706,-0.11831370963701326,0.11070424898707043,0.07153480915110144,1.1192483444346102,1.0361880409711235,0.0515473941685638,0.0515473941685638,0.0515473941685638,0.5423634662005516,0.8139644409917737,0.3563279071923253,0.3563279071923253,0.17816395359616266,0.3563279071923253,0.8439597882674138,0.0847269324011033,0.6279288819835473,0.26949777524596663,0.3118105196561323,0.9558297692819875,0.02195269342254838,-0.005819681518984485,0.09196842205154757,-0.06329783038933234,-0.15526625244087988,0.04161907266458531,-0.05889560700338248,-0.10051467966796779,0.08738400526433365,0.4659468410587073,0.37856283579437366,0.04139979423855987,0.4975957562533735,0.4561959620148136,0.26567991476705927,0.2355957456197885,0.2165527753658397,0.3798119800389319,0.6201880199610681,0.7072834000911729,0.6601243853923764,0.7045427196496128,0.6837038927417747,-0.7072834000911729,-0.6601243853923764,-0.6837038927417747,0.0027406804415600616,-0.0444183342572364,9.026938438415527,-9.045693397521973,-0.018754959106445312,-160.060546875,1578.984375,1418.923828125,,,,,,,,,,,,,,,,,,,,,,,,,,,,,,,,,,,,SAD,Placebo,0,Female,0,22,0.0
N142,phase2_extinction,phase2_ext_schaefer_tian,24,41570,1.32792030562021,1.5507910182212843,1.6078763607604891,1.1076460243205857,1.3066193082614732,1.2072419768056761,-0.32792030562021,0.22287071260107427,0.05708534253920483,0.2514133838706767,0.149284618212989,1.1678343948650125,1.2108229250258324,0.2799560551402791,0.2799560551402791,0.2799560551402791,0.5554881869513297,0.833116338250859,0.3886045252021887,0.3886045252021887,0.19430226260109434,0.3886045252021887,0.8208118792910741,0.11097637390265946,0.6662326765017179,0.275837554991833,0.32342395032062277,0.9568159269090224,-0.02650496078380892,0.01111518092872659,-0.22173392775287648,0.03180870152651499,0.25354262927939153,0.11859163446655407,0.04830629385258256,-0.07028534061397151,-0.040147371011967775,0.496859867882453,0.5370072388944208,0.07071959286447047,0.4809555171191955,0.410235924254725,0.3421382023916683,0.22919001366277442,0.30732758570897994,0.31666282033637805,0.683337179663622,0.6520500398782499,0.7141652814582008,0.7265698186593526,0.6831076606682254,-0.6520500398782499,-0.7141652814582008,-0.6831076606682254,-0.07451977878110261,-0.012404537201151755,-9.065996170043945,24.57333278656006,15.507336616516113,130.611328125,-365.416015625,-234.8046875,,,,,,,,,,,,,,,,,,,,,,,,,,,,,,,,,,,,SAD,Oxytocin,1,Female,0,20,0.0
N143,phase2_extinction,phase2_ext_schaefer_tian,24,41570,1.5451759579633375,1.2667732471113264,1.6625019381107735,1.1907859133583603,1.106166431541533,1.2900876364767524,-0.5451759579633375,-0.27840271085201107,0.3957286909994471,-0.08053836535228753,0.007341120650782296,0.8198245852742795,1.0759304911414593,0.117325980147436,0.117325980147436,0.117325980147436,0.4308454161979073,0.8405735726476848,0.2714189888455921,0.2714189888455921,0.13570949442279606,0.40972815644977756,0.8095461604838923,0.13830916760418543,0.6811471452953697,0.24316311304352056,0.3778537611084305,0.6031023517613747,0.018091027425115248,0.03902201280324702,0.08481682291758427,0.06146106942147722,-0.023355753496106968,0.000605940023122975,0.6079816298037257,0.6073756897806027,-0.039647444269499954,0.5991126165260718,0.6387600607955718,-0.08205585572829209,0.5683820818153332,0.6504379375436253,0.3290341081357561,0.31779237970733487,0.5005074949703067,0.6812193435419478,0.3187806564580522,0.6997167800170908,0.656208849618748,0.6967857630157586,0.6779628148179194,-0.6997167800170908,-0.656208849618748,-0.6779628148179194,0.002931017001332248,-0.04057691339701053,18.84032154083252,-4.159537315368652,14.680784225463867,-1213.431640625,1917.0625,703.630859375,,,,,,,,,,,,,,,,,,,,,,,,,,,,,,,,,,,,SAD,Oxytocin,1,Male,1,23,0.0
N144,phase2_extinction,phase2_ext_schaefer_tian,24,41570,1.4692515060378017,1.5384246612030295,1.4914786581142299,1.0847375546696738,1.0634011963995285,1.1752351266549155,-0.46925150603780175,0.0691731551652277,-0.04694600308879959,0.04570015362082791,0.03458060685754827,1.0470805334622149,1.015128207685209,0.022227152076428114,0.022227152076428114,0.022227152076428114,0.5172863964978067,0.8163001073489671,0.3335865038467738,0.3335865038467738,0.1667932519233869,0.3335865038467738,0.8436210502205103,0.034572792995613444,0.6326002146979341,0.2592405059870079,0.3423395498784024,0.805570280914987,0.02181270984448326,0.03845144779691101,0.16606648864910886,0.14688098645753622,-0.019185502191572668,0.06982764638508154,0.144106819463924,0.07427917307884246,0.09485774848261944,0.5800970010447188,0.48523925256209943,0.011824504158065005,0.5066565078159507,0.4948320036578857,0.3885205896734633,0.19507924093880077,0.35873996549919784,0.4568080867668569,0.5431919132331431,0.757602239361344,0.660560573122136,0.7087999834600336,0.70908140624174,-0.757602239361344,-0.660560573122136,-0.70908140624174,0.048802255901310376,-0.04823941033789758,11.519769668579102,-10.872091293334961,0.6476783752441406,2015.4765625,-3058.642578125,-1043.166015625,,,,,,,,,,,,,,,,,,,,,,,,,,,,,,,,,,,,SAD,Oxytocin,1,Female,0,18,0.0
N145,phase2_extinction,phase2_ext_schaefer_tian,24,41570,1.7585704386444005,1.77310059304585,0.8268421486232369,1.2256759867559972,1.2078996757979286,0.9090407039186981,-0.7585704386444005,0.014530154401449558,-0.9462584444226132,-0.45859906780985704,-0.1672057968976839,1.0082624750192124,0.4701785755928122,-0.9317282900211636,-0.9317282900211636,-0.9317282900211636,0.5036324746916185,0.6956868050336378,0.19931927972525632,0.19931927972525632,0.09965963986262816,0.19931927972525632,0.9432307567057494,0.007264949383237074,0.39137361006727556,0.13442946055068997,0.1853372387235479,0.6815833540476051,0.02372826831614868,0.022504341490732865,0.1080532365427678,0.1356726353493186,0.027619398806550843,0.22752034141364885,0.1738931738325621,-0.053627167581086765,0.01586379509574032,0.3748580619516828,0.3589942668559425,-0.03816282317564358,0.3070217442770235,0.3451845674526671,0.0859379098035272,0.13028648534968956,0.09723850866053149,0.47303764163300865,0.5269623583669913,0.9791465733880074,0.6206992198762991,0.65221908400299,0.7999228966321532,-0.9791465733880074,-0.6206992198762991,-0.7999228966321532,0.32692748938501737,-0.031519864126690944,36.77710843086243,-33.845407485961914,2.9317009449005127,25101.5234375,-24689.9453125,411.578125,,,,,,,,,,,,,,,,,,,,,,,,,,,,,,,,,,,,SAD,Placebo,0,Female,0,34,0.0
N146,phase2_extinction,phase2_ext_schaefer_tian,24,41570,1.5635382178985264,1.4300094649977293,1.5034874178988775,1.2928426286085553,1.1454680948396452,1.2931244213225939,-0.5635382178985264,-0.13352875290079713,0.07347795290114822,-0.09678977645022302,-0.07354637052743573,0.9145983382317,0.9615930017391643,-0.06005079999964891,-0.06005079999964891,-0.06005079999964891,0.4666673236646295,0.8180940362530564,0.2847613599176859,0.2847613599176859,0.14238067995884296,0.35142671258842695,0.8405103185140965,0.06666535267074103,0.6361880725061129,0.20684789777557733,0.3229937314006319,0.5931872319625666,-0.012347927602849322,-0.07000876792618696,-0.103502201077043,-0.2564249269260374,-0.15292272584899447,0.07063882951854872,-0.30135206535622494,-0.37199089487477366,-0.09203140636657442,0.32576363791618884,0.41779504428276326,-0.04028030582805292,0.4539761013792075,0.49425640720726044,0.35505068695232517,0.30937138516854396,0.3247348495250178,0.5722155119826989,0.42778448801730107,0.6848613539409094,0.6964972511130048,0.6608699899878014,0.6906793025269571,-0.6848613539409094,-0.6964972511130048,-0.6906793025269571,0.02399136395310797,0.03562726112520331,-8.60658574104309,-10.616209268569946,-19.222795009613037,1614.314453125,88.775390625,1703.08984375,,,,,,,,,,,,,,,,,,,,,,,,,,,,,,,,,,,,SAD,Oxytocin,1,Male,1,33,1.0
N147,phase2_extinction,phase2_ext_schaefer_tian,24,41570,1.7030349047962452,1.0907407777837699,1.6444275707637839,1.304876452470182,1.0290099721036432,1.2381307432894078,-0.7030349047962452,-0.6122941270124753,0.553686792980014,-0.3354507305224683,-0.17130609477365644,0.6404688290928366,0.9655865281896037,-0.05860733403246132,-0.05860733403246132,-0.05860733403246132,0.3515360543150795,0.8381364977177898,0.18967255203286926,0.18967255203286926,0.09483627601643463,0.48660044340271025,0.7870907347336228,0.296927891369841,0.6762729954355795,0.1581403647031182,0.40938033754597725,0.35445999893823427,-0.01202125563319878,-0.030008920261155463,0.1314774102799468,-0.0970985233699998,-0.22857593364994644,-0.3634825161184272,-0.40653511759125527,-0.04305260147282808,-0.15204563237206736,0.4855158052332773,0.6375614376053447,-0.21778433751204077,0.5340650669182772,0.7518494044303179,0.2970093916362433,0.29470720101264525,0.4390270160307052,0.8051607503393461,0.1948392496606539,0.6511244502693057,0.674824411125957,0.7392364676799628,0.6629744306976313,-0.6511244502693057,-0.674824411125957,-0.6629744306976313,-0.0881120174106571,-0.06441205655400573,-6.749693870544434,1.6902599334716797,-5.059433937072754,-840.3125,743.177734375,-97.134765625,,,,,,,,,,,,,,,,,,,,,,,,,,,,,,,,,,,,SAD,Oxytocin,1,Female,0,18,0.0
N148,phase2_extinction,phase2_ext_schaefer_tian,24,41570,1.435084411174547,1.4559318684673328,1.6029911745173946,1.2023338790025322,1.2035885014182708,1.2364527760700088,-0.4350844111745471,0.020847457292785698,0.1470593060500618,0.09437711031781659,0.017686759741607494,1.0145269832110109,1.117001307285758,0.1679067633428475,0.1679067633428475,0.1679067633428475,0.5052116755678915,0.8324360279439296,0.337647703511821,0.337647703511821,0.16882385175591053,0.33764770351182105,0.8260116756807945,0.010423351135782966,0.6648720558878591,0.2260624605890675,0.3134980348121792,0.6790335334701243,-0.02238760308126494,0.03713473725578216,0.02703599565970316,0.2038529306608725,0.17681693500116935,-0.2293632417539868,-0.07948039107284577,0.14988285068114104,0.019624237269917133,0.5479451470685057,0.5283209097985886,0.006106239440065553,0.44601868173806947,0.4399124422980039,0.33467753391813315,0.37800372630335527,0.5978378342195708,0.4977143370760066,0.5022856629239933,0.7092024498260052,0.7349711512390207,0.7036868088295674,0.722086800532513,-0.7092024498260052,-0.7349711512390207,-0.722086800532513,0.005515640996437865,0.031284342409453325,-17.277626037597656,11.320831298828125,-5.956794738769531,1537.8515625,-1549.453125,-11.6015625,,,,,,,,,,,,,,,,,,,,,,,,,,,,,,,,,,,,SAD,Placebo,0,Female,0,33,0.0
N149,phase2_extinction,phase2_ext_schaefer_tian,24,41570,1.3779043626639165,1.5522106171955117,1.5631981729706583,1.0199913803959069,1.1470022661330144,1.3465622571530471,-0.37790436266391647,0.1743062545315952,0.010987555775146651,0.17980003241916864,0.226790881247124,1.1265009734997844,1.1344750796809735,0.18529381030674186,0.18529381030674186,0.18529381030674186,0.5434665667898751,0.8268117911005513,0.3702783578904264,0.3702783578904264,0.1851391789452132,0.3702783578904264,0.8297439821663071,0.0869331335797503,0.6536235822011025,0.24806221471329182,0.3005660736823734,0.7903750966062528,0.01125211528415216,-0.040600316592477995,0.04437079097841928,-0.16403612768164805,-0.2084069186600674,0.16681636285738133,-0.24261984224302524,-0.40943620510040657,0.0796587369106434,0.3566330241643258,0.2769742872536824,0.05747334142143376,0.43865108800514985,0.38117774658371606,0.25636562322304907,0.42308121199547427,0.5145337086063579,0.43613416282864387,0.5638658371713561,0.6558195960596516,0.7221009221727466,0.6436414888055167,0.6889602591161991,-0.6558195960596516,-0.7221009221727466,-0.6889602591161991,0.012178107254134818,0.07845943336722982,16.074417114257812,12.056161880493164,28.130578994750977,-1904.0859375,-1060.21875,-2964.3046875,,,,,,,,,,,,,,,,,,,,,,,,,,,,,,,,,,,,SAD,Placebo,0,Female,0,18,0.0
N150,phase2_extinction,phase2_ext_schaefer_tian,24,41570,1.644763227933483,1.3747369180899414,1.4670661340883184,1.3672410398615074,1.1725826823987164,1.1572312288805788,-0.644763227933483,-0.2700263098435416,0.09232921599837707,-0.22386170184435317,-0.20233408422185972,0.8358266322982701,0.8919618947293428,-0.17769709384516452,-0.17769709384516452,-0.17769709384516452,0.4329006360177151,0.8126110432367969,0.245511679254512,0.245511679254512,0.122755839627256,0.3797104072190818,0.841473526377633,0.13419872796456978,0.6252220864735938,0.1528067667907652,0.24733539093287854,0.5165328119006513,-0.04433884093361711,-0.06083054431090201,-0.18514195287918722,-0.2844539503083353,-0.09931199742914815,-0.35493166200128967,-0.464670368795421,-0.10973870679413134,-0.17975166858598618,0.2505672505737553,0.43031891915974146,-0.08718069214639257,0.39279422572792294,0.47997491787431545,0.10894388528594984,0.20476288278891103,0.21006904069399365,0.6571669607670386,0.3428330392329614,0.6738590041586181,0.7281065934661023,0.647530678375159,0.7009827988123603,-0.6738590041586181,-0.7281065934661023,-0.7009827988123603,0.026328325783459117,0.0805759150909433,0.4524555206298828,-8.554508209228516,-8.102052688598633,115.015625,1214.228515625,1329.244140625,,,,,,,,,,,,,,,,,,,,,,,,,,,,,,,,,,,,SAD,Placebo,0,Female,0,19,0.0
N151,phase2_extinction,phase2_ext_schaefer_tian,24,41570,1.34238915421696,1.422233807616202,1.7071290087333113,1.1311159445888048,1.193073219760492,1.3289152679872867,-0.3423891542169599,0.07984465339924207,0.2848952011171093,0.22229225395779673,0.12987829928508443,1.0594795052936954,1.2717094671492755,0.3647398545163514,0.3647398545163514,0.3647398545163514,0.5199505654574833,0.8464635325675767,0.36641409802506,0.36641409802506,0.18320704901253,0.36641409802506,0.8087356239433392,0.03990113091496661,0.6929270651351533,0.3075040402542915,0.34990704524130006,0.9317119945058658,0.010160363051683573,0.05285878147371016,0.16319960634833341,0.22634467747744247,0.06314507112910905,-0.11801632025449948,0.16065556123960267,0.27867188149410216,0.10789767643794118,0.7018825459835298,0.5939848695455887,0.026297873263774474,0.5887102072448086,0.5624123339810341,0.1767114824865526,0.18186950294465473,0.27087746295542264,0.4122103098044492,0.5877896901955508,0.7012680880556806,0.659684563160756,0.724058987833049,0.6804763256082182,-0.7012680880556806,-0.659684563160756,-0.6804763256082182,-0.022790899777368367,-0.06437442467229304,6.0838422775268555,-23.276090145111084,-17.19224786758423,2394.90625,927.9453125,3322.8515625,,,,,,,,,,,,,,,,,,,,,,,,,,,,,,,,,,,,SAD,Oxytocin,1,Female,0,22,1.0
N153,phase2_extinction,phase2_ext_schaefer_tian,24,41570,1.4926316492668237,1.4349133721211844,1.5693730582148073,1.2856201232324573,1.163249385826729,1.1242827605914951,-0.4926316492668237,-0.05771827714563926,0.1344596860936229,0.009511565901172192,-0.1418540500233454,0.9613311919338557,1.051413487360759,0.07674140894798365,0.07674140894798365,0.07674140894798365,0.4855744352678639,0.8276942143903216,0.31326864965818557,0.31326864965818557,0.15663432482909279,0.3421197791224577,0.8311759162351271,0.02885112946427215,0.6553884287806433,0.20678634226905437,0.27872825276303603,0.7168550534924382,0.011785878449973855,0.008465227523276917,0.09147970676612707,-0.08523381848983458,-0.17671352525596162,0.28436201801158223,0.44766869868399883,0.1633066806724166,0.034147192068552684,0.3825484366077023,0.34840124453914967,-0.011592661314510852,0.4251653458526196,0.4367580071671305,0.28457924564628523,0.31313776637926827,0.3007777250470924,0.5847050463326859,0.41529495366731406,0.7222725818966529,0.726469535984595,0.7183697614504041,0.7243710589406239,-0.7222725818966529,-0.726469535984595,-0.7243710589406239,0.003902820446248789,0.008099774534190862,15.249128341674805,5.828763008117676,21.07789134979248,-2229.255859375,164.833984375,-2064.421875,,,,,,,,,,,,,,,,,,,,,,,,,,,,,,,,,,,,SAD,Placebo,0,Female,0,25,0.0
N154,phase2_extinction,phase2_ext_schaefer_tian,24,41570,1.3344468015031024,1.5681873610538015,1.5854838172871022,1.174571437630902,1.1892390520473128,1.2107606867380631,-0.33444680150310235,0.23374055955069917,0.017296456233300672,0.24238878766734961,0.025428431761786108,1.1751591352580153,1.1881206531575697,0.25103701578399984,0.25103701578399984,0.25103701578399984,0.558170536829274,0.8299797587473101,0.3881502955765841,0.3881502955765841,0.19407514778829205,0.3881502955765841,0.8239826593669237,0.11634107365854796,0.6599595174946202,0.1912960076872738,0.20760156203578464,0.672920619833618,0.0025888937847923362,-0.10441356555253478,0.06653328487809068,-0.3381135994869159,-0.4046468843650066,0.022264497870246203,-0.8011465769956805,-0.8234110748659267,0.10753882575466767,0.1392630323154673,0.031724206560799634,0.07427218331562233,0.30831983205892527,0.23404764874330297,0.18167883531854206,0.40603217071116565,0.4016489471186107,0.3715208636868035,0.6284791363131965,0.6886317420951474,0.8024106440863232,0.6909164267228873,0.7455211930907353,-0.6886317420951474,-0.8024106440863232,-0.7455211930907353,-0.002284684627739897,0.1114942173634359,0.42246055603027344,-3.7203025817871094,-3.297842025756836,1380.45703125,177.609375,1558.06640625,,,,,,,,,,,,,,,,,,,,,,,,,,,,,,,,,,,,SAD,Oxytocin,1,Male,1,19,1.0
N155,phase2_extinction,phase2_ext_schaefer_tian,24,41570,1.5014525886218197,1.5175787001585554,1.4807420195758638,1.1319754136615796,0.9648121564190284,1.057222562824357,-0.5014525886218197,0.01612611153673571,-0.03683668058269163,-0.002292228754610104,-0.12095805403988691,1.0107403334287994,0.9862063051041597,-0.020710569045955918,-0.020710569045955918,-0.020710569045955918,0.504031440519392,0.8146846322196103,0.3187160727390023,0.3187160727390023,0.15935803636950113,0.31871607273900227,0.8457605794053921,0.008062881038783942,0.6293692644392206,0.19707319014783328,0.24362663955315028,0.7430559277509307,0.025549612833800202,-0.033546952786824916,0.021999564469558835,-0.12756078505547808,-0.14956034952503694,0.4237047876678294,0.055516606779283384,-0.368188180888546,0.0152425435229544,0.32612322647975256,0.31088068295679816,0.0042427612881749815,0.3899036190074916,0.38566085771931663,0.18129029749216355,0.3369790686067636,0.39870756797361606,0.5403715230736867,0.45962847692631326,0.7137427296716371,0.73553775465718,0.7258464838283848,0.7246402421644085,-0.7137427296716371,-0.73553775465718,-0.7246402421644085,-0.012103754156747693,0.009691270828795173,11.435519635677338,-0.9050054550170898,10.530514180660248,750.8046875,210.71484375,961.51953125,,,,,,,,,,,,,,,,,,,,,,,,,,,,,,,,,,,,SAD,Oxytocin,1,Female,0,26,1.0
N156,phase2_extinction,phase2_ext_schaefer_tian,24,41570,1.3253047699372267,1.5290868075710686,1.6302989878314946,1.1391710389152534,1.2802522045556706,1.3377638182642173,-0.3253047699372267,0.20378203763384195,0.101212180260426,0.25438812776405495,0.16983697249469065,1.1537623878814458,1.230131372429453,0.30499421789426795,0.30499421789426795,0.30499421789426795,0.5507699367895422,0.8362105929952538,0.38698052978479597,0.38698052978479597,0.193490264892398,0.386980529784796,0.8179241297077142,0.10153987357908445,0.6724211859905076,0.2873041362932345,0.35965394648267074,0.9095378749400823,-0.03607768029079013,0.0333682837194414,-0.19379289177912806,0.1306670993870157,0.3244599911661439,-0.10621451549614225,0.3491650770561996,0.45537959255234184,-0.04442247485137438,0.5874678512417872,0.6318903260931616,0.052473971038189654,0.5221343015482793,0.4696603305100897,0.26190044902525056,0.2217458657048459,0.41157828648334405,0.4003982254379506,0.5996017745620494,0.717974036275507,0.6817952787676774,0.698964837983874,0.6998846575215922,-0.717974036275507,-0.6817952787676774,-0.6998846575215922,0.019009198291633056,-0.01716955921619656,-0.5244598388671875,-0.49059295654296875,-1.0150527954101562,1028.55859375,1509.298828125,2537.857421875,,,,,,,,,,,,,,,,,,,,,,,,,,,,,,,,,,,,SAD,Placebo,0,Male,1,19,1.0
N157,phase2_extinction,phase2_ext_schaefer_tian,24,41570,1.4924451160737588,1.2621667702549155,1.710798386163774,1.1633673660117028,0.9847875570720002,1.3124580536893724,-0.49244511607375885,-0.23027834581884332,0.4486316159088586,-0.005962537864413919,-0.01474456063101659,0.8457039714253035,1.1463057209107894,0.21835327009001526,0.21835327009001526,0.21835327009001526,0.4426834722689067,0.8469398099137737,0.2896232821826804,0.2896232821826804,0.1448116410913402,0.404256337644867,0.8039729171112049,0.1146330554621866,0.6938796198275474,0.29834686705785773,0.4385832190298259,0.6949046859131753,0.022773506529033143,0.035185369976541946,0.08169929290984435,0.12917203592436477,0.04747274301452031,-0.05174197666696467,0.20374680349799978,0.25548878016496446,-0.04490903190541726,0.7470384304382374,0.7919474623436545,-0.08575867836033943,0.6824524124760549,0.7682110908363944,0.33692854023217145,0.1289589662652153,0.3062497719634161,0.6034536560399331,0.39654634396006694,0.6737113863555305,0.6000575545583011,0.7999532665521911,0.6368844704569159,-0.6737113863555305,-0.6000575545583011,-0.6368844704569159,-0.1262418801966606,-0.19989571199389,-14.252434253692627,0.48150014877319336,-13.770934104919434,-2814.654296875,482.41015625,-2332.244140625,,,,,,,,,,,,,,,,,,,,,,,,,,,,,,,,,,,,SAD,Oxytocin,1,Female,0,20,0.0
N158,phase2_extinction,phase2_ext_schaefer_tian,24,41570,1.6471326303059768,1.5117289776118503,1.3238377192622377,1.3075087851906255,1.257134877899214,1.1968149410729612,-0.6471326303059768,-0.13540365269412646,-0.18789125834961262,-0.22934928186893266,-0.08053387570453796,0.9177943176033635,0.8037225945667116,-0.3232949110437391,-0.3232949110437391,-0.3232949110437391,0.46620071115400696,0.789819494400252,0.256020205554259,0.256020205554259,0.1280101027771295,0.32361878324624505,0.8692644333934763,0.06759857769198607,0.579638988800504,0.1752632273618382,0.25317037102427054,0.5709621867420965,-0.0392909138824276,0.058816689452708584,-0.07632529467167376,0.2620071703268544,0.33833246499852804,-0.45150566394064073,0.2451961439282131,0.6967018078688538,-0.06476761408849663,0.5081350066397634,0.5729026207282599,-0.026604966752659748,0.37713142147633616,0.40373638822899593,0.24510734401836676,0.24337413962071253,0.2582104471749278,0.6086969869804097,0.39130301301959025,0.6858350033564484,0.7035429628599846,0.6787516698274818,0.6946889831082166,-0.6858350033564484,-0.7035429628599846,-0.6946889831082166,0.007083333528966618,0.024791293032502826,-25.76375389099121,31.38680934906006,5.623055458068848,3516.86328125,-2574.9375,941.92578125,,,,,,,,,,,,,,,,,,,,,,,,,,,,,,,,,,,,SAD,Placebo,0,Male,1,18,0.0
N201,phase2_extinction,phase2_ext_schaefer_tian,24,41570,1.5886685374183278,1.4885961598544433,1.4176937022512457,1.295805513952322,1.2403653991916983,1.3116625540124982,-0.5886685374183278,-0.10007237756388454,-0.07090245760319758,-0.13552360636548322,-0.019791537350223765,0.9370086430385322,0.8923785295271783,-0.17097483516708212,-0.17097483516708212,-0.17097483516708212,0.4750027633234193,0.8049766070554869,0.2799793703789062,0.2799793703789062,0.1399896851894531,0.3299738437320676,0.8550293981636871,0.04999447335316143,0.6099532141109738,0.1850488175934511,0.2513322154719725,0.7208484990784755,-0.03913381389513396,0.019170869737803926,-0.15046020360518014,0.1108757518741873,0.26133595547936744,-0.39000243672890456,-0.025870293815497436,0.3641321429134071,-0.1094483270892247,0.45975373641063044,0.5692020634998551,-0.034218225286634624,0.40431586047353685,0.43853408576017144,0.1456163938303525,0.16542675144652813,0.1716137769091817,0.5899143300845131,0.4100856699154869,0.6918769735964533,0.711484974513396,0.6977433267890629,0.7016809740549246,-0.6918769735964533,-0.711484974513396,-0.7016809740549246,-0.005866353192609641,0.013741647724333061,-5.021259307861328,1.5423088073730469,-3.4789505004882812,1396.2109375,-1515.4921875,-119.28125,,,,,,,,,,,,,,,,,,,,,,,,,,,,,,,,,,,,HC,Placebo,0,Male,1,45,0.0
N202,phase2_extinction,phase2_ext_schaefer_tian,24,41570,1.631778018451855,1.609606568300383,1.2293280690343789,1.1620329042710942,1.1800091874554397,1.0987838201026525,-0.6317780184518551,-0.02217145015147204,-0.3802784992660042,-0.21231069978447414,-0.02263640049204807,0.9864126984400525,0.7533672151479454,-0.40244994941747625,-0.40244994941747625,-0.40244994941747625,0.4944573645111946,0.7737009489979737,0.2681583135091683,0.2681583135091683,0.13407915675458415,0.2792435844867791,0.8857075368484026,0.011085270977610806,0.5474018979959474,0.267731653867739,0.29754805280663565,1.1048389599580202,0.01569538009532034,-0.011638556268298374,-0.017740922611597792,-0.08173370790864809,-0.06399278529705016,0.014706846974798737,-0.07881832778855191,-0.09352517476335065,0.06422131397217792,0.4215046785031772,0.3572833645309993,0.07309177527797682,0.46237153245750123,0.3892797571795244,0.24686874982301035,0.13896060281628736,0.24474544992262698,0.5872793490029707,0.41272065099702926,0.9088361111366268,0.6237792837770872,0.625733175697367,0.766307697456857,-0.9088361111366268,-0.6237792837770872,-0.766307697456857,0.2831029354392598,-0.0019538919202797267,-31.30275535583496,21.32963752746582,-9.97311782836914,9328.212890625,-9391.4296875,-63.216796875,,,,,,,,,,,,,,,,,,,,,,,,,,,,,,,,,,,,HC,Oxytocin,1,Male,1,20,0.0
N203,phase2_extinction,phase2_ext_schaefer_tian,24,41570,1.4383513557818546,1.5683592591776434,1.4903771055512745,1.222456883877181,1.2172027383296555,1.2118283651183808,-0.4383513557818546,0.13000790339578883,-0.07798215362636896,0.09101682658260435,-0.00794133215316295,1.090386741716006,1.036170396891263,0.05202574976941987,0.05202574976941987,0.05202574976941987,0.5324562739112567,0.8161348673128438,0.3485911412241005,0.3485911412241005,0.17429557061205025,0.3485911412241005,0.8427091353766755,0.06491254782251343,0.6322697346256876,0.24564569341038028,0.29494416059025996,0.8983654125994469,-0.003243731024818514,-0.011659428594471435,-0.07972875374533114,-0.12241085236124372,-0.042682098615912545,0.08286601683093142,-0.051164756548027546,-0.13403077337895897,-0.01349497311317327,0.40371655688064645,0.4172115299938197,0.026369403759492302,0.4649219830612683,0.438552579301776,0.27911868469803025,0.19945130606414843,0.38969796215203517,0.37250107865524534,0.6274989213447546,0.7000992229704168,0.6898596739277871,0.7344080433642063,0.694979448449102,-0.7000992229704168,-0.6898596739277871,-0.694979448449102,-0.03430882039378946,-0.044548369436419155,-9.865177154541016,15.935846447944641,6.0706692934036255,475.3359375,599.619140625,1074.955078125,,,,,,,,,,,,,,,,,,,,,,,,,,,,,,,,,,,,HC,Oxytocin,1,Female,0,22,1.0
N204,phase2_extinction,phase2_ext_schaefer_tian,24,41570,1.3047154149933369,1.731602422571214,1.4263802025542045,1.1775827549799676,1.3241660686231445,1.0676051052470483,-0.3047154149933369,0.42688700757787723,-0.3052222200170096,0.27427589756937243,0.01830283195512883,1.3271878214975938,1.0932500491909867,0.12166478756086763,0.12166478756086763,0.12166478756086763,0.605130070108138,0.8063366827529398,0.4114667528610778,0.4114667528610778,0.2057333764305389,0.4114667528610778,0.8384713610181413,0.21026014021627604,0.6126733655058796,0.2591672894183779,0.2916731670600709,0.9575022423124958,0.008381601656776993,0.05161016323533997,0.11558216334187321,0.08614551499679801,-0.029436648345075173,-0.27170669055762464,0.9332027076815537,1.2049093982391783,0.203050970692852,0.4161474473132395,0.21309647662038753,0.1452598890219154,0.3730746898148405,0.2278148007929251,0.3218289792640794,0.35826017855892023,0.5712863581480124,0.060005154113922696,0.9399948458860773,0.6906568230085316,0.7327919059157674,0.7307143261935967,0.7117243644621495,-0.6906568230085316,-0.7327919059157674,-0.7117243644621495,-0.04005750318506507,0.002077579722170708,16.81293296813965,-30.233859062194824,-13.420926094055176,-4527.84765625,5576.62109375,1048.7734375,,,,,,,,,,,,,,,,,,,,,,,,,,,,,,,,,,,,HC,Placebo,0,Female,0,28,0.0
N206,phase2_extinction,phase2_ext_schaefer_tian,24,41570,1.521576796773942,1.5092089730538683,1.4687126821812966,1.2069058905004093,1.2291595861258706,1.1671296073409003,-0.521576796773942,-0.012367823720073723,-0.04049629087257167,-0.03261596915635945,-0.008761293767023837,0.9918716993680418,0.9652570120960714,-0.052864114592645395,-0.052864114592645395,-0.052864114592645395,0.49690808348229965,0.8128616412070762,0.3097697246893758,0.3097697246893758,0.1548848623446879,0.3159535577247765,0.8477095062330244,0.00618383303540071,0.6257232824141523,0.21021824760643523,0.2773532475597066,0.7495598357943298,-0.002511172832855957,0.026966877731777902,0.0726299582797939,0.0868156030514941,0.014185644771700257,-0.02315395673000409,0.3386335881175675,0.3617875448475716,0.0407958329044083,0.4593634429741062,0.4185676100696979,0.00448085376451135,0.41595564144835917,0.41147478768384776,0.22158086822846107,0.21214449034933697,0.22191007709942015,0.5455427815218155,0.45445721847818454,0.6730196732762906,0.7121613227111372,0.6795638453356343,0.6925904979937139,-0.6730196732762906,-0.7121613227111372,-0.6925904979937139,-0.006544172059343656,0.03259747737550289,11.233790159225464,-3.312910795211792,7.920879364013672,-848.517578125,1008.337890625,159.8203125,,,,,,,,,,,,,,,,,,,,,,,,,,,,,,,,,,,,HC,Placebo,0,Male,1,38,0.0
N207,phase2_extinction,phase2_ext_schaefer_tian,24,41570,1.4468515230759944,1.5287817600943563,1.523018723019717,1.150092629723821,1.1743513019382505,1.2196401622975763,-0.4468515230759944,0.08193023701836188,-0.005763037074639321,0.07904871848104222,0.046903102394092455,1.056626561292145,1.0526434041105737,0.07616719994372256,0.07616719994372256,0.07616719994372256,0.520471109399941,0.8209825728514537,0.3414536822513947,0.3414536822513947,0.17072684112569736,0.3414536822513947,0.8383566549685272,0.040942218799882024,0.6419651457029074,0.20463345854622844,0.2599064847054094,0.7802718679666368,-0.011129687736346826,-0.062075887470427006,-0.06164220152923569,-0.23296191762846663,-0.17131971609923097,0.18858350904926757,-0.5138409462209713,-0.7024244552702389,-0.002630594433926825,0.26459545194753253,0.26722604638145936,0.02819050633069102,0.38107641076176585,0.3528859044310748,0.30372897741064203,0.20298073509169454,0.4705704119054437,0.4745275491522731,0.5254724508477269,0.6969863080322958,0.7497982231033881,0.695583970373565,0.723392265567842,-0.6969863080322958,-0.7497982231033881,-0.723392265567842,0.0014023376587307679,0.054214252729823054,9.335996627807617,-1.7852783203125,7.550718307495117,-743.8828125,-208.017578125,-951.900390625,,,,,,,,,,,,,,,,,,,,,,,,,,,,,,,,,,,,HC,Placebo,0,Male,1,38,1.0
N209,phase2_extinction,phase2_ext_schaefer_tian,24,41570,1.297328015468337,1.5262348851460485,1.655418620717557,1.1730211912830284,1.2470253781893836,1.284547652035318,-0.2973280154683371,0.22890686967771146,0.12918373557150842,0.29349873746346566,0.09276532382932245,1.1764448583426508,1.2760216292405684,0.3580906052492199,0.3580906052492199,0.3580906052492199,0.55697813770056,0.8396220483524404,0.3966001860530004,0.3966001860530004,0.1983000930265002,0.3966001860530004,0.8129125729459303,0.11395627540112008,0.6792440967048807,0.3067150266757372,0.34133020122012836,1.0721834868442843,0.02497516827655531,-0.032938787313887365,0.09997264746261969,-0.10277964203782308,-0.20275228950044283,0.3013820531778404,-0.3451501601744813,-0.6465322133523217,0.11058380742692492,0.5014427486369477,0.3908589412100228,0.06059748369561507,0.5528325696558593,0.49223508596024423,0.19896826309157592,0.18774064301034393,0.33307911014880043,0.41679559976777,0.5832044002322301,0.7087054585102159,0.665308385509221,0.6956246420075416,0.6870069220097185,-0.7087054585102159,-0.665308385509221,-0.6870069220097185,0.013080816502674342,-0.030316256498320593,-6.28444766998291,-2.897181510925293,-9.181629180908203,336.8623046875,1148.7099609375,1485.572265625,,,,,,,,,,,,,,,,,,,,,,,,,,,,,,,,,,,,HC,Placebo,0,Female,0,37,1.0
N210,phase2_extinction,phase2_ext_schaefer_tian,24,41570,1.6729488237615868,1.2204016110023672,1.573180501478077,1.3129755115943949,1.0434602015353427,1.3301792585512526,-0.6729488237615868,-0.4525472127592196,0.35277889047570987,-0.27615776752136467,-0.1261557815510972,0.7294912948761992,0.9403637874212908,-0.09976832228350974,-0.09976832228350974,-0.09976832228350974,0.388755314351244,0.8282365413254686,0.21699185567671264,0.21699185567671264,0.10849592783835632,0.43948122697422465,0.8128572903013458,0.222489371297512,0.6564730826509373,0.1711125721408866,0.3587766122862692,0.42176451503807405,0.022884957937345077,-0.0021664389565599746,0.25240488266597744,-0.0559781863633102,-0.3083830690292877,0.09758876150211582,0.04735091719707618,-0.050237844305039636,-0.0342094371560962,0.474647929589203,0.5088573667452991,-0.16041187848908492,0.5026370227708581,0.663048901259943,0.37737925061291183,0.18916583675908943,0.5006820312647826,0.7738613642228457,0.22613863577715432,0.7175868206664511,0.6796205964542744,0.6283033452083314,0.6986037085603627,-0.7175868206664511,-0.6796205964542744,-0.6986037085603627,0.08928347545811965,0.051317251245942996,13.839221954345703,-0.4334135055541992,13.405808448791504,-419.78125,177.57421875,-242.20703125,,,,,,,,,,,,,,,,,,,,,,,,,,,,,,,,,,,,HC,Oxytocin,1,Male,1,22,0.0
N211,phase2_extinction,phase2_ext_schaefer_tian,24,41570,1.4599971394473912,1.6468397676975233,1.3796066792178034,1.2689767166155077,1.2075368103487232,0.9146142370378055,-0.4599971394473912,0.1868426282501321,-0.2672330884797198,0.05322608401027229,-0.2079011929222434,1.127974645923694,0.9449379265842982,-0.08039046022958773,-0.08039046022958773,-0.08039046022958773,0.5465752400465596,0.79892782377971,0.3455030638262695,0.3455030638262695,0.17275153191313475,0.3455030638262695,0.8588995235787915,0.0931504800931191,0.5978556475594199,0.25104754670989277,0.263623195837221,1.1367063385676985,0.0053522747970585075,-0.017579545324523917,0.037791220731762776,-0.10752310396595605,-0.14531432469771882,-0.02198434511220615,0.04776513711359698,0.06974948222580313,0.07907588473527172,0.38815326706741726,0.30907738233214554,0.06018027436939033,0.44191481905039526,0.3817345446810049,0.11125445607786226,0.11761101751976848,0.16105708821723713,0.30033159163916306,0.6996684083608369,0.6891875883954985,0.681993769640044,0.7148980597927515,0.6855906790177713,-0.6891875883954985,-0.681993769640044,-0.6855906790177713,-0.02571047139725291,-0.03290429015270746,6.4355316162109375,-17.5216064453125,-11.086074829101562,-1886.28125,4306.40234375,2420.12109375,,,,,,,,,,,,,,,,,,,,,,,,,,,,,,,,,,,,HC,Placebo,0,Male,1,35,0.0
N212,phase2_extinction,phase2_ext_schaefer_tian,24,41570,1.6066763849156431,1.3070796744806914,1.5702420170318905,1.2368679607261817,1.117401315444534,1.211938301930878,-0.6066763849156431,-0.29959671043495173,0.2631623425511991,-0.1680155391593523,-0.07219815203847557,0.8135301412387517,0.977323138623901,-0.03643436788375265,-0.03643436788375265,-0.03643436788375265,0.42565607363307045,0.827818106970518,0.2534741806035885,0.2534741806035885,0.12673709030179425,0.4021620333374476,0.8233324378989098,0.1486878527338591,0.6556362139410361,0.20152757342230107,0.31740893629430406,0.6039394578078108,0.006061513126680641,-0.010641505656241734,0.06395413239418765,-0.07668014640089449,-0.14063427879508228,0.06305647305084339,0.009462369246845181,-0.053594103803998205,-0.06280430644228485,0.4594964462835336,0.5223007527258183,-0.09478137263937868,0.49783651948398083,0.5926178921233596,0.13503667192485078,0.2140051929320889,0.22494523972332173,0.671341807756583,0.32865819224341697,0.697479433455563,0.683558260820089,0.7625491947015957,0.690518847137826,-0.697479433455563,-0.683558260820089,-0.690518847137826,-0.0650697612460327,-0.07899093388150669,1.1556673049926758,-0.604212760925293,0.5514545440673828,-1848.5078125,851.541015625,-996.966796875,,,,,,,,,,,,,,,,,,,,,,,,,,,,,,,,,,,,HC,Oxytocin,1,Female,0,25,0.0
N213,phase2_extinction,phase2_ext_schaefer_tian,24,41570,1.4722432852367853,1.3498326223080146,1.6605641237040734,1.188847626354757,1.1315404392386812,1.29040201429004,-0.47224328523678527,-0.12241066292877067,0.31073150139605876,0.032955087769258595,0.022123600409603705,0.9168543179481194,1.1279142034992253,0.1883208384672881,0.1883208384672881,0.1883208384672881,0.46943549056722456,0.8403137154172907,0.3097492059845153,0.3097492059845153,0.15487460299225764,0.37087822485006616,0.8154306688342563,0.06112901886555089,0.6806274308345814,0.24004346683741234,0.3159879520146446,0.7695600793760337,0.005005320954859292,0.010545784969979913,0.10684757260702263,0.052436517329329746,-0.054411055277692855,-0.08770962481415889,0.03365647565765806,0.12136610047181695,0.015337151615560124,0.5443918270274408,0.5290546754118807,-0.03808663468795119,0.518173568362776,0.5562602030507271,0.18550600652036683,0.1267431579567768,0.1889569828711185,0.4707735551234957,0.5292264448765043,0.728881760394325,0.6875861013539619,0.6635136737249943,0.7082339308741434,-0.728881760394325,-0.6875861013539619,-0.7082339308741434,0.0653680866693307,0.024072427628967663,1.8022346496582031,22.860764503479004,24.662999153137207,233.775390625,318.072265625,551.84765625,,,,,,,,,,,,,,,,,,,,,,,,,,,,,,,,,,,,HC,Oxytocin,1,Male,1,20,0.0
N214,phase2_extinction,phase2_ext_schaefer_tian,24,41570,0.7838752605979783,1.7555665325292116,1.8028864088125982,0.8282191897439263,1.2829240206892747,1.2057139043833647,0.2161247394020217,0.9716912719312333,0.04731987628338663,0.9953512100729266,0.4160997727923935,2.239599332161582,2.299965921156396,1.01901114821462,1.01901114821462,1.01901114821462,0.7254564757797486,0.8584999326476637,0.5839564084274123,0.5839564084274123,0.2919782042137061,0.5839564084274123,0.7180314657779971,0.4509129515594972,0.7169998652953273,0.17624402122287774,0.3774250200842404,0.36453067820850865,-0.009897286292480517,0.1831381427254808,-0.0674769042459124,0.5596622444680084,0.6271391487139208,-0.042424357741619234,1.876395482537709,1.9188198402793282,0.31174618392476977,0.2868345286320338,-0.02491165529273598,0.34548463604772595,0.007003406398029571,-0.3384812296496964,0.3016626459162932,0.5476045187143548,0.604172501674157,0.1516800064670778,0.8483199935329222,0.6490107096546098,1.0060777116444561,0.5874609589288098,0.827544210649533,-0.6490107096546098,-1.0060777116444561,-0.827544210649533,0.061549750725800045,0.41861675271564636,-0.3553842306137085,79.84591448307037,79.49053025245667,-86.33203125,24194.59765625,24108.265625,,,,,,,,,,,,,,,,,,,,,,,,,,,,,,,,,,,,HC,Placebo,0,Male,1,19,0.0
N215,phase2_extinction,phase2_ext_schaefer_tian,24,41570,1.2496652939745325,1.5622597952352568,1.6603958683209146,1.0744969475825301,1.261573379421825,1.3211127671384064,-0.24966529397453252,0.3125945012607243,0.09813607308565775,0.3616625378035532,0.21684612569758555,1.2501425703878668,1.3286724557688068,0.41073057434638205,0.41073057434638205,0.41073057434638205,0.5775184228018053,0.8402911365108764,0.41780955931268177,0.41780955931268177,0.20890477965634086,0.4178095593126817,0.8081019288943946,0.15503684560361064,0.6805822730217528,0.3613881041671969,0.4032439752573208,1.1164787827349274,0.02979800841970254,-0.0027318559276140347,0.08177351087725099,-0.1527741104346204,-0.23454762131187157,0.41480222007900114,0.274417117352592,-0.14038510272640914,0.13477858459279352,0.5524973239629156,0.41771873937012205,0.09389182915416802,0.6288843791802259,0.5349925500260578,0.2674615660625678,0.24918143154097575,0.41192082514632455,0.35659668135430816,0.6434033186456918,0.6946455941548195,0.6236310124361313,0.6857287210909522,0.6591383032954754,-0.6946455941548195,-0.6236310124361313,-0.6591383032954754,0.008916873063867348,-0.06209770865482089,-3.6234503984451294,-5.306830883026123,-8.930281281471252,816.048828125,126.8828125,942.931640625,,,,,,,,,,,,,,,,,,,,,,,,,,,,,,,,,,,,HC,Oxytocin,1,Male,1,25,0.0
N216,phase2_extinction,phase2_ext_schaefer_tian,24,41570,1.4423737477619416,1.3962707471418208,1.648110798568125,1.1617557388076345,1.2505547723211876,1.1066573161873707,-0.4423737477619416,-0.04610300062012085,0.25184005142630417,0.07981702509303124,0.016850305446644676,0.9680367100607429,1.1426378147127518,0.20573705080618332,0.20573705080618332,0.20573705080618332,0.4884762908968374,0.838635555954328,0.32711184685116546,0.32711184685116546,0.16355592342558273,0.3501592650574906,0.8185902834379157,0.023047418206325165,0.6772711119086561,0.1934527138103708,0.2519508623492922,0.6371321651863555,-0.020896026861905812,-0.00035758821316912714,-0.11175782342521606,0.05985378906093375,0.17161161248614976,0.09751538611473254,-0.1688913257418344,-0.26640671185656695,-0.053452545532998,0.41440595597159846,0.4678585015045964,0.0024263661796100344,0.3844790614411316,0.3820526952615215,0.19624238818041503,0.49627635912772483,0.5046652286374987,0.5130564602542897,0.48694353974571025,0.7929931453485375,0.7503128865141941,0.799188076375726,0.7716530159313658,-0.7929931453485375,-0.7503128865141941,-0.7716530159313658,-0.006194931027188488,-0.04887518986153183,16.080764770507812,-20.729110717773438,-4.648345947265625,4783.3671875,-21.7265625,4761.640625,,,,,,,,,,,,,,,,,,,,,,,,,,,,,,,,,,,,HC,Placebo,0,Male,1,20,0.0
N217,phase2_extinction,phase2_ext_schaefer_tian,24,41570,1.5290677003968494,1.4463069230300696,1.5232503114808438,1.3066619193228393,1.275908975045736,1.2365046889190077,-0.5290677003968494,-0.08276077736677978,0.0769433884507742,-0.04428908314139268,-0.05045508734046744,0.9458750016078096,0.9961954602294912,-0.005817388916005584,-0.005817388916005584,-0.005817388916005584,0.47932160710060834,0.821016606921003,0.3003382140216113,0.3003382140216113,0.15016910701080566,0.34169499982039464,0.8383069488366027,0.041356785798783324,0.642033213842006,0.2651082924808241,0.3191966720702951,0.8077689048697174,0.018040094661389495,-0.02457782013270466,0.0811032636540901,-0.05714980567291872,-0.13825306932700898,0.05292419100441226,-0.31781705068232535,-0.3707412416867376,0.009075384436175893,0.533117929516058,0.524042545079882,-0.031476247390869155,0.5616928323525173,0.5931690797433865,0.13003313274600034,0.23290195303574449,0.33148817234202915,0.6264738918085822,0.37352610819141785,0.6143086559126232,0.6346440890007463,0.8125967718426854,0.6244763724566847,-0.6143086559126232,-0.6346440890007463,-0.6244763724566847,-0.19828811593006224,-0.1779526828419391,-44.442710280418396,23.417556762695312,-21.025153517723083,1934.25,-2076.125,-141.875,,,,,,,,,,,,,,,,,,,,,,,,,,,,,,,,,,,,HC,Placebo,0,Female,0,18,0.0
N219,phase2_extinction,phase2_ext_schaefer_tian,24,41570,1.2302605400566697,1.622925210798183,1.6178256299572118,1.1900720772763833,1.184164615762118,1.2482628771324622,-0.23026054005666974,0.39266467074151334,-0.005099580840971285,0.3901148803210277,0.026141669170906656,1.3191719516027933,1.3150268289775606,0.38756508990054206,0.38756508990054206,0.38756508990054206,0.5969239996173941,0.8344950392691592,0.43141903888655325,0.43141903888655325,0.21570951944327665,0.4314190388865533,0.8100197633291161,0.19384799923478813,0.6689900785383185,0.29174664748255086,0.31012786096068873,0.9187985151536948,0.04284402288315877,-0.04181108459990867,0.14136399806034308,-0.12894770485466422,-0.2703117029150073,0.2079350790229284,-0.024908289075101675,-0.23284336809803008,0.17968891107046966,0.41001253049747144,0.23032361942700177,0.10900691204029812,0.47448638292480355,0.36547947088450544,0.24983645301642074,0.4521432977348804,0.6287298910118246,0.2966769329586001,0.7033230670413999,0.7331019593166889,0.7070710475846278,0.7151179591385984,0.7200865034506583,-0.7331019593166889,-0.7070710475846278,-0.7200865034506583,0.01798400017809043,-0.008046911553970637,8.93177056312561,-7.043147563934326,1.8886229991912842,702.197265625,377.291015625,1079.48828125,,,,,,,,,,,,,,,,,,,,,,,,,,,,,,,,,,,,HC,Oxytocin,1,Male,1,19,1.0
N220,phase2_extinction,phase2_ext_schaefer_tian,24,41570,1.6375316291636688,1.2930606967154552,1.5497623510262577,1.2469150802351991,1.0310401902574573,1.1900257817040012,-0.6375316291636688,-0.3444709324482136,0.2567016543108025,-0.21612010529281234,-0.13638209425447,0.789640130175351,0.9464014703360253,-0.08776927813741109,-0.08776927813741109,-0.08776927813741109,0.4147238445706265,0.8248794052907664,0.23960324986139292,0.23960324986139292,0.11980162493069646,0.4101555607201399,0.8240999944662442,0.170552310858747,0.6497588105815328,0.18505662834535708,0.3723803887421566,0.4647988442176062,-0.08761510861662425,0.034341692956121245,-0.24395845826816848,0.21412117010951986,0.45807962837768823,-0.6014269491777999,-0.037729256899421526,0.5636976922783783,-0.24397218821387678,0.5991668008252666,0.8431389890391433,-0.12199295907979255,0.49210621577050667,0.6140991748502993,0.3292475083867473,0.31160831964600055,0.30188540834893424,0.7147603052481329,0.28523969475186706,0.6207817117427687,0.6793249844165994,0.7818460371597696,0.6500533480796841,-0.6207817117427687,-0.6793249844165994,-0.6500533480796841,-0.1610643254170009,-0.10252105274317025,7.940919876098633,-3.877245306968689,4.063674569129944,-5311.162109375,360.744140625,-4950.41796875,,,,,,,,,,,,,,,,,,,,,,,,,,,,,,,,,,,,HC,Placebo,0,Female,0,20,0.0
N221,phase2_extinction,phase2_ext_schaefer_tian,24,41570,1.3613211625551358,1.5669790659915956,1.5632204947580217,1.0955164788318252,1.1688525901782911,1.2131651796247054,-0.3613211625551358,0.20565790343645984,-0.0037585712335739263,0.203778617819673,0.09549240606967313,1.1510722800633812,1.1483113068930901,0.20189933220288592,0.20189933220288592,0.20189933220288592,0.551234023699256,0.8268149874244412,0.37804901112369715,0.37804901112369715,0.18902450556184858,0.37804901112369715,0.8286759450141445,0.10246804739851201,0.6536299748488823,0.2438652202540141,0.3138124360802581,0.8046972940180708,-0.005361760774341209,0.011459134781273007,-0.04776595485495941,0.011903247890290514,0.059669202745249894,0.24927251680946694,0.0197078190320209,-0.22956469777744604,0.03722410416437552,0.43257498286131824,0.3953508786969427,0.061107081591855225,0.426623358916173,0.3655162773243178,0.4762260807724177,0.3567270046129355,0.32683967195413777,0.3414170814092298,0.6585829185907702,0.7079899711370496,0.7247176886373886,0.702398205813966,0.7163538298872192,-0.7079899711370496,-0.7247176886373886,-0.7163538298872192,0.005591765323083697,0.022319482823422665,2.314483642578125,15.65475344657898,17.969237089157104,883.93359375,349.75390625,1233.6875,,,,,,,,,,,,,,,,,,,,,,,,,,,,,,,,,,,,HC,Placebo,0,Male,1,29,0.0
N222,phase2_extinction,phase2_ext_schaefer_tian,24,41570,1.359259905155617,1.603039319548683,1.5278064413161367,1.2554244409993527,1.369410724811173,1.3513440245926445,-0.3592599051556169,0.24377941439306605,-0.07523287823254621,0.20616297527679306,0.1049529337025561,1.1793471591966698,1.123998746877799,0.16854653616051984,0.16854653616051984,0.16854653616051984,0.5606448152759294,0.8216851436745022,0.3823299589504315,0.3823299589504315,0.19116497947521577,0.38232995895043154,0.8328693126919258,0.12128963055185871,0.6433702873490044,0.2804014992789847,0.3759282243756879,0.8097942141279145,-0.046000613640743426,0.013456184342055992,-0.240128852010218,-0.06765202956076899,0.17247682244944895,-0.38795510615337814,0.21013611616363526,0.5980912223170134,-0.06718012994152486,0.4740926877140008,0.5412728176555257,0.052884296063584135,0.5079187024943853,0.4550344064308012,0.45686237136133573,0.3377098659181067,0.6625719593662626,0.3483268986007421,0.6516731013992578,0.6942034834539729,0.6668396102918676,0.6958785028255642,0.6805215468729202,-0.6942034834539729,-0.6668396102918676,-0.6805215468729202,-0.001675019371591313,-0.029038892533696625,-3.356983184814453,-1.7797012329101562,-5.136684417724609,438.794921875,708.54296875,1147.337890625,,,,,,,,,,,,,,,,,,,,,,,,,,,,,,,,,,,,HC,Placebo,0,Male,1,26,1.0
N224,phase2_extinction,phase2_ext_schaefer_tian,24,41570,1.4811231863965286,1.4118539159574612,1.6006974750717378,1.1449527154000394,1.1101788276521882,1.2477613985302551,-0.4811231863965286,-0.06926927043906739,0.18884355911427653,0.025152509118070876,0.034017397691182394,0.9532319251986636,1.0807321625683302,0.11957428867520914,0.11957428867520914,0.11957428867520914,0.4826896034447461,0.8321158443217112,0.31480544776645725,0.31480544776645725,0.15740272388322862,0.34942624087696506,0.8259884402820583,0.03462079311050781,0.6642316886434223,0.24091320303132283,0.3225233447594186,0.7577360581387423,0.051479112183287726,0.04926816765889991,0.2316224778495876,0.1708034352035484,-0.06081904264603921,0.5095670530470007,0.3687208714752269,-0.14084618157177375,0.09985079094292204,0.5831885716462917,0.4833377807033695,-0.015960447981871753,0.4977868540445174,0.5137473020263892,0.2884227676080721,0.15486551941448182,0.3982334029219992,0.4950120622411892,0.5049879377588108,0.7284415998352481,0.6890103102272293,0.6740828061698196,0.7087259550312387,-0.7284415998352481,-0.6890103102272293,-0.7087259550312387,0.054358793665428506,0.014927504057409613,-2.7614831924438477,-10.848062992095947,-13.609546184539795,-58.3984375,-59.037109375,-117.435546875,,,,,,,,,,,,,,,,,,,,,,,,,,,,,,,,,,,,HC,Oxytocin,1,Male,1,24,1.0
N225,phase2_extinction,phase2_ext_schaefer_tian,24,41570,1.493148604227212,1.561050966569064,1.4434427382807498,1.1590681284796576,1.2600051148887055,1.1689214959052496,-0.49314860422721196,0.06790236234185199,-0.11760822828831419,0.009098248197694891,0.05539517691731999,1.04547595041435,0.966710697466516,-0.0497058659464622,-0.0497058659464622,-0.0497058659464622,0.5169690711015252,0.8089872131128262,0.3259562842143514,0.3259562842143514,0.1629781421071757,0.3259562842143514,0.8513771622411532,0.03393814220305047,0.6179744262256524,0.2159330410315802,0.2515745498393751,0.9640709520291066,0.005541882086397998,-0.0005975182111674637,-0.005316534876467577,-0.0024495334394387114,0.0028670014370288377,0.031893329220639366,0.016903402758999486,-0.01498992646163988,0.018918554908981172,0.40906449299622605,0.39014593808724485,0.02157682234721496,0.41028925971594543,0.38871243736873046,0.13602417574675557,0.17656812334562302,0.14529016943327666,0.44950064366686393,0.5504993563331361,0.6846220241145338,0.7135970459170877,0.7059129199795529,0.6991095350158107,-0.6846220241145338,-0.7135970459170877,-0.6991095350158107,-0.021290895865019088,0.007684125937534869,1.0647952556610107,-0.30315518379211426,0.7616400718688965,-2181.1875,1594.357421875,-586.830078125,,,,,,,,,,,,,,,,,,,,,,,,,,,,,,,,,,,,HC,Oxytocin,1,Male,1,41,0.0
N226,phase2_extinction,phase2_ext_schaefer_tian,24,41570,1.4984763137851282,1.2746619307304967,1.6966504954367796,1.159072720069613,1.143651662204241,1.4171227588654973,-0.49847631378512824,-0.22381438305463153,0.4219885647062829,-0.01282010070149009,0.12131449046525633,0.850638685775642,1.1322504523468655,0.19817418165165135,0.19817418165165135,0.19817418165165135,0.44427881315670303,0.8450967638858853,0.2893755770425883,0.2893755770425883,0.14468778852129416,0.40081795072918225,0.8064992470936612,0.11144237368659393,0.6901935277717706,0.27765708297732244,0.43632260734404804,0.64753642787681,0.0765990823180782,0.007932864744457665,0.3335880436311893,0.0037429972348768104,-0.3298450463963126,0.10986405487530071,0.19714224346179576,0.08727818858649505,0.10721378116420474,0.6167659052234733,0.5095521240592685,-0.059580240651389935,0.6148944066060349,0.6744746472574248,0.4176046825271955,0.18315569205963575,0.5084811042469115,0.5714947275154845,0.42850527248451553,0.7175867218730607,0.6379221903196821,0.6800899754942507,0.6777544560963714,-0.7175867218730607,-0.6379221903196821,-0.6777544560963714,0.037496746378810064,-0.04216778517456854,4.16966986656189,8.646961450576782,12.816631317138672,179.85546875,-723.859375,-544.00390625,,,,,,,,,,,,,,,,,,,,,,,,,,,,,,,,,,,,HC,Oxytocin,1,Male,1,19,1.0
N227,phase2_extinction,phase2_ext_schaefer_tian,24,41570,1.5913739896103372,1.4383434155273171,1.465571215066088,1.190482351934223,1.1495750544488668,1.1581739953038546,-0.5913739896103372,-0.15303057408302,0.027227799538770858,-0.13941667431363447,-0.03660782705786225,0.9038374485692924,0.9209470655075092,-0.12580277454424915,-0.12580277454424915,-0.12580277454424915,0.4618168429772034,0.8123832990469735,0.27420014202417686,0.27420014202417686,0.13710007101208843,0.3505664560697701,0.8461241054660427,0.07636631404559324,0.624766598093947,0.1931787947549894,0.27581183987433433,0.7037127052097109,0.005779898986898602,0.01601097841142091,0.0801437371245908,0.03930185677232656,-0.04084188035226427,0.16743068470674805,0.17775951380433108,0.010328829097583037,0.0009671471296973377,0.44511323932874014,0.4441460921990428,-0.039104721432598064,0.42546231094257686,0.46456703237517494,0.26597391366853496,0.1666732250067112,0.33290122109842657,0.6741581157273501,0.32584188427264993,0.6866730204117552,0.7180932569278968,0.7393359605434207,0.702383138669826,-0.6866730204117552,-0.7180932569278968,-0.702383138669826,-0.0526629401316655,-0.021242703615523828,-22.26874542236328,11.027286529541016,-11.241458892822266,3480.49609375,-1692.482421875,1788.013671875,,,,,,,,,,,,,,,,,,,,,,,,,,,,,,,,,,,,HC,Placebo,0,Male,1,38,1.0
N228,phase2_extinction,phase2_ext_schaefer_tian,24,41570,1.6162812639514517,1.2308540813258242,1.6239827295735814,1.2582880682884623,1.0426173060245651,1.2620417944066395,-0.6162812639514517,-0.3854271826256275,0.3931286482477572,-0.1888628585017489,-0.10595851807285994,0.7615345801270451,1.0047649228796058,0.0077014656221296995,0.0077014656221296995,0.0077014656221296995,0.4048185963547417,0.8353436647500178,0.24016226110475947,0.24016226110475947,0.12008113055237973,0.43052506839527604,0.8095165582312638,0.19036280729051658,0.6706873295000355,0.19909402649446764,0.323277561969943,0.5782134459821144,-0.007109246800421891,0.010207794824353897,-0.047382714101287055,0.10646756514418154,0.15385027924546857,-0.14686153299213633,-0.01933603694448971,0.12752549604764662,-0.13368991398829969,0.5614203924986823,0.6951103064869819,-0.10999855693765616,0.5081866099265915,0.6181851668642476,0.20829906546093427,0.2635766122197442,0.4596681541063501,0.7606791634986514,0.2393208365013486,0.711165112493521,0.6869022645447365,0.7865114619374627,0.6990336885191287,-0.711165112493521,-0.6869022645447365,-0.6990336885191287,-0.0753463494439417,-0.09960919739272622,-26.028782844543457,4.903247833251953,-21.125535011291504,2610.5078125,-2050.70703125,559.80078125,,,,,,,,,,,,,,,,,,,,,,,,,,,,,,,,,,,,HC,Oxytocin,1,Male,1,27,0.0
N230,phase2_extinction,phase2_ext_schaefer_tian,24,41570,1.5672785063016081,1.3709035282303237,1.5543794587755633,1.265750579737343,1.0085385654791374,1.2429512939736713,-0.5672785063016081,-0.19637497807128446,0.18347593054523959,-0.10463701279866466,-0.14000565001093856,0.8747031966375185,0.9917697732777685,-0.012899047526044871,-0.012899047526044871,-0.012899047526044871,0.4510634168258617,0.8255453619539307,0.2766087787797924,0.2766087787797924,0.1383043893898962,0.374481945128069,0.8304366882531021,0.09787316634827659,0.6510907239078614,0.17569267275911887,0.2723140297827544,0.597617656359127,-0.010500607924985897,0.07955957194329384,-0.010459484756760618,0.2840540390894682,0.294513523846229,-0.33834232132453956,0.5074050830848149,0.8457474044093545,-0.056538931381227286,0.5447215540658188,0.6012604854470462,-0.05130918900284698,0.4026945345210847,0.45400372352393176,0.22114282882295697,0.1483930924633469,0.20919870731242943,0.618395997313801,0.381604002686199,0.7069568671459562,0.7373878151735054,0.6905943819701891,0.7221723411597307,-0.7069568671459562,-0.7373878151735054,-0.7221723411597307,0.016362485175767105,0.046793433203316304,-3.720468521118164,2.7283458709716797,-0.9921226501464844,3341.92578125,-444.1171875,2897.80859375,,,,,,,,,,,,,,,,,,,,,,,,,,,,,,,,,,,,HC,Oxytocin,1,Male,1,22,1.0
N231,phase2_extinction,phase2_ext_schaefer_tian,24,41570,1.4643615568872297,1.3963055773621609,1.6290987958784342,1.2249041072473452,1.1333596555701004,1.3562942716260764,-0.4643615568872297,-0.06805597952506881,0.23279321851627333,0.04834062973306774,0.0199228563507432,0.9535251463409175,1.112497645879483,0.16473723899120452,0.16473723899120452,0.16473723899120452,0.48299256893671216,0.8360461454426217,0.31903871437933384,0.31903871437933384,0.15951935718966692,0.3530535765059095,0.8214251547351186,0.03401486212657567,0.6720922908852434,0.2709047372211859,0.3849692856542311,0.6934678339921523,0.017447225125946573,-0.08290999378998458,-0.02320944922587423,-0.3361285003069474,-0.3129190510810731,0.1988191154128377,-0.5579173271450011,-0.7567364425578388,-0.05636069083618084,0.41850119051214174,0.47486188134832263,-0.04475596622324372,0.5865654406656154,0.6313214068888592,0.2813908862432728,0.11577196705488027,0.27780957536603923,0.5101431899919581,0.48985681000804193,0.718344468993434,0.6405203792344769,0.690846251991765,0.6794324241139554,-0.718344468993434,-0.6405203792344769,-0.6794324241139554,0.02749821700166899,-0.05032587275728806,9.29936695098877,-14.93586254119873,-5.636495590209961,993.974609375,1544.697265625,2538.671875,,,,,,,,,,,,,,,,,,,,,,,,,,,,,,,,,,,,HC,Placebo,0,Male,1,18,0.0
N232,phase2_extinction,phase2_ext_schaefer_tian,24,41570,1.572178147416492,1.4729950504461922,1.4519499120227284,1.3132412091939458,1.0048245554774509,1.147677643577648,-0.572178147416492,-0.09918309697029981,-0.021045138423463783,-0.1097056661820317,-0.23699010966639644,0.9369135701940523,0.9235275946134943,-0.1202282353937636,-0.1202282353937636,-0.1202282353937636,0.47522453270952647,0.8102983459554901,0.2855228786650166,0.2855228786650166,0.1427614393325083,0.33507381324596364,0.8495375396860273,0.04955093458094706,0.6205966919109802,0.21400554023152846,0.3216343425930141,0.6532237239772191,0.007036342473566647,0.04097021540537043,-0.12221109386722753,0.032571280623209076,0.15478237449043664,0.315384118617829,0.3320753247940662,0.016691206176237205,-0.09123165978817291,0.47442283362922055,0.5656544934173935,-0.030126112854559142,0.45813719331761604,0.48826330617217517,0.28538619262041354,0.2684787062639218,0.30324912328359266,0.5981201593354291,0.40187984066457094,0.6900018913580995,0.6873350516934298,0.644363488038017,0.6886684715257647,-0.6900018913580995,-0.6873350516934298,-0.6886684715257647,0.04563840332008251,0.04297156365541277,-7.103616237640381,1.140899658203125,-5.962716579437256,1475.869140625,159.255859375,1635.125,,,,,,,,,,,,,,,,,,,,,,,,,,,,,,,,,,,,HC,Placebo,0,Male,1,28,0.0
N233,phase2_extinction,phase2_ext_schaefer_tian,24,41570,1.411596948218635,1.5620915995245852,1.5224128201015859,1.3296383987356517,1.1586537841329305,1.1655565075434242,-0.411596948218635,0.1504946513059502,-0.039678779422999355,0.1306552615944505,-0.16753325289747423,1.106613038820845,1.078503896765827,0.11081587188295083,0.11081587188295083,0.11081587188295083,0.5375528128878433,0.8208935058663078,0.3584463187541511,0.3584463187541511,0.17922315937707556,0.3584463187541511,0.8370228152629651,0.07510562577568658,0.6417870117326157,0.25940145844698526,0.30804709052299295,0.8690080296667798,-0.04013891406805109,0.03192136269692828,-0.15364154701586233,0.1294859367559834,0.28312748377184577,-0.30983473723787647,0.44273610861002965,0.7525708458479061,-0.04607389188599759,0.5527990036500287,0.5988728955360263,0.030746881621933578,0.48805603527203695,0.4573091536501034,0.24842592943096803,0.28529788593620214,0.49740851747749176,0.39784730052368106,0.6021526994763189,0.7577431032769997,0.6796560318211955,0.7026507381319291,0.7186995675490976,-0.7577431032769997,-0.6796560318211955,-0.7186995675490976,0.05509236514507054,-0.022994706310733637,-3.287875175476074,7.562304496765137,4.2744293212890625,-276.41796875,-837.3359375,-1113.75390625,,,,,,,,,,,,,,,,,,,,,,,,,,,,,,,,,,,,HC,Oxytocin,1,Male,1,19,1.0
N234,phase2_extinction,phase2_ext_schaefer_tian,24,41570,1.2960345427660445,1.5405706554859022,1.6435617015904698,1.1075558407958397,1.250010073460817,1.2767320219489164,-0.29603454276604446,0.24453611271985776,0.10299104610456755,0.29603163577214153,0.15581520690902706,1.1886802340245943,1.268146515139369,0.3475271588244253,0.3475271588244253,0.3475271588244253,0.5608311983153692,0.8380189962993505,0.3988501946147197,0.3988501946147197,0.19942509730735986,0.3988501946147197,0.8141620282544548,0.12166239663073841,0.676037992598701,0.3298512506416877,0.3847507279722284,0.9930020627829842,-0.047962095804722514,-0.007678496250419555,-0.1594858140651298,-0.13144862790925205,0.02803718615587769,-0.3552527595017734,0.2841046655519346,0.639357425053708,0.0009363836438256168,0.5132988966523588,0.5123625130085332,0.08067929067639051,0.5790232106069849,0.4983439199305944,0.25496666134312596,0.31959700647725386,0.4739347496114505,0.3840797182321063,0.6159202817678937,0.7019099486103708,0.6485141529582209,0.6621237953582829,0.6752120507842958,-0.7019099486103708,-0.6485141529582209,-0.6752120507842958,0.0397861532520879,-0.013609642400062016,-0.9272575378417969,-2.3326187133789062,-3.259876251220703,1374.18359375,1797.671875,3171.85546875,,,,,,,,,,,,,,,,,,,,,,,,,,,,,,,,,,,,HC,Placebo,0,Male,1,18,0.0
N235,phase2_extinction,phase2_ext_schaefer_tian,24,41570,1.5075315339958293,1.3977575182251283,1.5886658417972939,1.2432465691319778,1.1545076601616961,1.3250692900097265,-0.5075315339958293,-0.109774015770701,0.19090832357216558,-0.014319853984618325,-0.0034580940462665133,0.9271829327831268,1.053819303565889,0.08113430780146458,0.08113430780146458,0.08113430780146458,0.4725840215056658,0.8304283135511082,0.30301233505677405,0.30301233505677405,0.15150616752838703,0.35784429204544244,0.8272770947189406,0.054831956988668384,0.6608566271022165,0.2078017741284604,0.32291902403887485,0.6724235463488323,0.027654083004387136,-0.008997589188028003,0.07902046133242258,-0.01403279016449338,-0.09305325149691596,0.06551397494580424,-0.11578548796125432,-0.18129946290705856,-0.002068246533161955,0.4501656303740474,0.45223387690720934,-0.04157847719937324,0.45718202545629405,0.4987605026556673,0.3276226329114059,0.10464229826543042,0.37007844597225126,0.5493254524648127,0.4506745475351873,0.7194834207683445,0.7129663591259778,0.6997044840418464,0.7162248899471612,-0.7194834207683445,-0.7129663591259778,-0.7162248899471612,0.01977893672649811,0.013261875084131458,4.7593183517456055,7.067822456359863,11.827140808105469,-380.326171875,-309.54296875,-689.869140625,,,,,,,,,,,,,,,,,,,,,,,,,,,,,,,,,,,,HC,Placebo,0,Male,1,19,0.0
N236,phase2_extinction,phase2_ext_schaefer_tian,24,41570,1.4780597306195131,1.3581529762693538,1.6488431405884176,1.229884323613228,1.25716340444187,1.2890414590484283,-0.4780597306195131,-0.1199067543501593,0.2906901643190638,0.025438327809372607,0.043218108131921174,0.9188755629729137,1.1155456679290396,0.1707834099689045,0.1707834099689045,0.1707834099689045,0.470059175992686,0.838734636265398,0.308793812258084,0.308793812258084,0.154396906129042,0.36867546027271203,0.8173699832458641,0.05988164801462803,0.677469272530796,0.2649255075431411,0.3710321376061086,0.6871138829474741,0.0041060576066070465,-0.07002743095725279,-0.1952532012418472,-0.2174660043865101,-0.022212803144662896,0.2849429611360248,-0.7207157322494342,-1.005658693385459,-0.12299357019880905,0.4464849824709126,0.5694785526697217,-0.02536696957788545,0.5552179846641676,0.5805849542420531,0.38065972842048174,0.20136255543852338,0.41315511421239287,0.5869190903207917,0.4130809096792083,0.7107473178824872,0.6641430589142903,0.6758843752533243,0.6874451883983888,-0.7107473178824872,-0.6641430589142903,-0.6874451883983888,0.034862942629162896,-0.01174131633903408,-14.761552810668945,9.344979286193848,-5.416573524475098,-366.08984375,-798.63671875,-1164.7265625,,,,,,,,,,,,,,,,,,,,,,,,,,,,,,,,,,,,HC,Placebo,0,Female,0,20,1.0
N237,phase2_extinction,phase2_ext_schaefer_tian,24,41570,0.7228828087665082,1.7996189531146451,1.7985776764994663,0.811864489938483,1.238422705163245,1.283499427640279,0.27711719123349177,1.076736144348137,-0.0010412766151788322,1.0762155060405476,0.44909657646327883,2.4895030098867568,2.4880625598052957,1.075694867732958,1.075694867732958,1.075694867732958,0.7458758321899078,0.8579757083850004,0.6038515405749082,0.6038515405749082,0.3019257702874541,0.6038515405749082,0.7036326869878962,0.49175166437981566,0.7159514167700007,0.2510251015505427,0.4165739958619045,0.5086435079346578,-0.05668910816950419,-0.15003764863084515,-0.18149683014664092,-0.6652713959298016,-0.4837745657831606,-0.25456898375311376,-0.32848833771175057,-0.0739193539586368,0.3471514336545766,-0.2684853435917125,-0.6156367772462891,0.43789984872789706,0.06415035437318828,-0.37374949435470883,0.22011943131060255,0.7935928688449864,0.619869288341425,0.11276028023459952,0.8872397197654005,0.5830385223625751,0.9759499698389698,0.5662532288883144,0.7794942461007724,-0.5830385223625751,-0.9759499698389698,-0.7794942461007724,0.01678529347426072,0.40969674095065534,-5.262169361114502,16.295613288879395,11.033443927764893,140.29296875,3572.51953125,3712.8125,,,,,,,,,,,,,,,,,,,,,,,,,,,,,,,,,,,,HC,Placebo,0,Female,0,22,0.0
N238,phase2_extinction,phase2_ext_schaefer_tian,24,41570,1.5428403134539663,1.372179712876292,1.577468544588068,1.3117064433091488,1.052246025779303,1.0935872910931588,-0.5428403134539663,-0.1706606005776743,0.20528883171177603,-0.06801618472178639,-0.2387897848729179,0.8893854354314417,1.022444462079251,0.03462823113410174,0.03462823113410174,0.03462823113410174,0.45743810116528916,0.8288457033283727,0.28628380449366186,0.28628380449366186,0.14314190224683093,0.37140760216308355,0.8275526312302532,0.08512379766942169,0.6576914066567454,0.2147112982248568,0.2985670808666258,0.7047470289869643,-0.011602795773704282,0.023924520025609915,-0.01779025706105708,0.05564742456592153,0.07343768162697861,-0.2057440154780279,0.08773304836273932,0.2934770638407672,-0.05449684200794852,0.5028480222100943,0.5573448642180429,-0.04560171347741998,0.4750243099271336,0.5206260234045536,0.22991754864806285,0.24616383574537046,0.38608482420767404,0.6013854688204486,0.39861453117955137,0.7290219469465163,0.6980282111101249,0.7391263197153937,0.7135250790283206,-0.7290219469465163,-0.6980282111101249,-0.7135250790283206,-0.010104372768877323,-0.041098108605268746,4.374751806259155,0.8908283710479736,5.265580177307129,6.55859375,270.60546875,277.1640625,,,,,,,,,,,,,,,,,,,,,,,,,,,,,,,,,,,,HC,Oxytocin,1,Female,0,45,1.0
N240,phase2_extinction,phase2_ext_schaefer_tian,24,41570,1.270283379960666,1.59956912158182,1.608482038582117,1.0882235330072563,1.2639768140695995,1.354611175027916,-0.2702833799606661,0.32928574162115387,0.00891291700029706,0.3337422001213024,0.22107046154150156,1.2592222603425132,1.266238739555528,0.33819865862145093,0.33819865862145093,0.33819865862145093,0.5815855766335363,0.83320053077206,0.4147861074055963,0.4147861074055963,0.20739305370279815,0.4147861074055963,0.8155193953082707,0.16317115326707254,0.66640106154412,0.3600269610362856,0.5162996045933135,0.7295954803370774,0.005828494911075905,0.04367310690828542,-0.19772390557793468,0.10999009234719082,0.3077139979251253,0.22894658341683805,0.23260194072872775,0.0036553573118897065,-0.08241351916061915,0.7586005346178184,0.8410140537784374,0.01644843362834819,0.703605488444223,0.6871570548158747,0.6195555491826704,0.30079544627706933,0.5221739291765174,0.3166782137790642,0.6833217862209358,0.7436343498977082,0.5605793290160677,0.6733582118929267,0.6521068394568879,-0.7436343498977082,-0.5605793290160677,-0.6521068394568879,0.0702761380047815,-0.112778882876859,-2.9473037719726562,-20.23455047607422,-23.181854248046875,-560.177734375,8792.25390625,8232.076171875,,,,,,,,,,,,,,,,,,,,,,,,,,,,,,,,,,,,HC,Placebo,0,Male,1,19,0.0
N241,phase2_extinction,phase2_ext_schaefer_tian,24,41570,1.52732549338543,1.336244237119483,1.622881399606301,1.2924161364793276,1.1099750502216912,1.2598885869532372,-0.5273254933854301,-0.19108125626594719,0.28663716248681803,-0.04776267502253817,-0.10748431789186341,0.8748915893551169,1.0625641986656178,0.09555590622087085,0.09555590622087085,0.09555590622087085,0.4523745065142709,0.8351921267797052,0.28756663329397614,0.28756663329397614,0.14378331664698807,0.3828176202654343,0.8195669499835185,0.09525098697145817,0.6703842535594104,0.2378366612435154,0.33919910748959287,0.6885796964714378,-0.011633282882679655,0.012962061132424844,-0.003094457440777354,0.10867444261695824,0.11176890005773554,-0.1817911711983453,-0.15226005984844404,0.029531111349901273,-0.05809198179639158,0.5865552968715129,0.6446472786679044,-0.0565447530760029,0.5322180755630337,0.5887628286390366,0.30529259252909574,0.2548858016168248,0.18133614291927813,0.5559373161523002,0.44406268384769976,0.7190067000161945,0.6747020300693907,0.6590608236039559,0.6968543650427925,-0.7190067000161945,-0.6747020300693907,-0.6968543650427925,0.059945876412238586,0.015641206465434765,-2.2559099197387695,13.605953454971313,11.350043535232544,471.341796875,336.173828125,807.515625,,,,,,,,,,,,,,,,,,,,,,,,,,,,,,,,,,,,HC,Oxytocin,1,Female,0,28,1.0
N242,phase2_extinction,phase2_ext_schaefer_tian,24,41570,1.5620712903676424,1.4986463149072082,1.4366503705730005,1.221621017078323,1.2510234417062063,1.2108508888115614,-0.5620712903676424,-0.06342497546043413,-0.06199594433420774,-0.094422947627538,0.009316148180560813,0.9593968691150611,0.9197085755527784,-0.12542091979464187,-0.12542091979464187,-0.12542091979464187,0.48414906944320557,0.8079354061317509,0.2920844755749564,0.2920844755749564,0.1460422377874782,0.3237863366885453,0.8525227123624047,0.03170186111358886,0.6158708122635017,0.20500734543880245,0.27991841950266105,0.7173532021753415,0.0230288804269798,-0.007573748402036721,0.17080459045482557,0.05168479633338585,-0.1191197941214398,0.03821050341206167,0.026959892048406653,-0.011250611363655016,0.06876944022678075,0.4524899440449298,0.38372050381814904,-0.016632855000632038,0.4266475458782369,0.44328040087886894,0.23900780940038682,0.27099038807060216,0.3717853440467256,0.5576434050747268,0.44235659492527324,0.6914403421704265,0.7009978639813825,0.6964516452445845,0.6962191030759045,-0.6914403421704265,-0.7009978639813825,-0.6962191030759045,-0.00501130307415798,0.004546218736798058,8.306600093841553,-7.773796558380127,0.5328035354614258,-1262.384765625,265.21875,-997.166015625,,,,,,,,,,,,,,,,,,,,,,,,,,,,,,,,,,,,HC,Placebo,0,Female,0,19,0.0
N243,phase2_extinction,phase2_ext_schaefer_tian,24,41570,1.5730071530396872,1.4664419116615428,1.457660225677457,1.206376633545509,1.1486520350532379,1.1763006265678286,-0.5730071530396872,-0.10656524137814438,-0.008781685984085907,-0.11095608437018734,-0.043900302734975805,0.9322538041262208,0.9266710666852062,-0.11534692736223029,-0.11534692736223029,-0.11534692736223029,0.47338387295184614,0.8111745515259651,0.2845584244778112,0.2845584244778112,0.1422792122389056,0.33779067857411893,0.8484814416592423,0.05323225409630772,0.6223491030519301,0.18760970475433367,0.26914183747758186,0.7053634300690295,0.031869386981517596,0.002143147511656827,0.21498595598628328,0.03955359100852962,-0.17543236497775372,0.03607991597476512,-0.11718873368026628,-0.1532686496550314,0.06695946116009627,0.4355297218459775,0.3685702606858813,-0.040533516833045374,0.4157529263417127,0.45628644317475814,0.12152711693661258,0.20788131341165392,0.20528492460691905,0.6204170810948724,0.37958291890512763,0.653172164066102,0.7189805982372623,0.7053581814125123,0.6860763811516821,-0.653172164066102,-0.7189805982372623,-0.6860763811516821,-0.05218601734641026,0.013622416824750072,23.58642864227295,-19.57186794281006,4.014560699462891,-550.341796875,515.59375,-34.748046875,,,,,,,,,,,,,,,,,,,,,,,,,,,,,,,,,,,,HC,Oxytocin,1,Female,0,18,0.0
N244,phase2_extinction,phase2_ext_schaefer_tian,24,41570,1.2883951876913735,1.6780488143486603,1.5082410728184108,1.0912467104175467,1.1993973219249496,1.2394612029394485,-0.2883951876913735,0.38965362665728676,-0.16980774153024947,0.3047497558921619,0.12818255201465223,1.302433304125545,1.1706354350908563,0.2198458851270373,0.2198458851270373,0.2198458851270373,0.596199314186022,0.8188003876281095,0.4149997018141315,0.4149997018141315,0.20749985090706574,0.4149997018141315,0.8279124055135951,0.19239862837204402,0.6376007752562189,0.3477466839864788,0.38850724637915784,1.1525103682658966,0.03494533162736998,-0.024740106815135672,0.15845807621382038,-0.1259204079830355,-0.28437848419685596,0.14167571824011105,-0.03403503853756551,-0.17571075677767656,0.2001471891898747,0.5116150128984753,0.3114678237086006,0.12091815108296451,0.5745752168899931,0.4536570658070286,0.2918524342288114,0.3296370667088233,0.27234774237344533,0.08470907950161771,0.9152909204983823,0.6709907646618555,0.6198590988818768,0.6696985149323694,0.6454249317718661,-0.6709907646618555,-0.6198590988818768,-0.6454249317718661,0.0012922497294860502,-0.04983941605049258,-19.636261224746704,36.579519271850586,16.943258047103882,3553.078125,231.490234375,3784.568359375,,,,,,,,,,,,,,,,,,,,,,,,,,,,,,,,,,,,HC,Placebo,0,Female,0,25,0.0
N246,phase2_extinction,phase2_ext_schaefer_tian,24,41570,1.579016295137476,1.3612692871471812,1.551069970863894,1.2170043069635539,1.2525160331953402,1.2775350518598731,-0.579016295137476,-0.21774700799029478,0.18980068371671277,-0.12284666613193851,0.0480212355640528,0.8620995759943487,0.9823014276783235,-0.027946324273582013,-0.027946324273582013,-0.027946324273582013,0.4457773206496668,0.8250682151487584,0.2708455357984252,0.2708455357984252,0.1354227678992126,0.3792908944990916,0.8301815864341892,0.1084453587006664,0.6501364302975168,0.21057656565322147,0.2972112451318619,0.6375654663928711,0.01407976169847283,-0.036914049997272734,0.013712910338880113,-0.16866121544313162,-0.18237412578201162,0.11343735218198803,-0.06761684959174386,-0.18105420177373188,-0.046319736324546,0.3899987150788632,0.4363184514034092,-0.05317619149398606,0.474329322800429,0.5275055142944151,0.2421725906287902,0.34372345603246346,0.32424578785508307,0.6480094941524361,0.35199050584756386,0.702000758976554,0.6931160542211818,0.6764786826839255,0.6975584065988679,-0.702000758976554,-0.6931160542211818,-0.6975584065988679,0.02552207629262848,0.016637371537256307,11.46528959274292,0.007494926452636719,11.472784519195557,178.083984375,45.703125,223.787109375,,,,,,,,,,,,,,,,,,,,,,,,,,,,,,,,,,,,HC,Oxytocin,1,Female,0,18,1.0
N247,phase2_extinction,phase2_ext_schaefer_tian,24,41570,1.3693326364246632,1.554563102937582,1.568488727079442,1.1758865470336517,1.2793125104454188,1.2531676202069182,-0.3693326364246632,0.18523046651291875,0.01392562414186016,0.19219327858384894,0.09035351829251681,1.135270605719185,1.1454402487041968,0.1991560906547789,0.1991560906547789,0.1991560906547789,0.5461756668827824,0.8275680576265425,0.37374372450932497,0.37374372450932497,0.18687186225466246,0.3737437245093249,0.8285384648203364,0.09235133376556481,0.655136115253085,0.2134058722396934,0.2705325413205163,0.7869112585332494,-0.010456107168832855,-0.03060292633963302,-0.108215813900854,-0.12886406549226298,-0.020648251591408928,-0.2365506816068521,0.1315904178292685,0.3681410994361206,-0.0023079647693780014,0.31057976955220634,0.31288773432158434,0.051799942181049,0.37501180229833786,0.3232118601172888,0.36357687029117064,0.3608968931135953,0.5600207182887202,0.36889102551482145,0.6311089744851786,0.7204033049920004,0.7556712779542627,0.7009442511412087,0.7380372914731316,-0.7204033049920004,-0.7556712779542627,-0.7380372914731316,0.01945905385079172,0.05472702681305397,10.660003662109375,-15.273391723632812,-4.6133880615234375,-1546.9453125,2965.07421875,1418.12890625,,,,,,,,,,,,,,,,,,,,,,,,,,,,,,,,,,,,HC,Placebo,0,Female,0,21,0.0
N248,phase2_extinction,phase2_ext_schaefer_tian,24,41570,1.6610642874965675,1.412868827249555,1.4104599290580404,1.3532133709895362,1.2478347526296643,1.295800398712718,-0.6610642874965675,-0.24819546024701244,-0.0024088981915146856,-0.2493999093427699,-0.08139579531834507,0.8505804557830338,0.84913024208863,-0.25060435843852713,-0.25060435843852713,-0.25060435843852713,0.43826770757069944,0.8038384763856098,0.24210618395630923,0.24210618395630923,0.12105309197815461,0.36557076881491035,0.8515802110687711,0.12346458485860112,0.6076769527712196,0.15394438362029564,0.26209143514634237,0.5592965203739583,0.0033490958931638596,-0.020291491003518618,0.11490688020470413,-0.036123572209729504,-0.15103045241443358,-0.2051820692030406,-0.20086355911722953,0.004318510085811078,-0.017918676752161855,0.3651990979902404,0.3831177747424024,-0.07537211685451392,0.38326088409510517,0.4586330009496191,0.2650371117892228,0.1844141435231678,0.4011938684865498,0.7648526125780633,0.23514738742193675,0.6936923693998451,0.7315807114560327,0.7476787561183585,0.7126365404279389,-0.6936923693998451,-0.7315807114560327,-0.7126365404279389,-0.05398638671851341,-0.016098044662325894,-18.716947555541992,8.906530380249023,-9.810417175292969,-860.396484375,309.26953125,-551.126953125,,,,,,,,,,,,,,,,,,,,,,,,,,,,,,,,,,,,HC,Oxytocin,1,Female,0,26,0.0
N249,phase2_extinction,phase2_ext_schaefer_tian,24,41570,1.5823596661380828,1.3910838911732097,1.5204338857292152,1.2212847109956235,1.0844334176502075,1.117320888958482,-0.5823596661380828,-0.19127577496487302,0.1293499945560055,-0.12660077768687028,-0.12040755769127864,0.8791199069027708,0.9608649086913008,-0.06192578040886754,-0.06192578040886754,-0.06192578040886754,0.45232631849101435,0.8206023635858448,0.27292868207685916,0.27292868207685916,0.13646434103842958,0.3682760450948305,0.836094847384776,0.09534736301797131,0.6412047271716896,0.20098978287775032,0.2860606090010269,0.6738796033420145,-0.046911686863114435,0.003954671412764427,-0.20627609778727607,0.016514177660758855,0.22279027544803487,-0.11356845376050972,0.19451926279753262,0.30808771655804235,-0.1483106079361639,0.455409213628406,0.6037198215645698,-0.04517255904252587,0.4471521247980266,0.4923246838405524,0.21019481613496166,0.2503100650306878,0.24991171932856535,0.7033274698902351,0.2966725301097649,0.692720248985673,0.7091526062725226,0.7050633213870579,0.7009364276290978,-0.692720248985673,-0.7091526062725226,-0.7009364276290978,-0.01234307240138488,0.004089284885464783,19.73252534866333,-2.801176071166992,16.931349277496338,3055.21875,-1802.90625,1252.3125,,,,,,,,,,,,,,,,,,,,,,,,,,,,,,,,,,,,HC,Placebo,0,Female,0,20,0.0
N250,phase2_extinction,phase2_ext_schaefer_tian,24,41570,1.527670247659429,1.3437764811895176,1.616276021539877,1.3311323858701885,1.0658677557017067,1.1553081544252324,-0.527670247659429,-0.1838937664699114,0.2724995403503594,-0.047643996294731705,-0.22054443080671904,0.8796246928629361,1.0580005818901015,0.08860577388044799,0.08860577388044799,0.08860577388044799,0.4541556784288433,0.8342809071457417,0.28843658557458496,0.28843658557458496,0.14421829278729248,0.38012522871689836,0.8208723989021558,0.0916886431423134,0.6685618142914833,0.2060838732285853,0.3277219966580826,0.6195919816667804,-0.009277946794854783,0.03940909887774191,-0.024664785243191822,0.1465329382355432,0.17119772347873496,-0.11365733024915847,0.20614554776083405,0.3198028780099925,-0.07096454517421705,0.5440663681275634,0.6150309133017804,-0.058632152552621136,0.4707998990097918,0.5294320515624129,0.3394729962127894,0.22854383877399193,0.36793111395440653,0.5934714218077067,0.40652857819229327,0.6955385512926194,0.711644940175053,0.6955972621118255,0.7035917457338362,-0.6955385512926194,-0.711644940175053,-0.7035917457338362,-5.87108192060537e-05,0.01604767806322749,6.95655632019043,-5.803844451904297,1.1527118682861328,-676.62109375,1628.15234375,951.53125,,,,,,,,,,,,,,,,,,,,,,,,,,,,,,,,,,,,HC,Oxytocin,1,Female,0,19,1.0
N251,phase2_extinction,phase2_ext_schaefer_tian,24,41570,1.414640727511977,1.4304761831857802,1.6428614473244811,1.2088837443360005,1.1702095100544911,1.2477208747552027,-0.414640727511977,0.015835455673803178,0.21238526413870096,0.12202808774315366,8.1448068846246e-05,1.0111939697860348,1.1613276811283486,0.22822071981250414,0.22822071981250414,0.22822071981250414,0.5039587811929191,0.8379239190729612,0.34188270026588025,0.34188270026588025,0.17094135013294015,0.3418827002658803,0.819603963203995,0.007917562385838295,0.6758478381459223,0.32587351346967197,0.4334168209565932,0.795982528582095,-0.009407832983978187,-0.03743224828219667,0.06607704786805774,-0.1412051299368111,-0.2072821778048688,0.044291713641956276,-0.1472192316103983,-0.19151094525235457,0.02955281302461285,0.5846301728803545,0.5550773598557416,-0.0034857109094160177,0.6552327378487599,0.658718448758176,0.39601797886173534,0.19810614932576223,0.38637211244601416,0.5471971198509541,0.4528028801490459,0.6862729375217564,0.6018296435327326,0.7489475368794137,0.6440512905272445,-0.6862729375217564,-0.6018296435327326,-0.6440512905272445,-0.06267459935765729,-0.14711789334668113,20.35349464416504,-11.354642868041992,8.998851776123047,-3475.54296875,2496.580078125,-978.962890625,,,,,,,,,,,,,,,,,,,,,,,,,,,,,,,,,,,,HC,Oxytocin,1,Female,0,19,1.0
N252,phase2_extinction,phase2_ext_schaefer_tian,24,41570,1.4618696234530497,1.5047258908712524,1.5325664647889088,1.263805977172648,1.2553940853344576,1.3238423059093836,-0.4618696234530497,0.0428562674182027,0.027840573917656375,0.056776554377030886,0.025812218449272617,1.029316059679667,1.0483605580949567,0.07069684133585907,0.07069684133585907,0.07069684133585907,0.5107124273144815,0.822381508366458,0.3330939356809395,0.3330939356809395,0.16654696784046974,0.3330939356809395,0.837254119077194,0.02142485462896304,0.6447630167329159,0.22736893763252827,0.30421477585333756,0.699037602400015,0.017370873418101868,-0.03220363340080943,0.1735401991706744,-0.14162893207054272,-0.31516913124121715,-0.03095385219273239,-0.14315784669367115,-0.11220399450093876,0.09341607134433191,0.37727743747079046,0.2838613661264585,0.006645971758994715,0.4480919035060618,0.4414459317470671,0.2033340798480006,0.5036908187442993,0.6095955265850573,0.484051461150225,0.515948538849775,0.7155004797259581,0.7043822065976904,0.7091172735409939,0.7099413431618242,-0.7155004797259581,-0.7043822065976904,-0.7099413431618242,0.006383206184964241,-0.004735066943303501,7.490741729736328,-0.5557289123535156,6.9350128173828125,-1980.373046875,-621.927734375,-2602.30078125,,,,,,,,,,,,,,,,,,,,,,,,,,,,,,,,,,,,HC,Placebo,0,Female,0,30,0.0
N253,phase2_extinction,phase2_ext_schaefer_tian,24,41570,1.6055167642792836,1.6144482904060302,1.255818996733205,1.1303988524542552,1.192951574358422,1.1238026492826372,-0.6055167642792836,0.008931526126746636,-0.35862929367282526,-0.170383120709666,0.027978259366274294,1.0055630163881384,0.7821898947751214,-0.3496977675460786,-0.3496977675460786,-0.3496977675460786,0.5022328666883233,0.7783055317698782,0.2805383984582015,0.2805383984582015,0.14026919922910075,0.2805383984582015,0.881617559466173,0.004465733376646686,0.5566110635397563,0.19622324430914526,0.23744292854444948,0.8252142416779138,0.004640302926603176,-0.0008451989590701917,0.06394573839741291,-0.03712628619173619,-0.10107202458914916,0.03486633460915933,0.19010462330083355,0.15523828869167422,0.02558404838356415,0.3802721663375647,0.3546881179540005,-0.006388820815142304,0.3988353094334328,0.4052241302485751,0.16669225766465942,0.19696127271098332,0.3061187709852431,0.5916848070645376,0.40831519293546237,0.7375935563900055,0.6844784299413631,0.6951730828239137,0.7110359931656842,-0.7375935563900055,-0.6844784299413631,-0.7110359931656842,0.0424204735660918,-0.01069465288255056,26.38615894317627,-9.83137321472168,16.55478572845459,4995.162109375,-4242.001953125,753.16015625,,,,,,,,,,,,,,,,,,,,,,,,,,,,,,,,,,,,HC,Oxytocin,1,Male,1,26,0.0
N254,phase2_extinction,phase2_ext_schaefer_tian,24,41570,1.2058739296725796,1.5642357359633063,1.6917664378317867,1.0543809204306291,1.212681655428841,1.36022905560323,-0.20587392967257956,0.3583618062907268,0.12753070186848037,0.42212715722496696,0.23207443508540626,1.297180148356162,1.4029380536170617,0.48589250815920715,0.48589250815920715,0.48589250815920715,0.5886438157926926,0.8444563224076816,0.4331001382003743,0.4331001382003743,0.21655006910018715,0.4331001382003743,0.8003741622850025,0.1772876315853853,0.6889126448153633,0.32291504048179887,0.39500211277230257,0.9724866062995859,0.04774110335552234,0.0276804708864778,0.015249913491749784,0.036811967922351974,0.021562054430602107,0.41084999886060036,0.6037425918271871,0.19289259296658678,0.10634810963042518,0.5655129120402235,0.4591648024097983,0.09872315288455029,0.5471069280790475,0.44838377519449724,0.35261310260049644,0.3987330766265656,0.5150202890381254,0.324902731447495,0.675097268552505,0.721154205346558,0.6790433219936357,0.7003433104929495,0.7000987636700968,-0.721154205346558,-0.6790433219936357,-0.7000987636700968,0.02081089485360854,-0.021299988499313804,4.389135360717773,20.290862321853638,24.67999768257141,667.193359375,322.001953125,989.1953125,,,,,,,,,,,,,,,,,,,,,,,,,,,,,,,,,,,,HC,Oxytocin,1,Female,0,37,1.0
N255,phase2_extinction,phase2_ext_schaefer_tian,24,41570,1.4313722313297588,1.5320653324798215,1.5343555289575366,1.197914879687798,1.2756309664430354,1.214293228353891,-0.43137223132975877,0.10069310115006269,0.002290196477715112,0.10183819938892014,0.04704721771066511,1.0703472431856844,1.0719472438085744,0.1029832976277778,0.1029832976277778,0.1029832976277778,0.5251520272998829,0.82264268655419,0.3477947138540729,0.3477947138540729,0.17389735692703645,0.3477947138540729,0.8362177159052128,0.050304054599765724,0.6452853731083801,0.2529459901339137,0.364583817215836,0.7674397407391877,-0.03601228519176501,-0.013147977468102192,-0.18551219756460777,0.05354543349904489,0.23905763106365258,-0.002027364081960137,-0.23309435810756485,-0.2310669940256047,-0.08680699180116366,0.5267155900362097,0.6135225818373733,0.00594910698114022,0.4999428732866873,0.49399376630554703,0.26148333366489623,0.24611049013655367,0.3364940029082533,0.47548911123199866,0.5245108887680013,0.728556046456051,0.6742683634228888,0.6911660418050509,0.7014122049394699,-0.728556046456051,-0.6742683634228888,-0.7014122049394699,0.037390004651000064,-0.016897678382162162,9.522143363952637,3.573878288269043,13.09602165222168,-495.9765625,-785.16015625,-1281.13671875,,,,,,,,,,,,,,,,,,,,,,,,,,,,,,,,,,,,HC,Oxytocin,1,Female,0,29,1.0
N257,phase2_extinction,phase2_ext_schaefer_tian,24,41570,1.4018869970949441,1.6309139314121728,1.4568840056397527,1.1039106749246388,1.0421590584655653,1.239707564217652,-0.40188699709494413,0.22902693431722865,-0.17402992577242005,0.14201197143101862,0.0370226364169699,1.1633704593580827,1.0392306928207973,0.0549970085448086,0.0549970085448086,0.0549970085448086,0.5570077638668955,0.811055628874883,0.36806339274177857,0.36806339274177857,0.18403169637088929,0.36806339274177857,0.8449301631582862,0.11401552773379109,0.6221112577497661,0.25158390485250165,0.27794448096972824,0.9828973144931941,0.029639165928386918,-0.03402661836186836,0.16725014336631244,-0.02393332903836609,-0.19118347240467848,0.0920608754621266,-0.5002216256276498,-0.5922825010897764,0.15373547479370403,0.4210907420752725,0.26735526728156844,0.07011040311054781,0.4330574065944556,0.3629470034839077,0.1580146432023919,0.3341387622311638,0.43706481245884543,0.3099423155847453,0.6900576844152547,0.7092154042552263,0.7044726082298829,0.7286206160639687,0.7068440062425546,-0.7092154042552263,-0.7044726082298829,-0.7068440062425546,-0.01940521180874233,-0.024148007834085772,4.264885902404785,-10.591963768005371,-6.327077865600586,-410.716796875,730.716796875,320.0,,,,,,,,,,,,,,,,,,,,,,,,,,,,,,,,,,,,HC,Placebo,0,Female,0,18,0.0
N258,phase2_extinction,phase2_ext_schaefer_tian,24,41570,1.3154654969554334,1.5323985208503408,1.6353159978947478,1.224717935220872,1.2043198625031069,1.2653167792555529,-0.31546549695543336,0.21693302389490743,0.10291747704440701,0.26839176241711105,0.010100385658458055,1.1649096937531915,1.2431462392956159,0.31985050093931444,0.31985050093931444,0.31985050093931444,0.5540215676550336,0.8368965763843661,0.39091814403939973,0.39091814403939973,0.19545907201969986,0.39091814403939973,0.8166227625315359,0.10804313531006726,0.6737931527687322,0.2745301595478321,0.3469390902360302,0.9697850142049613,0.02766768386066249,-0.018647774839013028,0.0505497630037125,-0.12321225373203515,-0.17376201673574765,0.4726293167992709,0.06787619552179347,-0.4047531212774774,0.11632771720823218,0.3964013565232707,0.2800736393150385,0.09105283570637593,0.45800748338928826,0.3669546476829123,0.38315232030341684,0.17333180595953424,0.34311693082203976,0.39925532106444606,0.6007446789355539,0.7250809926710281,0.7319892977206064,0.6801754899861645,0.7285351451958173,-0.7250809926710281,-0.7319892977206064,-0.7285351451958173,0.044905502684863596,0.051813807734441886,-8.074560165405273,2.3692359924316406,-5.705324172973633,2760.31640625,-2679.7421875,80.57421875,,,,,,,,,,,,,,,,,,,,,,,,,,,,,,,,,,,,HC,Placebo,0,Female,0,19,1.0
N259,phase2_extinction,phase2_ext_schaefer_tian,24,41570,1.2267432324038319,1.4521010323918813,1.7662242294506714,1.157023724494148,1.189333559822344,1.4419845189288787,-0.22674323240383187,0.2253577999880494,0.3141231970587901,0.38241939851744444,0.15863531488146343,1.1837041217740525,1.4397668300904711,0.5394809970468395,0.5394809970468395,0.5394809970468395,0.5561022161530129,0.8539874884351593,0.4100897045881721,0.4100897045881721,0.2050448522940861,0.4100897045881722,0.7953350962902337,0.11220443230602584,0.7079749768703185,0.3794069844459329,0.4225179625783435,0.9991551481003742,0.0209590557487018,-0.04923043865287074,0.08597025683515622,-0.17854651534060273,-0.264516772175759,-0.13703415833788646,-0.4190543671227255,-0.282020208784839,0.10379030026391667,0.6087355393752258,0.5049452391113092,0.06080517184633856,0.6980087970455272,0.6372036251991886,0.23474567966418242,0.2529160669767678,0.3553064898101417,0.43440393189675686,0.5655960681032431,0.7431859206104428,0.6051479775885082,0.6545021565473822,0.6741669490994755,-0.7431859206104428,-0.6051479775885082,-0.6741669490994755,0.08868376406306056,-0.04935417895887395,-8.81283950805664,-5.879018783569336,-14.691858291625977,1127.4921875,2358.470703125,3485.962890625,,,,,,,,,,,,,,,,,,,,,,,,,,,,,,,,,,,,HC,Oxytocin,1,Female,0,23,1.0
N260,phase2_extinction,phase2_ext_schaefer_tian,24,41570,1.3637095466308657,1.4801840065934684,1.6424451663052257,1.1888752736914743,1.179454187505908,1.2172900056152,-0.36370954663086574,0.11647445996260264,0.16226115971175736,0.19760503981848143,0.009496822869079713,1.085410012268566,1.2043951428799802,0.27873561967436,0.27873561967436,0.27873561967436,0.5290857402669821,0.837867377066672,0.3669531173336541,0.3669531173336541,0.18347655866682705,0.3669531173336541,0.818472390417109,0.05817148053396415,0.675734754133344,0.2575405150897422,0.34072530544293556,0.7548411668432247,-0.06686468800835638,-0.030229203046587858,-0.2547176488791367,0.004706603457542091,0.2594242523366789,-0.2021025087116275,-0.6302440378236691,-0.4281415291120416,-0.09487625844341821,0.48495176591210515,0.5798280243555234,0.03248256599615017,0.4825984641833341,0.45011589818718395,0.28429484511309605,0.45095616738906347,0.5364271833245529,0.41225984712224295,0.587740152877757,0.6855626718020309,0.708873804832221,0.6678050542669216,0.6972182383171259,-0.6855626718020309,-0.708873804832221,-0.6972182383171259,0.017757617535109294,0.04106875056529935,-5.397834777832031,12.31263542175293,6.914800643920898,-1694.38671875,1349.47265625,-344.9140625,,,,,,,,,,,,,,,,,,,,,,,,,,,,,,,,,,,,HC,Placebo,0,Female,0,32,0.0
N101,phase3_reinstatement,phase3_reinst_roi,27,4837,0.052348909694654444,0.07534695490768406,0.03672986559643243,0.08036840505699988,0.10810104104713997,0.06379691770805768,0.9476510903053456,0.022998045213029616,-0.03861708931125163,0.003689500557403802,0.005580574320598941,1.4393220595033223,0.7016355984168106,-0.015619044098222012,-0.015619044098222012,-0.015619044098222012,0.5057492579021181,0.5091814342125616,0.014930692114679622,0.014930692114679622,0.007465346057339839,0.014930692114679678,0.9998306879541778,0.01149851580423622,0.018362868425123136,0.02544245612411771,0.027691993851368703,1.2492857685119292,0.001632817043565632,-0.006068915608242333,0.0056588059510813415,-0.030225426455642246,-0.03588423240672359,-0.0048659095320536805,-0.01873372989665467,-0.013867820364600991,0.022682084693998322,0.01591951730195665,-0.006762567392041674,0.01985268171845765,0.03103223052977777,0.01117954881132012,0.01798887334681866,0.026318227606534263,0.03331991429435515,0.1653670132945423,0.8346329867054577,0.1193002384819535,0.12654278304773026,0.12100410127110639,0.12292151076484187,-0.1193002384819535,-0.12654278304773026,-0.12292151076484187,-0.0017038627891528962,0.005538681776623866,-4.9852213859558105,2.5814828872680664,-2.403738498687744,903.515625,-199.0126953125,704.5029296875,1.9883553146697552,1.9753922920324865,1.9809307206398563,0.1275225738573057,0.1251870738986133,0.8795690291002985,-0.002335499958692394,0.15545603221255339,0.1545849900780628,-0.0008710421344905878,0.001996400090148685,-0.0011938268876308497,-0.003190226977779535,0.006013315316872242,-0.011275275250914762,-0.01728859056778699,-0.009515337418384083,0.01971032025248185,-0.005538428607369861,-1.944200855043424,-1.923043382337832,1.923043382337832,98.66472938100937,-0.022693041431742455,-0.23531234682824057,-0.21261930539649812,-0.006358746999961826,-0.0778130257370028,-0.07145427873704098,97.88934441060935,-0.2126193053964992,0.027140569561897376,0.11057779404759716,-0.15733040837270063,1.4824566233191354,SAD,Placebo,0,Female,0,21,0.0
N103,phase3_reinstatement,phase3_reinst_roi,27,4837,0.02591631214617418,0.02789652774024931,0.031028393772266516,0.05865582092320276,0.06254289844968347,0.06125934969288105,0.9740836878538258,0.00198021559407513,0.0031318660320172054,0.0035461486100837325,0.003245303148079498,1.076407662433979,1.1972529742939233,0.005112081626092335,0.005112081626092335,0.005112081626092335,0.5004950537367495,0.5077564761501817,0.00825152988693123,0.00825152988693123,0.004125764943465615,0.00825152988693123,0.9999128461956008,0.0009901074734990356,0.015512952300363425,0.014802743427694755,0.018224476451289086,0.7638023757597522,0.00045963652569418,-0.003211471886161688,0.001172190366949044,-0.007638625913961389,-0.008810816280910433,-0.005482975721905925,-0.042742105212791315,-0.03725912949088539,0.0019435376361576773,0.02442873144572566,0.022485193809567983,0.0013574424526831552,0.028248044402706354,0.0268906019500232,0.013128944883713536,0.028403289415495026,0.03094115694343442,0.46757577622993585,0.5324242237700642,0.10117601352012509,0.08729172310218412,0.07591111739179668,0.0942338683111546,-0.10117601352012509,-0.08729172310218412,-0.0942338683111546,0.025264896128328412,0.011380605710387445,7.183612823486328,-12.861082077026367,-5.677469253540039,344.5576171875,-788.0673828125,-443.509765625,1.9904656991528717,1.9913448118639347,1.9897734642533984,0.12288075920760705,0.1236029239086636,0.879792397531421,0.0007221647010565574,0.14619764131250257,0.143436780522599,-0.0027608607899035423,0.0015299878619889425,0.00042650762434368777,-0.0011034802376452546,0.014979313393152227,0.0033866486804748908,-0.011592664712677309,-0.008557193146242197,0.022039816259849764,0.0015713476105363444,-1.958745070481132,-1.9654284997177607,1.9654284997177607,108.46503968623885,0.26089010612037533,0.08547424742415904,-0.1754158586962163,0.09899630376282517,0.029503212984199972,-0.0694930907786252,103.11886785183363,-0.1754158586962165,0.12260506159462387,0.18063733495701007,-0.08509719121771146,0.7648558228886303,SAD,Oxytocin,1,Female,0,23,0.0
N104,phase3_reinstatement,phase3_reinst_roi,27,4837,0.006198301595821243,0.006281225809841917,0.005502773781577375,0.013379084442581735,0.013307409145985771,0.013287764302144678,0.9938016984041788,8.292421402067429e-05,-0.0007784520282645424,-0.0003063018001115969,-8.149771851651e-05,1.0133769031677229,0.8877859230709241,-0.0006955278142438681,-0.0006955278142438681,-0.0006955278142438681,0.5000207310534933,0.5013756899740122,0.001396421027505479,0.001396421027505479,0.0006982105137527395,0.001396421027505479,0.9999972690431094,4.1462106986633884e-05,0.002751379948024324,0.002722693186614937,0.0033325630075611776,0.881686494189175,-6.841934321040664e-06,-5.6029236385551116e-05,0.00034964264026224323,-0.0001532583027334944,-0.0005029009429957376,0.0008427303185728485,-0.00023210621837510548,-0.001074836536947954,0.00025657681342194927,0.005287001728572299,0.00503042491515035,8.175549329082765e-05,0.005363630879939046,0.005281875386648219,0.002745845473991342,0.0019488906816153197,0.002728127779775079,0.4907477878900356,0.5092522121099644,0.02363929534605501,0.024379039483949955,0.02720410240609003,0.02400916741500248,-0.02363929534605501,-0.024379039483949955,-0.02400916741500248,-0.003564807060035022,-0.002825062922140076,0.8412599563598633,1.934709072113037,2.7759690284729004,-446.32177734375,205.76171875,-240.56005859375,1.9980951655389285,1.9978344576486131,1.9980702744753398,0.1200838726140249,0.11998549807486909,0.8805969374657295,-9.837453915580163e-05,0.12515150701356975,0.1252150917040878,6.358469051801798e-05,0.0004113001428954683,0.00023874530349293882,-0.0001725548394025295,0.0018772374299233646,0.0018129626320039227,-6.427479791945925e-05,3.144729155828835e-05,0.002533851920016893,-0.0002358168267266869,-1.9925675006937624,-1.9916361560527918,1.9916361560527918,127.42237800510159,0.015094980680545345,-0.011799125969777063,-0.026894106650322408,0.010110213887933208,-0.008379243452358805,-0.01848945734029201,120.50952400061665,-0.02689410665032241,-0.007012362855770996,-0.005596986055900512,-0.029692599678272667,0.26046074606039815,SAD,Oxytocin,1,Male,1,33,0.0
N105,phase3_reinstatement,phase3_reinst_roi,27,4837,0.031376176947277123,0.037682229988099225,0.04572337411726046,0.06561622027222597,0.07219661559896112,0.0735997423339757,0.9686238230527229,0.006306053040822102,0.008041144129161237,0.01032662510540272,0.007281958694242446,1.2009818162869326,1.4572635672426222,0.014347197169983339,0.014347197169983339,0.014347197169983339,0.501576508035884,0.5114288524764492,0.013005360512333253,0.013005360512333253,0.006502680256166626,0.013005360512333253,0.9998079550333571,0.0031530160717681,0.022857704952898406,0.022803406707071865,0.030302001164065374,0.706340259325395,0.005254436794366303,-0.0013610648242323971,0.029436922465617965,-0.01593607639945524,-0.045372998865073205,0.022654693712847784,0.021435379756092332,-0.0012193139567554523,0.02011323483415306,0.03224400161307203,0.012130766778918972,0.005394773601344077,0.04021203981279965,0.034817266211455575,0.040105677648089394,0.04348559721623176,0.03570042302895416,0.41575295143252367,0.5842470485674763,0.09901844443913395,0.10695285957723295,0.11127424852653903,0.10298565200818345,-0.09901844443913395,-0.10695285957723295,-0.10298565200818345,-0.012255804087405078,-0.004321388949306074,-1.2962595224380493,-11.926840424537659,-13.223099946975708,101.1572265625,-341.791015625,-240.6337890625,1.9869811560890955,1.9896325356966367,1.9848783785860111,0.12365587346384029,0.12574071749261723,0.8794233921808603,0.0020848440287769415,0.14629862452360376,0.15060733588409292,0.004308711360489173,0.0003378950298508167,0.0011619845083606544,0.0008240894785098376,0.004732560768888783,0.0030418701753547883,-0.0016906905935340083,0.003463366063722169,0.023649082575666242,0.004754157110625545,-1.9391550044687507,-1.9582563587493595,1.9582563587493595,107.31594929255397,0.09459230805444674,0.07195987501214589,-0.02263243304230085,0.03154590012707072,0.01980897994248701,-0.011736920184583707,106.50459674182817,-0.022632433042300712,0.15644738254599044,0.5131690063320873,0.23395207012374294,0.9056767572093102,SAD,Oxytocin,1,Female,0,21,0.0
N106,phase3_reinstatement,phase3_reinst_roi,27,4837,0.07480645760592719,0.1137501849731879,0.10759196588490894,0.12254961199514719,0.1930255624911878,0.16712815796367497,0.9251935423940728,0.038943727367260705,-0.00615821908827896,0.035864617823121225,0.057527248232284195,1.5205929194840777,1.4382709052871256,0.032785508278981745,0.032785508278981745,0.032785508278981745,0.5097347015576037,0.5268720738076471,0.036606775365250865,0.036606775365250865,0.018303387682625405,0.03660677536525081,0.9988209909741081,0.019469403115207395,0.053744147615294224,0.056290184504032476,0.06869767453767286,0.8893481326878698,0.0021244355210806773,-0.011412639909801993,-0.002664554071829084,-0.02913884187931909,-0.026474287807490005,-0.012662527397559242,-0.06432566230763825,-0.05166313491007901,0.03116113583212851,0.06551753520036235,0.03435639936823384,0.03249341286804305,0.0800869561400219,0.047593543271978844,0.08834299043726465,0.09289001322803252,0.14814586231092164,0.29075609413650627,0.7092439058634937,0.1605503830261584,0.20852293366633623,0.16899894877219807,0.18453665834624733,-0.1605503830261584,-0.20852293366633623,-0.18453665834624733,-0.008448565746039666,0.039523984894138164,-6.4554595947265625,21.566393852233887,15.110934257507324,88.43798828125,-432.580078125,-344.14208984375,1.9715884922811522,1.9700394586650793,1.9579711469162973,0.13064895653287192,0.13582838295989133,0.8777816305724527,0.005179426427019407,0.16932068354843482,0.1880598482243842,0.018739164675949396,0.0009503847864211817,0.00042909928397650887,-0.0005212855024446728,0.0034566532737124733,0.009810580680752135,0.0063539274070396334,0.021916128379469213,0.049313561937234615,0.01206831174878209,-1.8503791810313883,-1.895233001059152,1.895233001059152,95.47141612151754,-0.12094503661160776,0.2606718009883662,0.38161683759997395,-0.028685504921149862,0.052189235095282095,0.08087474001643195,94.3568638319514,0.381616837599974,0.0571871997187199,0.34610535066391757,0.5546695129319328,1.210716202468973,SAD,Oxytocin,1,Female,0,22,0.0
N108,phase3_reinstatement,phase3_reinst_roi,27,4837,0.061252237517999686,0.046243336850661176,0.03361847229806669,0.10503088174095004,0.0992045304322669,0.05999189458378207,0.9387477624820003,-0.01500890066733851,-0.012624864552594484,-0.02132133294363575,-0.02543266923292556,0.7549655518692931,0.548852877409723,-0.027633765219932993,-0.027633765219932993,-0.027633765219932993,0.49624784526931864,0.5084038265878484,0.004651671857167083,0.004651671857167083,0.0023258359285835417,0.012155981318529796,0.9998777944619412,0.007504309461362713,0.01680765317569688,0.011118231840234187,0.02332919169308211,0.35482583837930454,0.0037971462078302265,-0.005312799242241461,0.030413501691155864,-0.032811452989657514,-0.06322495468081338,0.006059995910692395,-0.032829214306153376,-0.03888921021684577,0.008040368851800428,0.012997119179417121,0.0049567503276166935,-0.007166381993777504,0.029402845674245878,0.03656922766802338,0.03338973307836515,0.0305128672722381,0.05986929526086016,0.6820449673562611,0.3179550326437389,0.13339515031088744,0.09762062897869664,0.08469743447979679,0.11550788964479204,-0.13339515031088744,-0.09762062897869664,-0.11550788964479204,0.04869771583109066,0.012923194498899851,-5.350406646728516,20.39004898071289,15.039642333984375,324.892578125,-1304.7763671875,-979.8837890625,1.9838297685726782,1.9799515325739852,1.9888018848740305,0.12800668203320906,0.12398925887132269,0.8790888259323617,-0.0040174231618863715,0.1586422225765935,0.1462982123533973,-0.012344010223196193,-0.0011717469591158694,7.693545217255027e-06,0.001179440504333124,-0.03367366615523512,-0.004983064971104567,0.028690601184130568,0.002001290368869091,0.06391555913647513,-0.008850352300045383,-1.955183412575964,-1.9186992950559856,1.9186992950559856,95.48731092714415,-0.05378153323146684,0.17316108829885685,0.22694262153032368,-0.014225277479466603,0.06276995294761319,0.07699523042707979,94.81670602897778,0.22694262153032274,-0.18988780087570833,-0.6434775702369092,-0.09479616358813181,0.8406783296391305,SAD,Oxytocin,1,Male,1,22,1.0
N109,phase3_reinstatement,phase3_reinst_roi,27,4837,0.05362917110969789,0.05190225319560127,0.05748343052432103,0.08514905966565384,0.08047004232187799,0.08286451931653849,0.9463708288903021,-0.0017269179140966262,0.005581177328719766,0.001063670750263257,-0.003481778846445599,0.9677987267684692,1.0718685114124586,0.00385425941462314,0.00385425941462314,0.00385425941462314,0.4995682706287694,0.514366901749196,0.013935172377965377,0.013935172377965377,0.0069675861889826884,0.014798631120426564,0.9997019065010606,0.0008634587424611873,0.02873380349839194,0.024455225752454297,0.03469019015769669,0.5666932995762262,-0.000602887690084108,-0.003981828350836052,-0.0125744206526342,-0.016108399221832354,-0.003533978569198154,-0.010054302567538032,-0.05421716876781746,-0.04416286620027943,-0.007587763288522481,0.0421568048561978,0.04974456814472028,-0.0013005529622053813,0.050211004467113976,0.05151155742931936,0.046346738291755486,0.060580764752470734,0.06403324562635987,0.5607679291273461,0.4392320708726539,0.11462091999563828,0.10395730163492448,0.09372214637118258,0.10928911081528138,-0.11462091999563828,-0.10395730163492448,-0.10928911081528138,0.020898773624455705,0.010235155263741899,-23.46959400177002,-1.1889228820800781,-24.658516883850098,94.38671875,-283.7998046875,-189.4130859375,1.9809519377523708,1.9827187937529125,1.9814895206206173,0.12685137936643984,0.12741550084947856,0.8787826026473394,0.0005641214830387209,0.15420880021397848,0.15142920282735228,-0.002779597386626236,0.0012691530778718733,-0.002158865895057009,-0.003428018972928882,0.01891201827787839,-0.008491103695622337,-0.027403121973500692,-0.016481158373376582,0.048538442948223036,0.00122927313229515,-1.9240060900962963,-1.9290896226432146,1.9290896226432146,101.69617460661283,0.1312895150479758,0.09573533846187346,-0.035554176586102354,0.03515867789030597,0.02470955422138141,-0.010449123668924556,100.80979129204384,-0.03555417658610218,0.019613830371756166,-0.09699932857845002,-0.08405384087532719,1.1047545870771398,SAD,Oxytocin,1,Female,0,33,1.0
N110,phase3_reinstatement,phase3_reinst_roi,27,4837,0.001491514051397802,0.0023768248296167638,0.0013847803896713806,0.0037800175652878965,0.0034981481440459206,0.002499738266357132,0.9985084859486022,0.0008853107782189618,-0.0009920444399453832,0.0003892885582462702,-0.0007810743600863701,1.5935544769722554,0.928433160949443,-0.0001067336617264214,-0.0001067336617264214,-0.0001067336617264214,0.5002213276800989,0.5003461950420954,0.0005675227221942358,0.0005675227221942358,0.00028376136109714567,0.0005675227221942913,0.9999997564197547,0.000442655360197719,0.0006923900841908637,0.0011284895160936087,0.0011572398181167037,1.8061113307844807,-2.4901487742183076e-07,-7.656047193244351e-05,-0.000620182903103339,-0.00038784607096259416,0.00023233683214074485,0.0012463325974382267,4.151287666653847e-05,-0.0012048197207716882,0.0005689185564152488,0.001184045988739002,0.0006151274323237532,0.0008790100079669183,0.001377969024220299,0.0004989590162533808,0.0008639281327932031,0.000475958213881801,0.0008000926499975299,0.17755059221096764,0.8224494077890323,0.005045508815366487,0.0054141834590670235,0.004133254855902879,0.005229846137216755,-0.005045508815366487,-0.0054141834590670235,-0.005229846137216755,0.0009122539594636075,0.0012809286031641443,-0.12378120422363281,-15.137243270874023,-15.261024475097656,-854.478515625,1015.5498046875,161.0712890625,1.9996255789018238,1.9992924669174572,1.9993304004618881,0.11943400127568325,0.11941878753258851,0.8807577605589766,-1.5213743094738552e-05,0.12049811600851051,0.12056115919816068,6.304318965017972e-05,-7.123132417782048e-05,9.202414267975565e-06,8.043373844579604e-05,-0.0004492846472700929,0.00011957618528692093,0.0005688608325570277,0.00034747360592869356,0.0009862079963202498,-3.7933544430934774e-05,-1.9979456200722168,-1.9978009528660594,1.9978009528660594,127.28404914346878,0.06516067820297797,0.024036459124199536,-0.04112421907877843,0.08412910187938874,0.03224424129038021,-0.05188486058900853,127.2522535110328,-0.0411242190787786,-0.07873393382427817,-0.2810858470459149,-0.18166714260173605,0.3015591429527704,SAD,Placebo,0,Female,0,21,0.0
N111,phase3_reinstatement,phase3_reinst_roi,27,4837,0.03228165399781424,0.054381115418796866,0.043846452849478745,0.06679553682580297,0.08398716977653775,0.0759047271529657,0.9677183460021858,0.022099461420982625,-0.01053466256931812,0.016832130136323564,0.013150411638948756,1.6845821647384396,1.358246367115634,0.011564798851664504,0.011564798851664504,0.011564798851664504,0.5055246405105627,0.5109598573977042,0.016484497908266893,0.016484497908266893,0.008242248954133446,0.016484497908266893,0.9997826574599646,0.011049281021125346,0.02191971479540844,0.02949306374577819,0.03254435265726438,1.5578687203833381,0.0030351716315419634,0.000585876976687519,0.02116195050050193,-0.0020324324473887934,-0.023194382947890724,0.0005616039029160413,0.017300873466991162,0.01673926956407512,0.0300297832189359,0.038521103299177045,0.008491320080241144,0.019448807968684936,0.03953731952287144,0.020088511554186506,0.02770365686333232,0.011220840092336247,0.029242065768378896,0.24902420166274244,0.7509757983372576,0.11814591015588083,0.09894932964960305,0.11083425912790783,0.10854761990274195,-0.11814591015588083,-0.09894932964960305,-0.10854761990274195,0.007311651027973001,-0.011884929478304773,-8.066572666168213,21.061947345733643,12.99537467956543,409.1328125,163.5634765625,572.6962890625,1.9892041240549614,1.9854596256575183,1.9815119029481547,0.12420724599047918,0.12590455549485768,0.8796589122668389,0.0016973095043785053,0.15197415967973116,0.14861032531367957,-0.003363834366051574,0.004463325925995485,0.00100740800880593,-0.0034559179171895545,0.014531428682328484,0.003598695597739815,-0.01093273308458867,-0.008830200908345909,0.012856991470208884,0.00394772270936361,-1.937665450098676,-1.953177971659704,1.953177971659704,102.84355056231091,0.2860415143622537,0.3333453055617439,0.047303791199490186,0.09879553100384654,0.09883962201811385,4.409101426730566e-05,100.70077219239928,0.04730379119948991,-0.10089222870498378,-0.26820152417445886,-0.08679697088773952,0.6662636900579616,SAD,Placebo,0,Male,1,19,0.0
N112,phase3_reinstatement,phase3_reinst_roi,27,4837,0.044086862726913645,0.06099422255165887,0.057179242524321605,0.09047223112585501,0.08872637872010153,0.11863465127159278,0.9559131372730864,0.016907359824745227,-0.003814980027337267,0.014999869811076594,0.013208283869992149,1.3835007742434817,1.2969675322290546,0.01309237979740796,0.01309237979740796,0.01309237979740796,0.504226739269109,0.5142909172045073,0.01851765647361625,0.01851765647361625,0.009258828236808125,0.01851765647361625,0.9996795432857811,0.008453478538217984,0.028581834409014517,0.032582476056804484,0.04005002540528368,0.8839969612561327,0.00044833961339243983,-0.004378658446546309,0.012002364436000418,-0.03332469029298146,-0.04532705472898188,-0.01804123420886128,-0.023674062515813388,-0.005632828306952109,0.020200537085658693,0.03430325209945975,0.01410271501380106,0.014199354867658484,0.050965597245950484,0.036766242378292,0.048429315140760903,0.04537606365767047,0.08046746475349342,0.35058474432510506,0.6494152556748949,0.0996815193290795,0.09833250998396502,0.17447848209842565,0.09900701465652226,-0.0996815193290795,-0.09833250998396502,-0.09900701465652226,-0.07479696276934615,-0.07614597211446063,-6.2516093254089355,-0.512908935546875,-6.7645182609558105,-457.623046875,1611.53125,1153.908203125,1.9841031129304647,1.9824796538881522,1.9788263267649477,0.1258245314986547,0.12767800758952355,0.8791178771479439,0.0018534760908688608,0.14871093744571012,0.15021638144296914,0.0015054439972590483,-0.001449396719874518,-0.0018198196080254604,-0.00037042288815094225,-0.005658073875049158,-0.0109990950870677,-0.005341021212018529,-0.0011650666087502162,0.014258753095248823,0.0036533271232044306,-1.9216470842406261,-1.9383927911612386,1.9383927911612386,101.15474328354014,0.29983834516056596,-0.07394284340526389,-0.37378118856582987,0.08937225868291536,-0.01900329616095085,-0.10837555484386621,100.6024155839982,-0.37378118856583037,0.08648804889745446,0.12599355619486285,-0.31078441046839894,0.5838114905808596,SAD,Placebo,0,Male,1,22,1.0
N113,phase3_reinstatement,phase3_reinst_roi,27,4837,0.04700093664350369,0.05239140332493453,0.047225369926437555,0.0906491904789487,0.0958071237788119,0.08971431819322345,0.9529990633564963,0.005390466681430839,-0.005166033398496972,0.002807449982182353,0.0021115305070689705,1.1146882577135473,1.0047748672943992,0.00022443328293386688,0.00022443328293386688,0.00022443328293386688,0.501347613407211,0.511804148727126,0.013151762134336997,0.013151762134336997,0.006575881067168499,0.013151762134336997,0.9997963391592958,0.002695226814422025,0.02360829745425197,0.021573340146282413,0.028269511931756794,0.7234551946317485,-0.005404549299179271,0.005868180769213976,-0.027356884500735756,0.023959246133527734,0.05131613063426349,-0.05183428732052309,0.05463431690201448,0.10646860422253757,-0.009191974329024521,0.05063983543798534,0.05983180976700986,0.004486467921343357,0.03866021237122147,0.03417374444987811,0.027137757301184645,0.03912674608157174,0.06084697793709393,0.4496355560158623,0.5503644439841378,0.1423516056784719,0.16615136104558004,0.12397092218402948,0.154251483362026,-0.1423516056784719,-0.16615136104558004,-0.154251483362026,0.018380683494442426,0.042180438861550554,-10.586819171905518,5.9380574226379395,-4.648761749267578,-67.7578125,1021.224609375,953.466796875,1.9846537274430487,1.9829275050086776,1.9831397066777527,0.12609604846734898,0.1260973963464163,0.8791763785378319,1.347879067331581e-06,0.15976325608853398,0.16703536114615813,0.007272105057624132,-0.00033680972931264243,0.0029572792546378006,0.0032940889839504434,0.0001570585892116394,0.021880789473500944,0.021723730884289312,0.018133970499768788,0.024881784505353312,-0.00021220166907509608,-1.9359143367513152,-1.9359265683651738,1.9359265683651738,97.88723894099759,0.04363199822715463,-0.1324575936883435,-0.17608959191549814,0.013057498198746461,-0.039154546474186556,-0.052212044672933014,96.99490972959019,-0.1760895919154978,0.10259745158013842,0.36081881892393863,0.004319817546471538,1.5913638647009476,SAD,Oxytocin,1,Male,1,20,0.0
N114,phase3_reinstatement,phase3_reinst_roi,27,4837,0.036245151739940584,0.04314523563065953,0.04272087231308064,0.07722091032451456,0.07445383770969294,0.07503122765620363,0.9637548482600594,0.006900083890718944,-0.0004243633175788908,0.006687902231929499,-0.002478377641566276,1.1903722747942758,1.178664137840061,0.0064757205731400536,0.0064757205731400536,0.0064757205731400536,0.5017250141285252,0.5106785940265947,0.012403608155119816,0.012403608155119816,0.006201804077559936,0.012403608155119872,0.9998311805575837,0.0034500282570504304,0.021357188053189313,0.021235521705988136,0.026409347153896784,0.876691742197157,0.007770586267092296,0.0013987543354998283,0.029449011769454747,0.0063158153324183175,-0.02313319643703643,0.05714707726632129,0.00213892633568602,-0.05500815093063527,0.019744839310001067,0.04060861765291174,0.02086377834291067,0.005020333425273693,0.03745070998670258,0.032430376561428886,0.015577382550186628,0.021614893502690937,0.017379700559138286,0.38248871199485796,0.6175112880051421,0.12119160259346196,0.11284085630307035,0.11429020582538113,0.11701622944826615,-0.12119160259346196,-0.11284085630307035,-0.11701622944826615,0.006901396768080825,-0.0014493495223107805,4.97991943359375,-20.075592041015625,-15.095672607421875,834.3017578125,-1956.80859375,-1122.5068359375,1.9873174201081523,1.9869698637471616,1.9847276298428143,0.12447435722009735,0.1254275587536927,0.8794590443586741,0.0009532015335953353,0.15265840060877287,0.15157678421714604,-0.0010816163916268426,0.0019114684802136676,0.001872394844135331,-3.9073636078336666e-05,0.00504253914179259,0.008093407912609624,0.0030508687708170196,0.0004438179937816672,0.016781111008894147,0.0022422339043473016,-1.9420067575297337,-1.9507247120072209,1.9507247120072209,101.09241598854139,0.23755609930727148,0.2895832629043627,0.052027163597091225,0.07754975524150755,0.08714950368805588,0.009599748446548331,100.6237442493031,0.05202716359709111,0.04354234973736019,0.11699887773719723,0.11052660246568972,0.6562319501406667,SAD,Placebo,0,Male,1,23,0.0
N115,phase3_reinstatement,phase3_reinst_roi,27,4837,0.04922389304893804,0.04395092031884684,0.04899658900381754,0.0868048964159509,0.07440922219254864,0.09329211416260635,0.950776106951062,-0.005272972730091197,0.005045668684970694,-0.0027501383876058494,-0.0029542282383734075,0.8928775980066262,0.9953820393946715,-0.00022730404512050217,-0.00022730404512050217,-0.00022730404512050217,0.4986817598718647,0.5122466973300904,0.010928457201955122,0.010928457201955122,0.005464228600977561,0.013564937458225734,0.9997810935992842,0.0026364802562706124,0.024493394660180856,0.019417263991618847,0.03242465917180651,0.5198134906871533,0.0019791974757564857,-0.0021013261080649894,0.002363617495069692,0.006902061675286675,0.004538444180216983,-0.020300769432850863,-0.03359166860416707,-0.013290899171316206,-0.002211557046131407,0.045678924614547284,0.04789048166067869,-0.003393365793666253,0.042227893776903946,0.0456212595705702,0.048874260212012625,0.038407064818588264,0.061111534744280806,0.5285955188077673,0.47140448119223266,0.14761329422701294,0.12053778027393153,0.12673332838036788,0.13407553725047222,-0.14761329422701294,-0.12053778027393153,-0.13407553725047222,0.02087996584664506,-0.006195548106436355,0.550262451171875,10.55279541015625,11.103057861328125,118.384765625,426.126953125,544.51171875,1.9827646035070208,1.9846802403320045,1.984783401120354,0.12614787398301844,0.12611144982864744,0.8789755620428086,-3.642415437099533e-05,0.1616503811047127,0.15424422919795872,-0.007406151906753967,0.0055766277676215885,0.00039867976812323763,-0.005177947999498351,0.0325718717349435,0.006573911606190835,-0.02599796012875264,-0.020405131971130287,0.016656098233543727,-0.00010316078834948783,-1.9357868121165365,-1.9354563472830666,1.9354563472830666,105.47772156362775,-0.09183257253653951,-0.11385387315943224,-0.02202130062289273,-0.025141999030885605,-0.031207817701581382,-0.006065818670695777,103.20548046951548,-0.022021300622892967,0.024989915381822575,-0.09335300887052707,-0.06869780505815651,0.4720057144683603,SAD,Oxytocin,1,Male,1,20,0.0
N117,phase3_reinstatement,phase3_reinst_roi,27,4837,0.024565852148123457,0.03163533249620165,0.02668316196525966,0.05188595250538064,0.05578062928960276,0.05105177420738871,0.9754341478518765,0.007069480348078194,-0.0049521705309419906,0.004593395082607199,0.001530249243115095,1.2877761954964897,1.0861887038350062,0.0021173098171362037,0.0021173098171362037,0.0021173098171362037,0.5017673627263204,0.5066703947241868,0.008437757450507288,0.008437757450507288,0.004218878725253616,0.008437757450507233,0.9999313002136669,0.0035347254526407745,0.013340789448373691,0.015140216299176966,0.017098379388323696,1.2987402118163658,0.0018115393786486728,0.0006948214934444733,0.004499288002088264,0.0020042376507215798,-0.0024950503513666844,0.023697848610815475,0.0030497324715453855,-0.02064811613927009,0.008740994848948525,0.02479120057581033,0.016050205726861805,0.006491350847904392,0.02378908175044954,0.017297730902545147,0.011502238401290351,0.008040799339435443,0.012883571192100688,0.37149260739749934,0.6285073926025007,0.08357258250240018,0.09930240207382131,0.08273811038260727,0.09143749228811074,-0.08357258250240018,-0.09930240207382131,-0.09143749228811074,0.0008344721197929145,0.01656429169121404,7.391310691833496,3.480616569519043,10.871927261352539,-1077.099609375,1140.728515625,63.62890625,1.9921276060293118,1.9903586381254605,1.9897568387428257,0.12284150143540933,0.1231347900375753,0.8799680461318439,0.0002932886021659725,0.14178694662227442,0.14620715913947036,0.004420212517195939,0.0003127126353126263,0.004053357650255869,0.0037406450149432427,0.0012677102509267846,0.014910845075771478,0.013643134824844666,0.011241779929618272,0.007929236489038894,0.0006017993826348267,-1.963073676777566,-1.965792785977337,1.965792785977337,95.48048645809581,0.1672330536587212,0.06512186230935407,-0.10211119134936714,0.07233432387821219,0.026920587251026702,-0.04541373662718549,93.09032581523543,-0.10211119134936739,0.01403604835861982,-0.0161945775072838,-0.1102084801030093,0.5208273717426799,SAD,Placebo,0,Male,1,19,1.0
N118,phase3_reinstatement,phase3_reinst_roi,27,4837,0.024726444255562918,0.01770611156605051,0.01817147937154695,0.047707895902362185,0.033768145532515004,0.04171097080133834,0.9752735557444371,-0.00702033268951241,0.00046536780549644163,-0.006787648786764189,-0.009968337735435512,0.7160796846586693,0.7349003291670402,-0.006554964884015968,-0.006554964884015968,-0.006554964884015968,0.4982449240358696,0.5045427448413711,0.00278766887724069,0.00278766887724069,0.001393834438620345,0.006297820805501453,0.9999657834392974,0.003510151928260763,0.009085489682742143,0.005192090081634647,0.01188294529915506,0.4002689830144212,-0.0016681733890699419,-0.000868460002213615,-0.005957314387792206,-0.0036703561792649775,0.002286958208527229,-0.008513957856304266,-0.003302397915358357,0.005211559940945909,-0.009578893471636207,0.015149238351376909,0.024728131823013116,-0.006600236277740104,0.016984416441009398,0.023584652718749502,0.005573513018927814,0.0045890431925671524,0.0057487189522133055,0.6789802977254895,0.3210197022745105,0.05911325202728383,0.06840119743913317,0.0686054625971223,0.0637572247332085,-0.05911325202728383,-0.06840119743913317,-0.0637572247332085,-0.009492210569838469,-0.0002042651579891308,-14.980943202972412,19.720045566558838,4.739102363586426,-995.7978515625,972.2998046875,-23.498046875,1.9924753151203618,1.9924966349443645,1.9947576777774094,0.12262859203311566,0.1216832218136712,0.8800047678036217,-0.0009453702194444635,0.13571845520143228,0.13695511053359422,0.0012366553321619157,0.00023490866087747802,0.00019196299920156925,-4.294566167590876e-05,0.002602467185588875,0.0016045042059288361,-0.0009979629796600734,0.000737673842331879,0.006489684861345717,-0.0022610428330449572,-1.9765861984058626,-1.9677701906888014,1.9677701906888014,104.91921039682998,0.22026489814120878,0.1053212167432508,-0.11494368139795798,0.08469321874140257,0.04714199705018997,-0.0375512216912126,104.33561316153268,-0.1149436813979578,-0.09971089851402562,-0.4733738133480735,-0.35163058807199454,0.3926198259416793,SAD,Oxytocin,1,Male,1,21,1.0
N121,phase3_reinstatement,phase3_reinst_roi,27,4837,0.05563204131864885,0.04027691737497219,0.06349575447075251,0.09210710612003054,0.07512792320957523,0.0965427478204216,0.9443679586813511,-0.015355123943676663,0.02321883709578032,-0.0037457053957865027,-0.006271770605032118,0.7239876369877924,1.141352025778485,0.007863713152103657,0.007863713152103657,0.007863713152103657,0.4961612944378969,0.5158686075061668,0.012029901944063726,0.012029901944063726,0.006014950972031863,0.019707313068269894,0.9996153907756529,0.007677411124206168,0.03173721501233362,0.02175361259588117,0.037149090896305456,0.5482313902257074,-0.000940586610464903,0.00048693083166128926,-0.0012515431667020072,0.011331132191126081,0.012582675357828088,0.0009783919589068102,-0.030940902339106513,-0.03191929429801332,-0.013052843524554603,0.06159986322852898,0.07465270675308358,-0.012427071941203599,0.05593429713296594,0.06836136907416954,0.030334265407875958,0.0230514125948371,0.033503219037177505,0.628732390438642,0.37126760956135796,0.12771360962385894,0.1136002843168047,0.10355896155348972,0.12065694697033183,-0.12771360962385894,-0.1136002843168047,-0.12065694697033183,0.024154648070369225,0.010041322763314986,-8.08489990234375,-2.4469833374023438,-10.531883239746094,-22.607421875,-2.666015625,-25.2734375,1.9778936958852766,1.9856079824486854,1.982883752266618,0.12675324309896183,0.12792982805686048,0.8784564497218219,0.0011765849578986576,0.15694127087822635,0.15457009803596056,-0.0023711728422657757,0.0039061023014630913,0.001954981745990211,-0.0019511205554728806,0.016085132482935832,0.011683705888817869,-0.004401426594117949,-0.00457188613932475,0.01861800136665807,0.0027242301820673553,-1.9193879977958654,-1.9299759411300366,1.9299759411300366,103.44098697178123,0.07442861253235031,0.14683560437686943,0.07240699184451913,0.019029968618659025,0.03518731836272518,0.016157349744066154,103.44097008791786,0.07240699184451918,-0.1035589407769535,-0.5517408075731671,-0.2034634119420644,0.8346032790332285,SAD,Oxytocin,1,Male,1,20,1.0
N122,phase3_reinstatement,phase3_reinst_roi,27,4837,0.03234109979904942,0.03689032024047023,0.04614968259828933,0.06939562097419194,0.06720402162503847,0.08530205235866861,0.9676589002009506,0.004549220441420809,0.009259362357819101,0.00917890162033036,0.0068574160176615995,1.1406633992985151,1.4269665724225016,0.01380858279923991,0.01380858279923991,0.01380858279923991,0.5011373031489432,0.5115353733922539,0.012672676541197136,0.012672676541197136,0.0063363382705985405,0.012672676541197081,0.9998061449150819,0.00227460629788645,0.023070746784507712,0.021935820489215725,0.03173318226811044,0.7513213326929736,-0.0005037729124261084,-0.0006924102197567463,-0.012552130965257924,0.002299965983216329,0.014852096948474253,-0.02739388415751598,-0.019759989320490723,0.007633894837025257,-0.0024922960933267124,0.041237854580737365,0.04373015067406408,0.0037837693893022495,0.0400878715891292,0.03630410219982695,0.04592969919267513,0.026665290467837888,0.042985361695692774,0.4532272335343645,0.5467727664656354,0.11772916886336847,0.11940545764340223,0.11644948016355651,0.11856731325338535,-0.11772916886336847,-0.11940545764340223,-0.11856731325338535,0.0012796886998119594,0.0029559774798457172,-1.6120424270629883,2.0934362411499023,0.48139381408691406,-420.3525390625,-132.45068359375,-552.80322265625,1.9866222616589329,1.9897512449922443,1.984915713931858,0.12374760268644243,0.12578348353047084,0.8793853305903945,0.0020358808440284065,0.15112573268023327,0.15375719672473206,0.0026314640444987866,-0.0005908719023688906,-0.001731310049862325,-0.0011404381474934343,0.0036987171412088127,-0.001411236174427899,-0.005109953315636739,7.648738668041694e-05,0.02204296700837538,0.004835531060386256,-1.9387660313335688,-1.957410145193195,1.957410145193195,107.00815210365079,-0.018357158161060105,0.20437166187590922,0.2227288200369693,-0.0059764996490416925,0.056028932773695764,0.062005432422737455,106.9177748553955,0.2227288200369693,0.02686530738263025,-0.18792575906979037,0.12876594050207413,0.6042184670075028,SAD,Oxytocin,1,Female,0,21,0.0
N123,phase3_reinstatement,phase3_reinst_roi,27,4837,0.01581474264121474,0.0174626635906594,0.02006375805387528,0.030704150608040992,0.03095182220684689,0.03253836949604433,0.9841852573587853,0.001647920949444659,0.0026010944632158806,0.0029484681810525992,0.0010409452434046174,1.104200867811871,1.2686735296502347,0.0042490154126605395,0.0042490154126605395,0.0042490154126605395,0.5004119801441286,0.5050157712545373,0.005427751398665914,0.005427751398665914,0.002713875699332957,0.005427751398665914,0.9999634592600068,0.0008239602882571528,0.010031542509074676,0.010143455109074044,0.015641130941902122,0.6270520152231815,-0.0023156685034005113,0.0015319523027131539,-0.002320060768877835,0.01318271584111802,0.015502776609995855,-0.03351852439479541,-0.003331026223635347,0.030187498171160065,2.088293940744057e-06,0.025716149460327437,0.025714061166386692,0.0011621186783796617,0.019124791539768426,0.017962672861388765,0.02199509124651898,0.012755545106702904,0.02425589934467802,0.45272568151560505,0.5472743184843949,0.057820712487121215,0.0507541885511094,0.04717336531637041,0.05428745051911531,-0.057820712487121215,-0.0507541885511094,-0.05428745051911531,0.010647347170750804,0.003580823234738989,9.226631164550781,19.41840362548828,28.645034790039062,-809.84375,-1311.49853515625,-2121.34228515625,1.9940041236061576,1.994810065364037,1.9933520226850758,0.12142597782227656,0.12203613314833332,0.8801661106757076,0.000610155326056766,0.1341949672226901,0.13325019213104006,-0.0009447750916500193,-0.00025544640571764844,0.00022419394827344374,0.00047964035399109217,-0.0029838319002848113,0.0041159678237486785,0.007099799724033511,0.002605124770366736,0.009249245492979946,0.0014580426789612133,-1.9732882646312007,-1.9789953227228223,1.9789953227228223,119.58468218898274,0.16255226042183732,0.23112958532841602,0.0685773249065787,0.06986802174311217,0.08829180860737702,0.01842378686426485,116.55962240287698,0.0685773249065792,0.05412197419597973,0.7448188298444258,0.4409867398287921,0.9925852745938909,SAD,Placebo,0,Female,0,22,0.0
N124,phase3_reinstatement,phase3_reinst_roi,27,4837,0.014399262601672125,0.015088637721258014,0.010979022458885934,0.026326250548515118,0.029009325579005762,0.0292686242660794,0.9856007373983279,0.0006893751195858888,-0.004109615262372079,-0.0013654325116001509,0.0028127243740274643,1.0478749960956941,0.7624706304685828,-0.0034202401427861906,-0.0034202401427861906,-0.0034202401427861906,0.5001723437730712,0.5027447280442274,0.0029170718172985555,0.0029170718172985555,0.0014585359086493055,0.002917071817298611,0.999989088504632,0.00034468754614236374,0.005489456088454858,0.005480628127531632,0.008826316857921797,0.5726191715905744,-0.0006778230713907762,-0.0001636904584392595,-0.00045513797320231864,-0.0055579302530769925,-0.005102792279874674,-0.0051061330324384535,-0.0001993917941235379,0.004906741238314916,0.00028536370195755834,0.007669358439966051,0.0073839947380084925,0.0005129326885587177,0.010448323566504547,0.00993539087794583,0.01324415841120658,0.014322550909262067,0.023769769793340403,0.5166724628443232,0.4833275371556768,0.04842472685815957,0.04692188882789476,0.04399130088249442,0.04767330784302717,-0.04842472685815957,-0.04692188882789476,-0.04767330784302717,0.004433425975665151,0.0029305879454003397,-22.332505226135254,19.456205368041992,-2.8762998580932617,-666.2509765625,-689.3564453125,-1355.607421875,1.9960338448166957,1.9946561816771322,1.9957905249808237,0.12129145283438543,0.120806862763806,0.8803800278006074,-0.00048459007057942427,0.13191843670171988,0.13109212288644775,-0.000826313815272102,-0.0003640289186590814,0.00023983510065887748,0.0006038640193179589,-0.00284140464940405,-0.000716657831351053,0.0021247468180529833,0.00023605959375438967,0.009132193199296233,-0.001134343303691443,-1.9848115025219377,-1.98025691907546,1.98025691907546,120.20894543163556,0.0478532204580392,0.061700841743099345,0.013847621285060147,0.021884669215748574,0.0323474959207933,0.010462826705044725,115.359806359141,0.013847621285060258,-0.08629787493217082,-0.26384343210698813,-0.11807409476843381,0.475884567972583,SAD,Oxytocin,1,Female,0,25,1.0
N125,phase3_reinstatement,phase3_reinst_roi,27,4837,0.012533082902629333,0.02693577052773033,0.02502073951083772,0.03189498882215952,0.047367398728489774,0.036412068656548224,0.9874669170973707,0.014402687625100996,-0.00191503101689261,0.013445172116654691,0.009994744870359479,2.1491718554228094,1.996373896310031,0.012487656608208386,0.012487656608208386,0.012487656608208386,0.5036006096647282,0.506254858566495,0.009855468231223186,0.009855468231223186,0.004927734115611593,0.009855468231223186,0.999924851778033,0.0072012193294563875,0.012509717132989984,0.01847259907634924,0.018919088994000632,1.6491835357546378,-0.0002420573709049409,0.0006899865028043506,-0.0058030597821590035,-2.7643282154821147e-05,0.005775416500004182,0.010533586888330726,0.01636188398580596,0.005828297097475232,0.010499627462769584,0.02353021915777198,0.013030591695002397,0.013401157353849086,0.02354404079884939,0.010142883445000306,0.015162870281910015,0.009041454006564639,0.016972835329336477,0.2142995883405429,0.785700411659457,0.0651334293307781,0.05531206370098675,0.05289511747012414,0.06022274651588243,-0.0651334293307781,-0.05531206370098675,-0.06022274651588243,0.012238311860653966,0.00241694623086261,-8.419904708862305,4.574495315551758,-3.845409393310547,-75.814453125,-157.43359375,-233.248046875,1.9946254408135586,1.9939942646804725,1.9898061773380002,0.1211631612374564,0.1229500859216431,0.8802316278405179,0.0017869246841867026,0.13589776183442714,0.13515363419414383,-0.0007441276402833617,0.00014744025721652785,0.0004123839314847101,0.00026494367426818226,-0.006935870712020814,0.00037586401032632666,0.007311734722347148,0.002911739720890212,0.020650841172862974,0.004188087342472224,-1.9647854378271625,-1.9814611817778431,1.9814611817778431,109.28398197731337,-0.010815223788857204,0.05190765251968209,0.06272287630853929,-0.005944625618263289,0.020198423099597886,0.026143048717861175,102.70516316661119,0.06272287630853954,0.0015381128858556325,0.08536601639140257,0.10540588450424082,0.49330703436758055,SAD,Placebo,0,Female,0,19,0.0
N127,phase3_reinstatement,phase3_reinst_roi,27,4837,0.018662887639023684,0.016811350431051975,0.01097235727802981,0.03093288031660163,0.028972109524368905,0.019957688436120002,0.9813371123609763,-0.0018515372079717096,-0.005838993153022165,-0.004771033784482792,-0.006467981336357176,0.9007899392803737,0.5879235631173835,-0.007690530360993875,-0.007690530360993875,-0.007690530360993875,0.49953711583024496,0.5027430617991953,0.0022801776294402165,0.0022801776294402165,0.0011400888147201083,0.0032059459689502967,0.9999888354338282,0.0009257683395100802,0.005486123598390513,0.0043231307214113,0.007634913060164866,0.5425618342332145,0.0010268445337400327,9.34713588245333e-05,0.005082103407802324,0.0018189884417678936,-0.0032631149660344305,0.010593849046734105,-0.009207334149224033,-0.01980118319595814,0.0005664906242772716,0.011530316743330438,0.010963826119053166,-0.0019745610796238905,0.01062082252244649,0.012595383602070381,0.0069276201701185544,0.006802537512134152,0.012334815112795413,0.5920979334561062,0.4079020665438938,0.045925836250350474,0.03491689524040664,0.039369172986555415,0.04042136574537856,-0.045925836250350474,-0.03491689524040664,-0.04042136574537856,0.0065566632637950595,-0.004452277746148772,-21.857144564390182,21.057260513305664,-0.7998840510845184,-607.23681640625,271.5537109375,-335.68310546875,1.9952640908763868,1.9933315578786308,1.9958819628528304,0.12188830906463428,0.1207964433745689,0.8802989404785962,-0.0010918656900653911,0.13200615698372897,0.12836929957005022,-0.003636857413678758,0.0013445762318160335,0.0003458383897238548,-0.0009987378420921785,0.006055421995536214,0.0022135514250903043,-0.00384187057044591,-0.005557792698901713,0.010535807797867397,-0.0025504049741995605,-1.9849096055748006,-1.9746686702396072,1.9746686702396072,123.26415620663182,0.007758828540310508,0.024356278684930028,0.01659745014461952,0.002937961634804565,0.012055846137091476,0.00911788450228691,122.26137357781775,0.016597450144619136,0.11226299051891422,0.7666835719008953,0.3999392360950668,0.48147662978318784,SAD,Oxytocin,1,Female,0,41,0.0
N128,phase3_reinstatement,phase3_reinst_roi,27,4837,0.029610680600167583,0.02716308130283196,0.045209866704980284,0.055784835635161845,0.06483995486454242,0.07816037662197317,0.9703893193998324,-0.002447599297335623,0.018046785402148324,0.006575793403738539,0.01571533010809595,0.9173403508082391,1.526808925716998,0.015599186104812701,0.015599186104812701,0.015599186104812701,0.4993881004811438,0.5113005419468245,0.010688642427968298,0.010688642427968298,0.005344321213984149,0.011912441465680712,0.999815208736138,0.0012237990377124142,0.02260108389364901,0.01870195992796933,0.029920331688454455,0.5444261750301573,-0.005721132568618092,0.00021001311696367664,-0.03516830882706187,-0.006838242625421459,0.028330066201640414,0.00010506995214698556,-0.03328850285298546,-0.03339357280513244,-0.019310337015230494,0.03571098114492749,0.055021318160157984,-0.001726182601699558,0.03913010245763822,0.04085628505933778,0.02448868216459794,0.05247109528757136,0.06074596704444615,0.5251936259618288,0.47480637403817116,0.08116864613057144,0.10360898647988664,0.08446979626693084,0.09238881630522905,-0.08116864613057144,-0.10360898647988664,-0.09238881630522905,-0.0033011501363593987,0.019139190212955806,9.221650123596191,6.692583799362183,15.914233922958374,-12.2392578125,399.23193359375,386.99267578125,1.9861568427471272,1.9923923453906416,1.987260181448302,0.12316632280493126,0.1254227808019227,0.8793359563920239,0.002256457996991451,0.1414319096391895,0.14930592810888896,0.007874018469699443,-0.0006272662963792618,-0.000624527327017674,2.7389693615878376e-06,-0.003006525497844109,-0.008641567978994152,-0.005635042481150029,0.005056497229124428,0.02276167913904488,0.005132163942339618,-1.9420503147433217,-1.962781664790474,1.962781664790474,106.00169166186001,-0.13921651156446296,-0.164624884954313,-0.025408373389850025,-0.04858344765334567,-0.04624784735142494,0.0023356003019207316,105.03727382179642,-0.025408373389850095,0.0932304729467026,0.4708407854980675,0.21001201935918365,0.6741896284266371,SAD,Placebo,0,Male,1,25,1.0
N129,phase3_reinstatement,phase3_reinst_roi,27,4837,0.03213280885867853,0.05855840318124794,0.04928529961104877,0.06782371932564296,0.09851681513401317,0.0851258896257111,0.9678671911413215,0.026425594322569412,-0.00927310357019917,0.021789042537469827,0.023997633054219175,1.8223861230099427,1.5337994412444038,0.017152490752370242,0.017152490752370242,0.017152490752370242,0.5066060141635167,0.5123188314250715,0.0189248455885882,0.0189248455885882,0.0094624227942941,0.0189248455885882,0.9997180834569092,0.013212028327033387,0.024637662850143016,0.029063104294089634,0.03382013328910957,0.7430402780293448,0.002840986075112628,0.012973156920756906,0.008070434280131877,0.048261115654268216,0.04019068137413634,0.013940007079970895,0.04245677061466979,0.028516763534698897,0.02707549651493235,0.05921648704044696,0.03214099052551461,0.023040279374866413,0.035085929213312855,0.012045649838446443,0.038852914276067456,0.06732860169817681,0.057985421510789045,0.2631782013252303,0.7368217986747697,0.11102566089433347,0.1171908679316556,0.09763551133243548,0.11410826441299454,-0.11102566089433347,-0.1171908679316556,-0.11410826441299454,0.01339014956189799,0.019555356599220128,-14.601715087890625,4.7477264404296875,-9.853988647460938,1848.1328125,-892.66015625,955.47265625,1.9884699850867564,1.9849482935985372,1.979550500388663,0.12424668261893383,0.1267212293138901,0.8795811753052603,0.0024745466949562672,0.15049504842627442,0.15340574086669284,0.002910692440418444,-0.003662583741880792,0.0043625450665379945,0.008025128808418784,-0.009210495554851345,0.019074267252005367,0.028284762806856725,0.017053073843846807,0.036991466445804096,0.005397793209874102,-1.9302652007776144,-1.9528154847398587,1.9528154847398587,110.88060700844663,0.4976501878313975,0.27724648695731985,-0.22040370087407762,0.15630937739461256,0.07002137138839493,-0.08628800600621764,110.84930731771864,-0.22040370087407757,0.042171540320248356,-0.409503833583671,-0.42515561766591303,1.7509199092383922,SAD,Oxytocin,1,Female,0,26,1.0
N130,phase3_reinstatement,phase3_reinst_roi,27,4837,0.025507106393161783,0.021723596318681482,0.02583385751606848,0.05163001720350713,0.04266848022913655,0.046077080221140154,0.9744928936068382,-0.0037835100744803007,0.004110261197387,-0.001728379475786801,-0.007257236978368775,0.8516680593697127,1.0128098024829766,0.00032675112290669883,0.00032675112290669883,0.00032675112290669883,0.49905412360972734,0.506458105211081,0.005512228820808374,0.005512228820808374,0.002756114410404187,0.007403981601353693,0.9999385369131911,0.0018917527805453194,0.012916210422162067,0.009837489947430736,0.015845387874474093,0.5575048385041744,-0.002845517201961142,0.0032875460315105595,-0.011649008399689631,0.016656507214797,0.02830551561448663,-0.024397678862261296,0.0014842773024746903,0.025881956164735986,-0.009262079147406205,0.03144080844982136,0.040702887597227566,-0.0034375749475613893,0.02311255484242286,0.02655012978998425,0.012114640829903128,0.012837436297269522,0.01461870849180175,0.585283095933858,0.41471690406614203,0.06399693166424646,0.07607013166294167,0.0871331581249178,0.07003353166359406,-0.06399693166424646,-0.07607013166294167,-0.07003353166359406,-0.023136226460671344,-0.011063026461976128,-18.97925464808941,-10.10517692565918,-29.08443157374859,-151.5390625,1074.6123046875,923.0732421875,1.99091241086929,1.9923237701007155,1.9923087708935903,0.12273121970447955,0.12276802011478474,0.8798396327360456,3.6800410305196096e-05,0.13696069311933434,0.13988969734310275,0.002929004223768395,-0.0002754494778104622,0.0022020711937192705,0.002477520671529733,-0.002597285745644634,0.01162847765883504,0.014225763404479695,0.010041885926008243,0.013805995174712414,1.4999207125221403e-05,-1.966474913377522,-1.9668166637075537,1.9668166637075537,99.30228428297272,-0.004206671876021498,-0.1345185518667554,-0.1303118799907339,-0.001829076783679183,-0.05762434944216171,-0.055795272658482525,91.26029242565419,-0.13031187999073396,-0.03798114818397685,0.09550273532508013,-0.08256051232819386,0.6146073410483974,SAD,Placebo,0,Male,1,23,0.0
N131,phase3_reinstatement,phase3_reinst_roi,27,4837,0.036125387193000624,0.028497499398874804,0.03579335632756331,0.08725719082419797,0.05334831273962681,0.07244091595911883,0.9638746128069994,-0.0076278877941258205,0.0072958569286885044,-0.003979959329781568,-0.02436257647482515,0.7888494414781482,0.9908086584165876,-0.0003320308654373161,-0.0003320308654373161,-0.0003320308654373161,0.498093037297793,0.5089473838465146,0.007040421144307585,0.007040421144307585,0.0035202105721537924,0.010854346548721638,0.999879251522962,0.0038139254044140536,0.017894767693029223,0.012780967297935167,0.021100110372248362,0.4953878665144224,-0.001766664478263652,0.0010542791654986551,-0.012803691276455503,0.005890401960850028,0.01869409323730553,-0.0036533280519538414,0.017039964383118278,0.02069329243507212,-0.01302884731883519,0.03513413725690279,0.04816298457573798,-0.006627001680607439,0.03218893627647777,0.03881593795708521,0.02031184996614354,0.03632841032635024,0.05347193885166218,0.5172958888564047,0.48270411114359535,0.10265406364321203,0.06990383111947578,0.13099551674657833,0.0862789473813439,-0.10265406364321203,-0.06990383111947578,-0.0862789473813439,-0.028341453103366304,-0.06109168562710256,-8.015243530273438,-15.540918350219727,-23.556161880493164,-1106.75,716.7802734375,-389.9697265625,1.986919981370983,1.9892992345929383,1.9901054294737954,0.12420769462735189,0.12408393121913637,0.8794169051922947,-0.0001237634082155159,0.14812104775535068,0.13951882401908827,-0.008602223736262384,0.002751354059829478,0.0003881321219446294,-0.0023632219378848483,0.011096447632571255,0.0025430540449985495,-0.008553393587572705,-0.012878920530048736,0.017610052153341438,-0.0008061948808570918,-1.954312073146232,-1.9531738473999378,1.9531738473999378,118.71335288894375,0.2194725424626334,-0.7149792798323179,-0.9344518222949513,0.06448867455629316,-0.19957059239318892,-0.26405926694948206,114.78621263246606,-0.934451822294952,-0.31355470146057557,-1.1705997066821987,-1.5197516756360512,1.866940512606016,SAD,Placebo,0,Female,0,26,1.0
N132,phase3_reinstatement,phase3_reinst_roi,27,4837,0.09828608082127976,0.04634660410157676,0.0908736932297014,0.16969330004888106,0.09550899720866074,0.17550482564980807,0.9017139191787202,-0.051939476719703004,0.04452708912812464,-0.029675932155640683,-0.03418638861964665,0.47154794451894444,0.9245834529622627,-0.007412387591578362,-0.007412387591578362,-0.007412387591578362,0.4870180491495957,0.5227028020924633,0.009720851242059014,0.009720851242059014,0.004860425621029507,0.03568475294286766,0.999012988179627,0.025963901700808645,0.04540560418492667,0.014298103761711561,0.061517390177498396,0.21253605155647745,-0.007095164837704389,0.0005948648220523288,-0.030984982527829413,-0.002367867681021013,0.0286171148468084,-0.03444241577370555,0.020382184571229978,0.054824600344935526,-0.06271177767970154,0.07463156009869945,0.137343337778401,-0.047219286415786835,0.07581549393920996,0.12303478035499679,0.0321278177220757,0.021718603350567894,0.03988767175568306,0.7886810376397175,0.21131896236028247,0.12536431294212452,0.1494183316089607,0.24580877996095635,0.13739132227554263,-0.12536431294212452,-0.1494183316089607,-0.13739132227554263,-0.12044446701883182,-0.09639044835199564,-15.16796588897705,11.307624816894531,-3.8603410720825195,-3377.4228515625,-1090.541015625,-4467.9638671875,1.962675387005143,1.9775762442873792,1.9801904603031915,0.13247042810613668,0.1313223908475832,0.8768221991193319,-0.0011480372585534748,0.16293448114978287,0.16817642794255072,0.005241946792767887,-0.0005865420411597787,0.000272520995748362,0.0008590630369081409,-0.017917332992375218,-0.008976741703167201,0.00894059128920801,0.009712242437371892,0.029102781973291237,-0.002614216015812243,-1.88931676707349,-1.8792901634660995,1.8792901634660995,99.50088750668935,0.08530382283916607,0.00793406378746553,-0.07736975905170054,0.017404088841412424,0.001680406736835331,-0.015723682104577093,96.78048560277014,-0.07736975905169993,-0.046102874649942525,-0.026370970892874865,-0.09055524449813736,0.7034008480658654,SAD,Oxytocin,1,Female,0,19,0.0
N133,phase3_reinstatement,phase3_reinst_roi,27,4837,0.030538343433289206,0.03029103976355918,0.03187488269279237,0.061380989516974405,0.06148384587275135,0.07099669970513,0.9694616565667108,-0.0002473036697300257,0.0015838429292331924,0.0005446177948865705,0.004859283271966275,0.9919015388216564,1.0437655966757606,0.0013365392595031667,0.0013365392595031667,0.0013365392595031667,0.49993817408288266,0.5079680460513133,0.007906220134195951,0.007906220134195951,0.003953110067097976,0.008029871968430635,0.9999083942491965,0.00012365183423468373,0.015936092102626587,0.014018034332041449,0.018525365994343942,0.7258973035587636,0.0021746752989111225,0.002221416326717637,0.014144415177938185,0.011689772362831474,-0.0024546428151067112,0.016310274018046744,0.016739112331315087,0.00042883831326834265,0.006493051912329101,0.034460110522138626,0.027967058609809525,-0.0005791556766399919,0.02861522434072289,0.02919438001736288,0.015957479157835693,0.019269425448168797,0.016764302569861084,0.5236855378211103,0.47631446217888973,0.10431062445013532,0.09868456530054154,0.10869379665381963,0.10149759487533844,-0.10431062445013532,-0.09868456530054154,-0.10149759487533844,-0.00438317220368431,-0.010009231353278095,-6.411172866821289,1.0428228378295898,-5.368350028991699,-207.27294921875,96.40478515625,-110.8681640625,1.989583210015057,1.9899296722892605,1.989423371244357,0.12353293484164972,0.123732602325073,0.8796990361940644,0.00019966748342327423,0.14761878984967244,0.14630465671752424,-0.001314133132148173,0.0002162484473655301,0.00118195067170351,0.0009657022243379799,0.001250825275822376,0.006476702319775818,0.005225877043953477,0.0012988053898285654,0.01329585507926738,0.0005063010449035676,-1.9575484885515646,-1.9593913288559714,1.9593913288559714,106.74673414975898,0.2346949557504553,0.2964399674620809,0.06174501171162561,0.08320212670743533,0.10297048416911272,0.01976835746167739,101.10775684046953,0.06174501171162613,0.0023771850891070815,0.3338920358212581,0.22869102962225518,0.6535276376599113,SAD,Placebo,0,Male,1,33,1.0
N134,phase3_reinstatement,phase3_reinst_roi,27,4837,0.08048703267188673,0.07007755946196048,0.08559102451961098,0.14706294728054348,0.1289263816456958,0.15854098958395568,0.9195129673281133,-0.010409473209926245,0.0155134650576505,-0.0026527406811009957,-0.003329261665717731,0.8706688323440891,1.0634137083223587,0.005103991847724254,0.005103991847724254,0.005103991847724254,0.49739765519602774,0.521384702677195,0.0187823578732228,0.0187823578732228,0.0093911789366114,0.023987047481167312,0.9993302760630607,0.005204689607944513,0.04276940535439011,0.0314169969526758,0.056778098302415314,0.5372252306920828,0.006685623036312378,0.005129482652846858,0.02291725042637896,0.023347413574568626,0.00043016314818966617,0.11470960629362537,0.04891947116533846,-0.06579013512828691,0.0012945089291602485,0.08467181697666515,0.0833773080475049,-0.010164116284029232,0.07299811018938084,0.08316222647341007,0.08201288262283482,0.04364331061515412,0.1054937771575614,0.5588540741429397,0.44114592585706025,0.18701588899354388,0.14053835925363367,0.23624885523492362,0.16377712412358877,-0.18701588899354388,-0.14053835925363367,-0.16377712412358877,-0.04923296624137974,-0.09571049598128994,2.1829471588134766,-7.303662300109863,-5.120715141296387,-630.111328125,-302.5234375,-932.634765625,1.9707981439890754,1.9753130134962464,1.9741031447965192,0.1306951927626674,0.1314142096293408,0.8776968158665502,0.0007190168666734165,0.17676786774291314,0.16506637963541937,-0.011701488107493763,0.0009221529522689167,0.0037733030497300074,0.0028511500974610906,0.000625088421638581,0.017510058653907673,0.016884970232269016,-0.0032590029913592555,0.023183360361707227,0.001209868699727279,-1.8885121202769082,-1.8948259808243597,1.8948259808243597,108.99767743427786,0.42834946094011994,0.16790834516173686,-0.2604411157783831,0.086008153040552,0.03239903171724294,-0.053609121323309056,108.91032625615021,-0.2604411157783831,0.174894590707721,0.21795353269681783,-0.15146434942997422,1.1397019756609459,SAD,Placebo,0,Female,0,21,0.0
N135,phase3_reinstatement,phase3_reinst_roi,27,4837,0.13072703397985763,0.08665518546979945,0.08476354176463363,0.19861396501613826,0.15541547632189162,0.17134078996882007,0.8692729660201424,-0.04407184851005819,-0.001891643705165813,-0.04501767036264109,-0.035235831870782414,0.6628711461046365,0.648400967268058,-0.045963492215224,-0.045963492215224,-0.045963492215224,0.4889838209007039,0.5211782067586127,0.01016202765931662,0.01016202765931662,0.00508101382965831,0.03219438585790879,0.999177639775163,0.022032358198592172,0.04235641351722541,0.015029563011503766,0.05389497529270558,0.229675272009525,0.006767377062247011,0.014609145737113463,0.02492317749375053,0.04692551784905155,0.02200234035530102,0.021655971037026545,0.10176184346379535,0.08010587242676881,-0.02435837132558577,0.09034184501999434,0.11470021634558011,-0.036819960072461036,0.06687908609546857,0.1036990461679296,0.04524215512375697,0.0353522041453187,0.039099372726301165,0.8163305320739442,0.18366946792605576,0.19488434478797417,0.15624336654151708,0.2310080051462774,0.17556385566474564,-0.19488434478797417,-0.15624336654151708,-0.17556385566474564,-0.03612366035830322,-0.07476463860476032,-44.981824696063995,8.192824184894562,-36.789000511169434,-5048.431640625,4791.296875,-257.134765625,1.9605106654195388,1.9607537589453412,1.9762658774140667,0.1382350894994796,0.1310732689675854,0.8765882075198758,-0.0071618205318942085,0.18711196945419808,0.16868135733760675,-0.01843061211659132,-0.003050985330559422,0.008335573827276337,0.01138655915783576,-0.046271118557251134,0.028736880501895573,0.07500799905914672,0.01907338741298204,0.09571882597357283,-0.015512118468725467,-1.8915023356494332,-1.8300267249654836,1.8300267249654836,107.74624715640135,-0.0524180353282139,-0.21219094674412767,-0.15977291141591377,-0.008772827861254185,-0.04423462461319967,-0.03546179675194549,101.51093288117328,-0.15977291141591438,0.0010803340154416747,0.7470422816600294,0.21374822941410032,2.1883263023917885,SAD,Oxytocin,1,Male,1,45,0.0
N136,phase3_reinstatement,phase3_reinst_roi,27,4837,0.03434245268342184,0.03461814543455055,0.02591198251147253,0.058824248336730445,0.06219370190580786,0.057219866386006235,0.9656575473165782,0.00027569275112870884,-0.00870616292307802,-0.004077388710410301,0.0008825358091766045,1.008027460164113,0.7545173085091837,-0.008430470171949311,-0.008430470171949311,-0.008430470171949311,0.5000689231873456,0.5064776331917007,0.006546556379046331,0.006546556379046331,0.0032732781895231655,0.006546556379046331,0.9999394563562056,0.00013784637469127503,0.012955266383401387,0.011921024056144397,0.013887745923232858,0.7605301689664964,0.0006809274735687628,0.0016660850079729143,0.0015653704932447055,0.008601302390965432,0.007035931897720726,0.008089594008642065,0.009531632351424735,0.00144203834278267,0.001003938663959314,0.02792144589043455,0.026917507226475235,0.00022125341733696124,0.023620794694951833,0.02339954127761487,0.0080210985879939,0.023015673751806527,0.016579182409610586,0.4820467374763315,0.5179532625236685,0.08470873893658534,0.08605083332004648,0.0871233831577113,0.08537978612831591,-0.08470873893658534,-0.08605083332004648,-0.08537978612831591,-0.0024146442211259583,-0.0010725498376648185,-3.045536994934082,12.443472862243652,9.39793586730957,-148.12353515625,-113.01904296875,-261.142578125,1.990546430304366,1.9874025403446582,1.9902569251400832,0.12422006995705326,0.12299759388974446,0.87980093521335,-0.0012224760673087975,0.1433905774063474,0.1424375788943354,-0.0009529985120119711,-0.0001451071829852412,0.0007230303929986817,0.0008681375759839229,-0.00017034479501415456,0.0018892690934586842,0.0020596138884728388,7.680843222444833e-05,0.003805859335152023,-0.0028543847954249912,-1.9643449426286108,-1.9530600876612363,1.9530600876612363,95.52133500981161,0.28268087076662957,0.2697757673839582,-0.012905103382671368,0.1016175668175534,0.11156110860895989,0.009943541791406482,94.02645355987667,-0.0129051033826703,0.04464477983067244,0.28750109912870403,0.13084544618168173,0.34196918692259753,SAD,Placebo,0,Female,0,26,0.0
N137,phase3_reinstatement,phase3_reinst_roi,27,4837,0.011758500768254687,0.008947787910825178,0.012878649151035537,0.020670202615217903,0.01631603961040573,0.02461356507653878,0.9882414992317453,-0.0028107128574295093,0.003930861240210359,-0.0008452822373243296,-0.00020540027174564823,0.7609626837254064,1.095261926008944,0.00112014838278085,0.00112014838278085,0.00112014838278085,0.4992973222482451,0.5032196177875043,0.0025169400357494265,0.0025169400357494265,0.0012584700178747132,0.0039222955392592684,0.9999843326686975,0.001405355503509842,0.006439235575008695,0.004695264282727853,0.00798963345518227,0.5168231102823074,0.0005043455969176158,0.00045040623222741296,7.659082065189504e-05,0.002078059774375307,0.002001468953723412,0.007008766579112202,0.005145003708173612,-0.00186376287093859,-0.002696142361682502,0.013163996224651808,0.01586013858633431,-0.0027344377720084495,0.012124966337464155,0.014859404109472604,0.005396360897548637,0.00982705086197333,0.00948765112742075,0.6035680051360491,0.39643199486395087,0.03884364909623128,0.05004815022649685,0.04675264058069055,0.044445899661364065,-0.03884364909623128,-0.05004815022649685,-0.044445899661364065,-0.007908991484459268,0.0032955096458062993,6.891349911689758,-10.920359134674072,-4.029009222984314,45.73828125,315.7734375,361.51171875,1.9955028349014565,1.9968312147308405,1.9964499934084414,0.12077912157468389,0.12093864510869232,0.880324095300887,0.00015952353400842945,0.1292277926050791,0.13199341441538492,0.0027656218103057732,3.5510803974570624e-05,0.0003750340907499862,0.00033952328677541553,0.0007381528048625852,0.00016290673682448076,-0.0005752460680381113,0.0024779987762867176,0.013299719881598194,0.00038122132239903905,-1.9835713442574059,-1.9850727139625857,1.9850727139625857,117.09984988558045,-0.043650092556994126,-0.007104245853779423,0.0365458467032147,-0.02178343243014277,-0.0033924180928711235,0.018391014337271645,117.0843050951694,0.03654584670321505,0.06533909016647332,0.3767034297160378,0.22489756156123397,0.48281198646397644,SAD,Oxytocin,1,Female,0,27,1.0
N138,phase3_reinstatement,phase3_reinst_roi,27,4837,0.001269177088177531,0.001340717029645111,0.0015632367396601898,0.0025425551279630865,0.002725376751259001,0.003225892214025472,0.9987308229118225,7.153994146757992e-05,0.00022251971001507886,0.00018279979647511935,0.00043307935467915004,1.0563588631919445,1.2316834564594372,0.0002940596514826588,0.0002940596514826588,0.0002940596514826588,0.5000178849853592,0.5003908091053297,0.0004086940906889436,0.0004086940906889436,0.00020434704534444403,0.00040869409068888807,0.9999997791931508,3.5769970718302346e-05,0.0007816182106594738,0.0008128208379101359,0.0009461030469866266,0.8326681800887592,7.410279099595177e-05,8.677806263244716e-05,0.000308695626640626,0.0006947402686263981,0.00038604464198577215,0.0007198215033893396,0.0011306359657670129,0.0004108144623776733,0.00022638699548033214,0.0019009726279734518,0.0016745856324931196,7.203918216001914e-05,0.0015536024936602527,0.0014815633115002336,0.0005413975038900463,0.0011921989456753343,0.001137098602936595,0.48580390159222,0.51419609840778,0.004749546827687204,0.005206070006643859,0.007066841351837383,0.0049778084171655315,-0.004749546827687204,-0.005206070006643859,-0.0049778084171655315,-0.002317294524150179,-0.0018607713451935237,8.49092173576355,0.21014392375946045,8.70106565952301,-270.8740234375,503.818359375,232.9443359375,1.9995189058066085,1.9995945340409294,1.9994951923735251,0.11937886095491487,0.11942022446425929,0.8807465569191553,4.136350934441646e-05,0.120379908041676,0.1205182820687983,0.00013837402712229413,-2.2781783278951778e-06,2.6269933297332337e-05,2.8548111625227513e-05,-6.247758587873964e-05,0.00023544606884458308,0.0002979236547233366,0.00028733585448396243,0.0004545382392017074,9.934166740421801e-05,-1.9979319556338648,-1.9983253569527517,1.9983253569527517,116.18201747038057,-0.04380928491135876,-0.0023375970043808267,0.04147168790697794,-0.06813098597040225,-0.0032886921633396957,0.06484229380706255,114.46464052805273,0.041471687906978,-0.00696400273997287,-0.05158710919468436,0.015678133309635814,0.12645454049235383,SAD,Oxytocin,1,Male,1,30,0.0
N141,phase3_reinstatement,phase3_reinst_roi,27,4837,0.03821768492523636,0.028756363459633838,0.024709659602720646,0.07725330799365565,0.07697544592496985,0.08219402298577261,0.9617823150747636,-0.009461321465602524,-0.004046703856913192,-0.01148467339405912,0.00233142646171558,0.7524358419807546,0.6465502341535535,-0.013508025322515715,-0.013508025322515715,-0.013508025322515715,0.49763468727813653,0.5061771006092531,0.0038117878873896727,0.0038117878873896727,0.0019058939436948363,0.008542413331116605,0.9999368788202871,0.004730625443726932,0.012354201218506278,0.007500849050425279,0.016110454734011265,0.3669120652907089,-0.002814122062219778,0.0013860589368990394,-0.012694174341510267,0.006229049806027009,0.018923224147537276,-0.005320388893762407,0.022365947165740807,0.027686336059503214,-0.013248298551337578,0.025017434384446507,0.038265732935784086,-0.006901211380582445,0.021902909481433003,0.028804120862015448,0.017489374183073916,0.02550960642095682,0.02735122573981373,0.6644824552420144,0.33551754475798556,0.12581754519361546,0.10451582312930427,0.11430458814320199,0.11516668416145986,-0.12581754519361546,-0.10451582312930427,-0.11516668416145986,0.01151295705041347,-0.009788765013897721,5.856775283813477,-12.052847862243652,-6.196072578430176,-285.5,4.2841796875,-281.2158203125,1.9891465234518306,1.9877821664409283,1.9923527846172244,0.12460085480979227,0.12264226378881957,0.8796528145848905,-0.0019585910209727053,0.15435564276430194,0.14666119672216882,-0.007694446042133089,0.0056474657343837786,0.0014161094481036066,-0.004231356286280171,0.02646785780688024,0.009712576189979588,-0.01675528161690068,-0.01607208685058343,0.04926887330750301,-0.004570618176296115,-1.967643125014504,-1.9495644815156918,1.9495644815156918,112.99133770066626,0.0618855210135961,-0.031623652339745754,-0.09350917335334186,0.019632417137463463,-0.012459180681855102,-0.032091597819318564,101.6515220413888,-0.09350917335334226,0.01172741669745851,-0.32978779301399885,-0.25840306986034167,0.6269455337302315,SAD,Placebo,0,Female,0,22,0.0
N142,phase3_reinstatement,phase3_reinst_roi,27,4837,0.04804376690124512,0.06346807090967388,0.04335518657884241,0.1215449146358501,0.10269300060055164,0.077438713069031,0.9519562330987549,0.015424304008428757,-0.02011288433083147,0.005367861843013022,-0.03147905780105878,1.3210466579289484,0.9024100388268765,-0.004688580322402713,-0.004688580322402713,-0.004688580322402713,0.5038559995542777,0.5108370991817132,0.01469309873599084,0.01469309873599084,0.0073465493679954474,0.014693098735990895,0.9998091014444541,0.007711999108555467,0.021674198363426322,0.024399301046071513,0.03062484434834744,0.8924439262902727,-0.004180277054351224,0.001973018535713291,-0.00682531660181962,0.006359896126795633,0.013185212728615253,-0.06895141646165581,0.021653729242561814,0.09060514570421763,0.008022444129542866,0.040543447725088166,0.0325210035955453,0.011435102430452676,0.03736349966169035,0.025928397231237674,0.03995063174471407,0.038562812718986386,0.06177464707359076,0.21315595222104294,0.7868440477789571,0.1681269634845387,0.129180775597394,0.11572783586844518,0.14865386954096635,-0.1681269634845387,-0.129180775597394,-0.14865386954096635,0.05239912761609353,0.013452939728948815,16.246190071105957,-36.28280830383301,-20.03661823272705,-348.35546875,215.05078125,-133.3046875,1.9864523356307109,1.9798010837637092,1.9816688469530703,0.12655619928050346,0.125833235566769,0.8793673059233228,-0.0007229637137344536,0.1670656395640039,0.15614130151672714,-0.01092433804727672,-0.002586724344269145,0.0006953978144990903,0.0032821221587682357,-0.0056190170197852884,0.005238385235368764,0.01085740225515406,-0.00549563691969969,0.011615038881285534,-0.0018677631893611046,-1.938313660374228,-1.931757316862464,1.931757316862464,97.70668245727072,-0.05858222680594443,-0.23378818321985506,-0.17520595641391062,-0.017318752771361422,-0.07196440709845536,-0.05464565432709394,96.97595385066717,-0.1752059564139104,-0.067799033781721,0.044734246019540846,-0.15283883340413995,1.1690094346859918,SAD,Oxytocin,1,Female,0,20,0.0
N143,phase3_reinstatement,phase3_reinst_roi,27,4837,0.0036899766542425327,0.002382719694716595,0.0038632094805571837,0.007060187385669103,0.004837433093334453,0.006554953007323283,0.9963100233457575,-0.0013072569595259376,0.0014804897858405885,-0.0005670120666056433,-0.001363994335340235,0.6457258299232823,1.0469440251539905,0.00017323282631465098,0.00017323282631465098,0.00017323282631465098,0.4996731858066601,0.5009658011689736,0.000638986975633693,0.000638986975633693,0.0003194934878168465,0.0012926153623135095,0.9999985002030856,0.0006536283866798165,0.0019316023379472025,0.0012593037365061857,0.002908986397879766,0.3377319621534562,-6.616115191745325e-06,-0.00010799004320378143,-0.0006677462519597277,0.0008177970585165895,0.0014855433104763172,0.001818946827960577,-0.001810805516854086,-0.003629752344814663,-0.0016268813141711858,0.004220514190461988,0.005847395504633174,-0.001293008188191322,0.0038116156612036933,0.005104623849395015,0.003816884327454014,0.004931378993490796,0.006057544959433427,0.6618063511271937,0.33819364887280634,0.008129090260014293,0.008253947848017681,0.00873402452653542,0.008191519054015987,-0.008129090260014293,-0.008253947848017681,-0.008191519054015987,-0.000604934266521126,-0.00048007667851773794,11.00636339187622,9.160150527954102,20.166513919830322,761.1630859375,144.77783203125,905.94091796875,1.9985823437222785,1.9990805407955132,1.9990233119435197,0.11968773333097413,0.11971201749628713,0.8806481527916781,2.4284165312998818e-05,0.12140691488754876,0.12145708432902422,5.0169441475457835e-05,-1.73697183466314e-05,-8.207283015433416e-05,-6.470311180770277e-05,-0.00012392385959503205,-0.00011537079242943116,8.553067165597422e-06,5.4445975058256546e-05,0.0011027245871945432,5.7228851993551544e-05,-1.9951601024629624,-1.9953905641412706,1.9953905641412706,110.5680623512749,-0.035301912390690235,-0.041525918430315716,-0.006224006039625481,-0.03341502105448124,-0.038395884587207094,-0.004980863532725852,110.54427518798269,-0.006224006039625342,0.0029561033478549287,0.02821734611751138,0.007884667019130348,0.1854943344425525,SAD,Oxytocin,1,Male,1,23,0.0
N144,phase3_reinstatement,phase3_reinst_roi,27,4837,0.07952268683610586,0.0664738087737261,0.07506726150834331,0.12043615786452677,0.11871175544302887,0.1303386111343821,0.9204773131638941,-0.013048878062379754,0.008593452734617202,-0.008752151695071153,0.004089025424178716,0.8359098901125906,0.9439727838085638,-0.004455425327762552,-0.004455425327762552,-0.004455425327762552,0.4967378267726683,0.5187580076099747,0.015495834382643014,0.015495834382643014,0.007747917191321507,0.02202018083730639,0.9994768971235228,0.006524346454663377,0.037516015219949406,0.02523829915463969,0.043699014241213134,0.537410045622172,-0.002961715987620855,-0.000581102772191003,-0.012836307294362304,-0.01134217627743081,0.0014941310169314936,-0.04758298651653703,0.029908478712898257,0.07749146522943529,-0.017265827253490545,0.055653183776873366,0.07291901103036391,-0.010847673606309394,0.06132427191558877,0.07217194552189816,0.03961695346991704,0.03582447605280791,0.05789620648137571,0.5801479344482843,0.4198520655517157,0.17183453281958128,0.1582849224251921,0.17227801278530291,0.1650597276223867,-0.17183453281958128,-0.1582849224251921,-0.1650597276223867,-0.00044347996572163817,-0.013993090360110816,-10.754270553588867,15.326907634735107,4.57263708114624,249.640625,-1618.86474609375,-1369.22412109375,1.9724048079231142,1.9760842624363746,1.9768878480744212,0.1304981313270003,0.12990255862799668,0.8778691787594015,-0.0005955726990036214,0.1717597633506157,0.16882968992265884,-0.0029300734279568558,0.003982852735224892,-0.0006300057064047164,-0.004612858441629606,0.010882717412613319,-0.014375676313599178,-0.025258393726212483,-0.015559270291063097,0.021269503269728193,-0.0008035856380466111,-1.9018205865660778,-1.8965615756002687,1.8965615756002687,100.00020026601204,-0.24555463202495081,0.07758748929186089,0.3231421213168117,-0.05485783588608204,0.018163852464790808,0.07302168835087285,97.62812995269044,0.32314212131681236,0.010838719118780765,-0.41931578922733925,0.1134842267031427,1.2025975347165827,SAD,Oxytocin,1,Female,0,18,0.0
N145,phase3_reinstatement,phase3_reinst_roi,27,4837,0.11808283776335571,0.10930824288619923,0.02732326171866628,0.19644268234805123,0.20697799277912987,0.06439183864707015,0.8819171622366443,-0.008774594877156483,-0.08198498116753294,-0.049767085460922955,-0.06075776663495122,0.925691113964822,0.23139060613971257,-0.09075957604468943,-0.09075957604468943,-0.09075957604468943,0.49780636535532974,0.5068303904932341,0.004636755848563823,0.004636755848563823,0.0023183779242819114,0.009024025137904346,0.9999257477555824,0.004387269289340523,0.013660780986468168,0.008991959427636552,0.0192750055808324,0.36020111281008893,-0.0016432575204323517,-0.0023266141691956977,-0.014219404221527732,-0.01815859063551553,-0.0039391864139878,-0.006219505218707955,-0.011257468028734063,-0.005037962810026109,-0.010477876263298325,0.012272797690049797,0.02275067395334812,-0.003368174152534459,0.021352093007807563,0.02472026716034202,0.02605814189925593,0.03190020219303666,0.037596277252225314,0.614776819557502,0.38522318044249804,0.2496714206988539,0.13238493979099297,0.08597275252022595,0.19102818024492343,-0.2496714206988539,-0.13238493979099297,-0.19102818024492343,0.16369866817862794,0.04641218727076703,0.7615599632263184,-21.3448543548584,-20.58329439163208,6252.677734375,-7243.853515625,-991.17578125,1.9796382354970867,1.9516265370050683,1.9825934560545828,0.13781665870423976,0.12397983329797503,0.878642592519988,-0.013836825406264727,0.19784698566847497,0.1553889993085748,-0.04245798635990021,0.030239786672355214,0.000949320260932054,-0.02929046641142316,0.11790573009289906,-0.006945747033157285,-0.12485147712605635,-0.10488372492292837,0.13384004540144287,-0.03096691904951454,-1.9552701943359165,-1.8335436992417127,1.8335436992417127,101.74450299658781,0.44686822912364127,0.08249437271972936,-0.3643738564039119,0.07900174005684994,0.030407818088900168,-0.048593921967949774,101.66778085142893,-0.36437385640391223,-0.3088920152529835,-0.5530673123791123,-0.6409075125934685,2.3195325663947317,SAD,Placebo,0,Female,0,34,0.0
N146,phase3_reinstatement,phase3_reinst_roi,27,4837,0.04967079182308065,0.057490072600554054,0.03791245554561651,0.09052706334358002,0.10059298092128166,0.0729925007511586,0.9503292081769193,0.007819280777473403,-0.019577617054937546,-0.00196952774999537,-0.0037343225073598885,1.157421875437493,0.7632744822733994,-0.011758336277464143,-0.011758336277464143,-0.011758336277464143,0.5019548102344327,0.5094769787655932,0.011431789000025838,0.011431789000025838,0.005715894500012919,0.011431789000025838,0.9998649063282538,0.003909620468865338,0.01895395753118634,0.019798608996817152,0.024242957801162368,0.7898672121509047,-0.0025095239431303824,-0.007734739275074328,-0.01635472788041939,-0.0390442479576322,-0.02268952007721281,-0.010012217594119743,-0.03896275512526637,-0.028950537531146625,-0.001429498891166725,0.013327228965775234,0.014756727856941959,0.00674786504904297,0.032849352944591334,0.026101487895548364,0.02589504830455714,0.020671380491884404,0.03931989319505069,0.36347909959234515,0.6365209004076549,0.13026561887342908,0.14168337795382324,0.12028478556516542,0.13597449841362616,-0.13026561887342908,-0.14168337795382324,-0.13597449841362616,0.009980833308263659,0.021398592388657822,-2.607084274291992,20.516222953796387,17.909138679504395,-174.19140625,-70.2216796875,-244.4130859375,1.9866291282471638,1.9807133760012774,1.983893871988399,0.12663522672685193,0.12499220533781331,0.8793860589053382,-0.0016430213890386153,0.15721938098284377,0.15860061378640034,0.0013812328035565473,0.0002579180689976008,-0.0018514294621935522,-0.0021093475311911533,0.0019884685043746186,-0.0038990939067733155,-0.005887562411147899,-0.0015625484020174024,0.008867123731678061,-0.0031804959871215566,-1.9459814164427824,-1.9310425841781966,1.9310425841781966,94.37739039662536,-0.2761235140937751,0.0852004308921655,0.3613239449859406,-0.08109071302360092,0.02939928236863655,0.11048999539223747,94.29473202335696,0.36132394498594067,-0.09341860996549113,-0.48874595210110683,0.11695096893538724,0.7072588567024708,SAD,Oxytocin,1,Male,1,33,1.0
N147,phase3_reinstatement,phase3_reinst_roi,27,4837,0.014553500007896014,0.011974093749406722,0.012629300512494113,0.027084091151814316,0.02813129344376125,0.023148480823708517,0.985446499992104,-0.002579406258489292,0.0006552067630873903,-0.0022518028769455967,-0.0014442040180794313,0.8227632882315106,0.8677838202359486,-0.0019241994954019015,-0.0019241994954019015,-0.0019241994954019015,0.499355148792912,0.5031572831628819,0.00251243195579387,0.00251243195579387,0.001256215977896935,0.0038021343699699006,0.9999850185693544,0.0012897024141760305,0.006314566325763771,0.004768519738594726,0.008214749531062923,0.5428000531504477,-0.0002448744704308802,-0.00036913401784670406,-0.004256590458484755,-0.000830230489380468,0.0034263599691042868,0.0027878766977840197,-0.005363837596575438,-0.008151714294359458,-0.004603752998039695,0.011597382001296536,0.01620113499933623,-0.002475457768797318,0.01201249724598677,0.014487955014784087,0.007574005664680686,0.008038174557547509,0.014703157177442423,0.6049432385075344,0.3950567614924656,0.048771501135005946,0.04849652207790292,0.04236119833030895,0.04863401160645443,-0.048771501135005946,-0.04849652207790292,-0.04863401160645443,0.006410302804696996,0.006135323747593971,-7.295814514160156,8.375907897949219,1.0800933837890625,-3.7890625,265.7421875,261.953125,1.9953306676455513,1.99545227887996,1.9961357424392059,0.12122306014942427,0.12094554520677864,0.8803059556759562,-0.0002775149426456347,0.13193499658995145,0.13156410666503074,-0.00037088992492070524,0.0003768387113196147,1.7134457130822283e-05,-0.0003597042541887924,0.001519712912450677,-0.0006777871916033851,-0.002197500104054069,-0.0014696399769477397,0.008037817942031383,-0.0006834635592458671,-1.9835064419267119,-1.980898778872064,1.980898778872064,113.33262801144727,0.27068332781081955,0.15883558774399995,-0.1118477400668196,0.12478359367112349,0.07860094101715669,-0.0461826526539668,113.22851673090966,-0.11184774006681958,-0.07030942288294713,-0.2663239907618215,-0.24500973544773036,0.5338026409352715,SAD,Oxytocin,1,Female,0,18,0.0
N148,phase3_reinstatement,phase3_reinst_roi,27,4837,0.021664947390951594,0.018848868790481088,0.02934503989027981,0.048075472506864114,0.03962859602744229,0.05492364459853033,0.9783350526090484,-0.0028160786004705063,0.010496171099798723,0.0024320069494288554,-0.0007993521938778059,0.8700164256198052,1.3544933119755784,0.007680092499328217,0.007680092499328217,0.007680092499328217,0.49929598081513915,0.5073357335609365,0.006631714376075681,0.006631714376075681,0.0033158571880378407,0.00803975274579738,0.9999216464232976,0.001408038369721698,0.01467146712187306,0.012168393142404532,0.02093487261955708,0.4812630384489949,0.0020626686239430653,-0.00069403452168679,0.012626006235457982,-0.013854888075288868,-0.02648089431074685,0.0020207196834612917,0.011050370127643538,0.009029650444182247,0.003696341222080596,0.020026004142813025,0.01632966292073243,-0.002616661895648395,0.02695344818045746,0.029570110076105854,0.03834431423001552,0.029010315811934646,0.030747943983658797,0.510270060077726,0.489729939922274,0.059589838482776436,0.059616109377250634,0.10687712069580892,0.059602973930013535,-0.059589838482776436,-0.059616109377250634,-0.059602973930013535,-0.04728728221303248,-0.04726101131855828,20.235285758972168,-26.835561990737915,-6.600276231765747,303.34765625,1263.0224609375,1566.3701171875,1.9906654983002408,1.9941665160611897,1.9917889513418658,0.12212044742764945,0.12320280358558482,0.8798135262332946,0.0010823561579353658,0.13544558761125963,0.13638902123384794,0.0009434336225883112,-0.0013573701522648256,0.00041466038860260535,0.001772030540867431,-0.005282009754660977,0.0015100062424749927,0.006792015997135976,0.0043394416211562994,0.01249710175841695,0.0023775647193238214,-1.9624439114515861,-1.972501568670238,1.972501568670238,95.48945769818202,0.11048809146239329,-0.17250364735036586,-0.28299173881275913,0.05233326162510505,-0.0690212627454973,-0.12135452437060235,91.16226405338622,-0.28299173881275885,-0.05913857813905715,-0.125715150086979,-0.3458493138562484,0.7480360700552813,SAD,Placebo,0,Female,0,33,0.0
N149,phase3_reinstatement,phase3_reinst_roi,27,4837,0.05601897591030347,0.04767619687230884,0.042230812688069275,0.08864644440474789,0.07821921217125755,0.07236327694545691,0.9439810240896965,-0.00834277903799463,-0.005445384184239566,-0.011065471130114413,-0.013355199846390664,0.8510721159545275,0.7538660688304577,-0.013788163222234195,-0.013788163222234195,-0.013788163222234195,0.4979143173377878,0.5105561343646038,0.00847045170239158,0.00847045170239158,0.00423522585119579,0.012641817026815994,0.9998329498549707,0.004171365324424414,0.021112268729207573,0.015581607089421114,0.02783043044558977,0.5274020669044164,-0.0073655651816619,-0.0014096942953693505,-0.02565550507479769,0.00012628470422085258,0.025781789779018544,-0.06748017019563735,-0.022004951845194687,0.04547521835044266,-0.019400659070525295,0.0377992630640791,0.0571999221346044,-0.006572906533126449,0.037736120711968676,0.044309027245095126,0.018817122998642542,0.02516562228481315,0.035114401302423146,0.6429110329792675,0.35708896702073245,0.13026120075406053,0.11137298242851769,0.11388676960481428,0.12081709159128912,-0.13026120075406053,-0.11137298242851769,-0.12081709159128912,0.01637443114924625,-0.002513787176296592,-25.135042428970337,19.358798503875732,-5.7762439250946045,548.2001953125,-117.265625,430.9345703125,1.9833186680535315,1.981413096330925,1.9862250541866047,0.12726125833270358,0.1252097029892043,0.8790344896821041,-0.0020515553434992673,0.15807291264622025,0.15106276899076254,-0.00701014365545773,0.0026163236194622443,0.0016623531241348757,-0.0009539704953273684,0.00840578607315709,0.006342657392594708,-0.0020631286805623747,-0.008041707995738917,0.020545648596957136,-0.004811957855679561,-1.9439942414985354,-1.9253941204206217,1.9253941204206217,108.66655816538254,0.1283230629411623,-0.048684662807512914,-0.1770077257486752,0.031830916485501064,-0.013843667064508371,-0.04567458355000943,106.89850997934984,-0.17700772574867554,0.1150427386367806,0.2898549650278958,-0.03208024323472765,1.1692776278353199,SAD,Placebo,0,Female,0,18,0.0
N150,phase3_reinstatement,phase3_reinst_roi,27,4837,0.025022819128064144,0.02027610602300589,0.022162955603160395,0.047094056715548116,0.042229929121737564,0.04515036553360097,0.9749771808719359,-0.004746713105058253,0.0018868495801545038,-0.0038032883149810015,-0.0034039093878788507,0.8103042992954539,0.8857094251706221,-0.0028598635249037496,-0.0028598635249037496,-0.0028598635249037496,0.49881332395184597,0.5055405121125869,0.004353836064432848,0.004353836064432848,0.002176918032216424,0.006727188160740916,0.9999536806828602,0.002373352096308068,0.011081024225173763,0.008129397219081708,0.01355463709014712,0.5395571783201334,0.0027910520715942015,-0.0008560951637593564,0.009069584846262302,-0.0038408270936580724,-0.012910411939920374,0.02127988862851138,0.0017777354324315375,-0.01950215319607984,0.0001193262684977825,0.018753847045967748,0.018634520777469965,-0.0044154661546333684,0.020674260592796784,0.025089726747430152,0.008163048036269804,0.00891716204320571,0.01602637531308071,0.6167419463862377,0.3832580536137623,0.0734707801412032,0.07539024367422975,0.07563922715393312,0.07443051190771648,-0.0734707801412032,-0.07539024367422975,-0.07443051190771648,-0.0021684470127299182,-0.00024898347970336854,-6.4561614990234375,0.09317779541015625,-6.362983703613281,-17.810546875,121.6337890625,103.8232421875,1.9917115777043937,1.9924161748151188,1.9932997898819482,0.12266914178609648,0.1222668320358443,0.8799240964911202,-0.0004023097502521694,0.1391023415446263,0.13922286795351635,0.00012052640889006691,-0.0005640805404884376,0.00010574991396377954,0.0006698304544522171,-0.002243969170215715,-0.0018794062524470911,0.0003645629177686585,0.00030280786777439617,0.009485022425940254,-0.0008836150668294351,-1.9711368342787878,-1.9673933556870546,1.9673933556870546,111.68180471921919,-0.07614289132479803,0.03809311580477315,0.11423600712957117,-0.02907906439147962,0.0155539945318082,0.044633058923287824,104.2192968898477,0.11423600712957137,-0.0438553622975228,-0.452663512796058,-0.11209574926845761,0.9259096185114586,SAD,Placebo,0,Female,0,19,0.0
N151,phase3_reinstatement,phase3_reinst_roi,27,4837,0.078025677953107,0.06796705840089978,0.09901951201226333,0.12964623072484005,0.1301843030186839,0.14151292867771126,0.921974322046893,-0.010058619552207215,0.03105245361136355,0.00546760725347456,0.006202385123357523,0.8710856665787761,1.269062979255928,0.020993834059156335,0.020993834059156335,0.020993834059156335,0.4974853663135911,0.5247346712980507,0.02222003761164182,0.02222003761164182,0.01111001880582091,0.027249304984459655,0.9991078703463736,0.005029267372817836,0.04946934259610147,0.036299724078847385,0.060846804997616,0.5679381720743352,0.013666996996926164,0.0048170618835229094,0.04515781247277992,0.02161192235356324,-0.023545890119216678,0.07987817703332178,0.0753438912977582,-0.004534285735563581,0.013792858851771062,0.09219145671909529,0.07839859786732423,-0.008786047384618897,0.08138549554231367,0.09017154292693257,0.07386402248886746,0.04336608211721542,0.10677143393356023,0.5950793680914912,0.4049206319085088,0.16429589289237506,0.16598156154281518,0.1819741295068355,0.16513872721759512,-0.16429589289237506,-0.16598156154281518,-0.16513872721759512,-0.01767823661446044,-0.01599256796402032,-34.53905010223389,-5.614593505859375,-40.15364360809326,273.3515625,2336.71875,2610.0703125,1.9677926626038484,1.9784803322899074,1.9709116735623748,0.13005702512053294,0.13332293545036078,0.8773738257181581,0.0032659103298278425,0.1702880548496965,0.17417100446413608,0.0038829496144395827,0.0018543157347736307,0.0017126149116681315,-0.0001417008231054993,0.008015620328583828,0.003324487218110045,-0.00469113311047379,0.0015373830592026877,0.016169681122113762,0.00756865872753254,-1.8718921615501114,-1.9004546543368004,1.9004546543368004,96.29346807599164,-0.060156888257252045,0.20418615400710377,0.2643430422643558,-0.01381865694832135,0.041950126265979895,0.055768783214301246,96.0321988442322,0.2643430422643562,0.2130222879508119,0.8834502831088502,0.7060681838187812,0.7901866703356567,SAD,Oxytocin,1,Female,0,22,1.0
N153,phase3_reinstatement,phase3_reinst_roi,27,4837,0.012440123090812438,0.011628807954357945,0.012639270690476767,0.02522315007132403,0.0232710629442775,0.023774665259798544,0.9875598769091876,-0.0008113151364544935,0.0010104627361188223,-0.00030608376839508233,-0.0017002859692860084,0.9347816353304378,1.0160076743721818,0.00019914759966432882,0.00019914759966432882,0.00019914759966432882,0.49979717122701206,0.503159775607912,0.00295694683492409,0.00295694683492409,0.001478473417462045,0.0033626043808999695,0.9999855364226491,0.00040565754597587933,0.00631955121582406,0.005686835747192531,0.007429305658530103,0.7088361350762569,0.0010604334158311284,-0.0014930744935205606,0.004925604884412377,-0.0074739954403572895,-0.012399600324769666,0.004738609714258102,-0.011206394955172061,-0.015945004669430163,0.0017069339411744655,0.00839254227523814,0.006685608334063675,-0.0007558685010317229,0.012129539995416785,0.012885408496448508,0.0037124404772301573,0.0048593850896346685,0.005333773150901365,0.5190792654471217,0.4809207345528783,0.04665559271014365,0.04206878692755764,0.052439993887678366,0.04436218981885064,-0.04665559271014365,-0.04206878692755764,-0.04436218981885064,-0.005784401177534718,-0.010371206960120727,2.689054250717163,-7.455841541290283,-4.76678729057312,174.31591796875,-139.2109375,35.10498046875,1.9957273036709813,1.9960144171952465,1.9959969444647105,0.12093833150346256,0.12096136278954735,0.8803477418710954,2.303128608478755e-05,0.13118315186709129,0.1301259225426331,-0.001057229324458165,-2.142965724217939e-05,0.00018962334230975548,0.00021105299955193486,0.0030451816146379596,0.0008019247593772649,-0.0022432568552607293,-0.0021788577520885297,0.007020153223560347,1.7472730535983416e-05,-1.9833576737742338,-1.983574294104434,1.983574294104434,120.21440105879488,0.16505842999391238,0.013131542753798001,-0.15192688724011438,0.0867797793652477,0.006827684235683637,-0.07995209512956405,108.02303759741804,-0.1519268872401145,-0.06608032826365759,-0.22098393619168433,-0.26241885533595666,0.5371506055090368,SAD,Placebo,0,Female,0,25,0.0
N154,phase3_reinstatement,phase3_reinst_roi,27,4837,0.032837663451782184,0.028279365843849824,0.032126306164617646,0.0577140196603233,0.054571598451828685,0.06635353503202496,0.9671623365482178,-0.00455829760793236,0.003846940320767822,-0.002634827447548449,0.0027485470816035196,0.8611866454355959,0.9783368548259337,-0.0007113572871645379,-0.0007113572871645379,-0.0007113572871645379,0.4988604275711932,0.5080308858302328,0.0068913134014260136,0.0068913134014260136,0.0034456567007130068,0.009170458259039616,0.9999050756767459,0.002279144857613602,0.01606177166046563,0.012392124512513834,0.02213614505699609,0.5448759171183847,0.006044350862892754,-0.0017067903281100408,0.02804386556693439,-0.004478393740423886,-0.032522259307358276,0.049691111640812635,-0.0058575320335017,-0.055548643674314335,0.01004586804992666,0.02652111688835626,0.0164752488384296,-0.003976064733540535,0.028760313758568204,0.03273637849210874,0.01969720424520344,0.019008859291520745,0.015720415130904882,0.566881528215502,0.433118471784498,0.10085811037749666,0.10390364499287218,0.09695698705543133,0.10238087768518442,-0.10085811037749666,-0.10390364499287218,-0.10238087768518442,0.003901123322065325,0.006946657937440842,-3.075454831123352,-2.1555445194244385,-5.2309993505477905,-960.3671875,661.75,-298.6171875,1.988610136627454,1.9899105017913483,1.9902352955032239,0.12378418290498525,0.12367184405026646,0.8795960191048594,-0.00011233885471878535,0.14684969779556112,0.14749708581313353,0.0006473880175724284,-9.911277458148071e-06,0.0009413461203892892,0.0009512573978474372,0.0005974165829852884,0.00449936320267208,0.0039019466196867914,0.002598361327415824,0.0048952147494432646,-0.0003247937118755484,-1.9581089893386063,-1.9570728383395661,1.9570728383395661,107.63596416853545,0.033741353764267554,-0.07840829040390562,-0.11214964416817318,0.010926730569209224,-0.025540802816024166,-0.03646753338523339,107.60489059034171,-0.11214964416817338,-0.04447050998936477,-0.327771879753116,-0.2760355840447314,0.5293340305489623,SAD,Oxytocin,1,Male,1,19,1.0
N155,phase3_reinstatement,phase3_reinst_roi,27,4837,0.06331686816589777,0.02879757015525397,0.07285951358991472,0.13770250808134854,0.07102507572064098,0.13160786996050094,0.9366831318341022,-0.034519298010643795,0.044061943434660744,-0.012488326293313423,-0.036386035240777576,0.4548166458839128,1.1507123487518465,0.009542645424016949,0.009542645424016949,0.009542645424016949,0.49137103232382306,0.5182068248526149,0.009577857176437998,0.009577857176437998,0.004788928588218999,0.02683579252879187,0.9994142304007181,0.01725793535235387,0.03641364970522987,0.0169042671790788,0.04708687549858421,0.29123950286775935,-0.005397460262536111,0.0012965874282285632,-0.024846577152359856,0.013872633190832429,0.038719210343192284,-0.006159767680401829,-0.025469884399871967,-0.01931011671947014,-0.042605896895685336,0.07092745927307922,0.11353335616876456,-0.030182608319505408,0.06399114267766301,0.09417375099716842,0.03184190382392313,0.06064598540392416,0.06532469399463196,0.7258654360851995,0.2741345639148005,0.10263843538771263,0.1020715985339868,0.19699269933975344,0.10235501696084971,-0.10263843538771263,-0.1020715985339868,-0.10235501696084971,-0.09435426395204081,-0.09492110080576664,-6.883622169494629,-9.659999579191208,-16.543621748685837,-695.3857421875,20.7626953125,-674.623046875,1.9730369365312639,1.987377790802671,1.9840753089120429,0.12740940464880157,0.12884432547547137,0.8779369361677146,0.0014349208266697944,0.15112779943993743,0.1524606982018444,0.001332898761906981,0.002942322487916244,0.0016826522427706146,-0.0012596702451456291,0.015611207323718235,0.011646583208086814,-0.003964624115631393,-0.0006494132959087157,0.02304640415437423,0.003302481890628206,-1.911215795322128,-1.9240609226367733,1.9240609226367733,101.66517921136091,0.1944350193619437,0.2510045513365127,0.056569531974569015,0.04820901509568736,0.05805316657735454,0.00984415148166718,99.6005767088574,0.056569531974569875,-0.043393725684009864,-0.3627729369485566,-0.12481693649970843,0.4596269959416701,SAD,Oxytocin,1,Female,0,26,1.0
N156,phase3_reinstatement,phase3_reinst_roi,27,4837,0.03967496018964223,0.03347925367216231,0.04891666650122717,0.07361077277213052,0.06641579597454983,0.09625281433408528,0.9603250398103578,-0.006195706517479915,0.015437412829064856,0.0015229998970525127,0.007723532382187037,0.8438381556970292,1.23293517972189,0.00924170631158494,0.00924170631158494,0.00924170631158494,0.49845107832546964,0.5122267286718128,0.01067780699728249,0.01067780699728249,0.005338903498641245,0.013775650346343205,0.9997808445842663,0.003097843349060714,0.024453457343625695,0.018496508004968083,0.029305075846740462,0.6022890605485136,0.002776780825669974,0.0011739995872485339,0.014382470970135786,-0.002674705160318952,-0.017057176130454738,0.01833419607803788,0.03353968534336471,0.015205489265326833,0.0016450787632323605,0.04120182015161222,0.03955674138837986,-0.005546156721835532,0.0425391727317717,0.04808532945360723,0.03294815221824611,0.029299454305629587,0.04197592806000223,0.5483475882025989,0.4516524117974011,0.10658602063530224,0.12170216875106452,0.12666911871447822,0.11414409469318337,-0.10658602063530224,-0.12170216875106452,-0.11414409469318337,-0.02008309807917598,-0.004966949963413708,2.644888401031494,5.8452441692352295,8.490132570266724,-428.623046875,-309.240234375,-737.86328125,1.9838328368024274,1.9889957596091872,1.986198912877105,0.12462743698338709,0.12594673410625726,0.8790891520592221,0.0013192971228701694,0.14931242436791867,0.15438710501799963,0.005074680650080942,0.0014439366183705516,0.0011354663735508586,-0.0003084702448196932,0.007064841781243725,0.0006262330383012549,-0.0064386087429425184,0.0018553762786096828,0.018830659777264273,0.0027968467320822477,-1.9372822463758776,-1.949320799419545,1.949320799419545,99.64458729301201,0.10500235019272203,-0.1547171250704113,-0.2597194752631333,0.034941801442619096,-0.04567546465028534,-0.08061726609290443,95.33777304631013,-0.2597194752631334,-0.03689468340997027,-0.2552024317604258,-0.3873206911433463,0.6520794921552594,SAD,Placebo,0,Male,1,19,1.0
N157,phase3_reinstatement,phase3_reinst_roi,27,4837,0.05713115561227633,0.030335933070437582,0.045083095706396015,0.09755837170265547,0.057621430684338004,0.0680981194452614,0.9428688443877237,-0.026795222541838748,0.014747162635958433,-0.01942164122385953,-0.034698596637855766,0.5309874697168616,0.7891156293283919,-0.012048059905880315,-0.012048059905880315,-0.012048059905880315,0.4933015951386769,0.5112688653407831,0.00457046047945997,0.00457046047945997,0.002285230239729985,0.0179672702021062,0.9997520468184735,0.01339680972264623,0.02253773068156617,0.008320758256248416,0.03246259499228226,0.2141346791425341,-0.0009409876821149745,0.00027894285584801443,0.003660413875355595,-0.009749489334247935,-0.01340990320960353,-0.039941768648216525,0.007122127055388616,0.04706389570360514,-0.02156326643913803,0.03516024522218869,0.05672351166132672,-0.023393473376815827,0.04003498988931266,0.06342846326612848,0.026211920764672752,0.034821416456654534,0.04119814239971566,0.7840557492387482,0.2159442507612518,0.11923911396347082,0.09776065657113309,0.09990254441925786,0.10849988526730195,-0.11923911396347082,-0.09776065657113309,-0.10849988526730195,0.019336569544212964,-0.002141887848124774,-11.222951412200928,-2.8576064109802246,-14.080557823181152,868.662109375,-386.4345703125,482.2275390625,1.9803951706082608,1.9854507354867141,1.9896397818525635,0.126936693895937,0.12514811015617913,0.8787232812198944,-0.0017885837397578763,0.1552791015076597,0.14750748226432903,-0.007771619243330672,-0.0032850987755936056,0.00045712564237423086,0.0037422244179678367,-0.01624280335851594,0.00016716924890133877,0.016409972607417257,0.0004333670603779566,0.03694559149486707,-0.00418904636584938,-1.9445566861461674,-1.928319579874438,1.928319579874438,97.64465019534816,0.009305824665210287,-0.18769408984980643,-0.19699991451501672,0.002509601600271124,-0.05655195224310664,-0.059061553843377766,97.62174024302465,-0.19699991451501714,0.07224299926878108,0.17624579568816812,-0.1088770166709331,0.912898859486209,SAD,Oxytocin,1,Female,0,20,0.0
N158,phase3_reinstatement,phase3_reinst_roi,27,4837,0.04053706929901668,0.055394660574560994,0.055635791691684644,0.08296669992763844,0.09551054675543097,0.10665362900342701,0.9594629307009833,0.014857591275544313,0.00024113111712364965,0.014978156834106138,0.018115387951790546,1.3665182971360423,1.3724667058841167,0.015098722392667963,0.015098722392667963,0.015098722392667963,0.5037143294915645,0.5139053612880043,0.01761969077956882,0.01761969077956882,0.00880984538978441,0.01761969077956882,0.9997011018991429,0.007428658983128944,0.027810722576008695,0.023068690777270986,0.03448952532603036,0.4812310167826945,0.0033562333318311096,0.01736194208492004,0.012538031251013604,0.07113946199608606,0.05860143074507246,0.014714291011844516,0.07962038270684946,0.06490609169500494,0.01938639018970123,0.06858973798839058,0.049203347798689345,0.013117374564194428,0.033020006990347545,0.019902632426153116,0.03813119677916751,0.06011881775335167,0.0749396457914684,0.35551213314613933,0.6444878668538607,0.09914613868246214,0.1721923047269863,0.13810595054517666,0.13566922170472423,-0.09914613868246214,-0.1721923047269863,-0.13566922170472423,-0.03895981186271452,0.034086354181809636,-30.4675372838974,31.551145911216736,1.083608627319336,-457.794921875,1812.4169921875,1354.6220703125,1.9844910170828212,1.9846634981801756,1.97988762823047,0.12519522492727705,0.12738818106719169,0.8791590935188639,0.0021929561399146313,0.14803830520468975,0.16906914691956484,0.021030841714875084,0.002076704228530056,0.01159134435326235,0.009514640124732295,0.0055543571088468024,0.04247288278841302,0.0369185256795662,0.039490104554658186,0.05407533268672843,0.00477586994970558,-1.9242518365387853,-1.9441264288811588,1.9441264288811588,105.35420046250943,-0.024487559984875753,-0.13606494913237946,-0.1115773891475037,-0.007312856171947863,-0.03434775947304756,-0.027034903301099696,104.60355210683663,-0.11157738914750404,-0.0721900079411723,-0.08144741747367025,-0.15230109788433915,0.6299165143128442,SAD,Placebo,0,Male,1,18,0.0
N201,phase3_reinstatement,phase3_reinst_roi,27,4837,0.018739430579464367,0.025782220686947355,0.029596554012652376,0.03608872662807666,0.04449054140946562,0.05208563109901232,0.9812605694205356,0.007042790107482988,0.0038143333257050216,0.008949956770335499,0.01219935962616231,1.375826592988097,1.5793723343633739,0.01085712343318801,0.01085712343318801,0.01085712343318801,0.5017606902492261,0.5073985984404837,0.009159288689709832,0.009159288689709832,0.004579644344854916,0.009159288689709832,0.9999165526531273,0.003521380498452187,0.014797196880967478,0.01650919476249841,0.021265508690056174,0.7055738755984976,0.005994731755652413,-0.0041410426680759446,0.02291808471962975,-0.023337446343451945,-0.046255531063081695,0.055471286467155934,-0.019512185496781687,-0.07498347196393762,0.017741107276395218,0.015067601436690503,-0.002673505839704715,0.006282064916580343,0.026736324608416476,0.020454259691836132,0.01700874786081741,0.038482999470059405,0.04787461646116587,0.38638128233768493,0.6136187176623151,0.0881889556788806,0.0869122499206147,0.059166051373015296,0.08755060279974766,-0.0881889556788806,-0.0869122499206147,-0.08755060279974766,0.029022904305865307,0.02774619854759941,4.8894195556640625,13.9276123046875,18.817031860351562,-1145.904296875,495.029296875,-650.875,1.9922458686206341,1.9933901558467109,1.9895526476285332,0.12189022975585824,0.1234717993215669,0.8799805369720636,0.0015815695657086654,0.14216356495774438,0.14333458584526382,0.0011710208875194451,-0.0035399500363808025,-0.0007060607982049401,0.0028338892381758627,-0.014957604944595693,-0.0019571213512454833,0.013000483593350258,0.007671262684194574,0.025362504881705734,0.003837508218177632,-1.9599560936158809,-1.9746507252672465,1.9746507252672465,106.88526213848498,0.2346957037720637,0.46088876439089604,0.22619306061883235,0.10020926965224261,0.15700673031538395,0.05679746066314134,106.87126956747213,0.22619306061883307,0.09303945144475749,0.5359401541345067,0.49416313768608644,1.3131325197737485,HC,Placebo,0,Male,1,45,0.0
N203,phase3_reinstatement,phase3_reinst_roi,27,4837,0.032326189785416126,0.026248959442885633,0.03287611397291157,0.059809853648613354,0.05631297618068626,0.06195075334311362,0.9676738102145839,-0.006077230342530493,0.006627154530025936,-0.002763653077517525,-0.0006779888867134154,0.8120026361628742,1.0170114084286372,0.000549924187495443,0.000549924187495443,0.000549924187495443,0.4984806970903647,0.5082182882861098,0.006698985376474509,0.006698985376474509,0.0033494926882372544,0.009737591195745132,0.9998992254593982,0.0030386058192706233,0.01643657657221964,0.011643433616841177,0.0193896863554048,0.4730770625197157,0.0012442806592940596,-7.492372843963324e-05,0.011274871349246901,0.003814779084600761,-0.00746009226464614,0.017067177022357827,-0.037505688190200726,-0.05457286521255855,0.0004932062700426232,0.030338486180563562,0.02984527991052094,-0.005144229404580827,0.02843109663826318,0.03357532604284401,0.019513005792555427,0.028904510701875313,0.04027648416619706,0.58743522195878,0.41256477804122005,0.08904464007425028,0.11568223282134442,0.09436612681907723,0.10236343644779736,-0.08904464007425028,-0.11568223282134442,-0.10236343644779736,-0.00532148674482695,0.021316106002267188,1.7902499437332153,-1.704133152961731,0.08611679077148438,-687.453125,222.158203125,-465.294921875,1.9882509168795233,1.9906278262067896,1.9904802299712023,0.12365096702806261,0.1237265711652525,0.8795579700805927,7.560413718989134e-05,0.1438078446926986,0.15051187454407508,0.0067040298513764834,-0.0014933369924853609,-0.00026469641955848266,0.0012286405729268783,-0.009396606260959839,-0.0003271958152105403,0.00906941044574934,0.011238735074251154,0.012243585836694123,0.000147596235587244,-1.9576041159982909,-1.9583016364213734,1.9583016364213734,100.32777535885094,-0.11234082481046705,-0.1537882029431095,-0.041447378132642446,-0.04082090262153354,-0.05525392276020893,-0.014433020138675388,96.53134391360109,-0.041447378132643264,0.1278878691835036,0.43810136450138193,0.1776033041180477,0.5838016205255229,HC,Oxytocin,1,Female,0,22,1.0
N204,phase3_reinstatement,phase3_reinst_roi,27,4837,0.03960478906672771,0.040146138128915876,0.03892503721785889,0.08316573787136089,0.08705149999464501,0.08225356073558843,0.9603952109332723,0.0005413490621881678,-0.0012211009110569826,-6.920139334032349e-05,0.0014867924937558286,1.013668521869688,0.9828363767804117,-0.0006797518488688148,-0.0006797518488688148,-0.0006797518488688148,0.5001353372622419,0.5097300307905647,0.009865368052806578,0.009865368052806578,0.004932684026403289,0.009865368052806578,0.9998633799656086,0.000270674524483816,0.01946006158112934,0.017486773745780733,0.024350382197590163,0.8012393269329889,-0.00033437999394022086,0.001810967262378013,0.005554485538651871,0.00211391908642089,-0.003440566452230981,-0.02360655294795,0.02739470674075206,0.05100125968870206,0.0037358832980262935,0.03507186650607155,0.03133598320804526,0.000958640528700358,0.03401490696286111,0.03305626643416075,0.030870370230207986,0.018181775767332042,0.048284572925657264,0.47827241295769585,0.5217275870423042,0.11989183550658025,0.12115141311670703,0.1205815715157886,0.12052162431164365,-0.11989183550658025,-0.12115141311670703,-0.12052162431164365,-0.0006897360092083527,0.0005698416009184276,1.6444377899169922,-8.614198684692383,-6.969760894775391,-130.96435546875,-290.15087890625,-421.115234375,1.9868535008430972,1.9865153636053507,1.9868078103832714,0.12489061950702302,0.12478440379172384,0.8794098552323463,-0.00010621571529917384,0.1528437257237359,0.1530284531079038,0.00018472738416789106,8.567533664689952e-05,-0.000631405903612187,-0.0007170812402590864,0.001060557397745826,0.00012008868977592124,-0.0009404687079698978,-0.00028550696981705787,0.010699529145054098,-0.00029244677792061857,-1.9478827731654125,-1.946910574538623,1.946910574538623,99.86107416236288,-0.009930541946554919,-0.06405409647456994,-0.054123554528015025,-0.00326023521276578,-0.021151717542473865,-0.017891482329708084,96.29463965804449,-0.054123554528015025,-0.06985942898030982,-0.3681158784394357,-0.23818149374773287,0.6682728510968071,HC,Placebo,0,Female,0,28,0.0
N206,phase3_reinstatement,phase3_reinst_roi,27,4837,0.3705012484980774,0.04056423746375881,0.3426955519492816,0.3921898414947798,0.07049626027178474,0.3827277196185022,0.6294987515019226,-0.3299370110343186,0.3021313144855228,-0.17887135379155722,-0.16557785154963633,0.10948474946669934,0.9249511144401683,-0.027805696548795833,-0.027805696548795833,-0.027805696548795833,0.41825594942273914,0.5848451557727876,0.0031011051955267543,0.0031011051955267543,0.0015505525977633772,0.16658920635004848,0.979880417737533,0.16348810115452173,0.16969031154557523,0.004794118810773018,0.3052722149032464,0.015082984223078633,0.0006862625217035597,-0.0005165527091803264,0.0077180603790837354,-0.019684078857003517,-0.027402139236087364,0.02661818244175418,0.0020743726132180784,-0.0245438098285361,-0.2966190659029315,0.30022429428551767,0.5968433601884492,-0.3004780960924734,0.3100663337140194,0.6105444298064928,0.08106942325617071,0.05345599949904657,0.12214936535907076,0.9951635292433662,0.004836470756633848,0.08694935301628957,0.0941646235969458,0.3767797726804254,0.09055698830661768,-0.08694935301628957,-0.0941646235969458,-0.09055698830661768,-0.2898304196641358,-0.2826151490834796,-122.44629764556885,1.5236892700195312,-120.92260837554932,-8805.953125,548.25634765625,-8257.69677734375,1.8448757057557372,1.940578185457022,1.951370989203504,0.17220542403870107,0.1667725929141183,0.8635243287646921,-0.00543283112458276,0.19234567798024765,0.1888461830814489,-0.0034994948987987565,-3.52378075615429e-05,0.0011937770950093288,0.0012290149025708716,-0.004035862413644453,0.005401061251448291,0.009436923665092745,0.0012189669337476158,0.015607969179865523,-0.01079280374648195,-1.6086754372542225,-1.5700769369589447,1.5700769369589447,96.11127982410892,0.4746479147046008,0.3069712813857353,-0.1676766333188655,0.0463481498449688,0.031134495778492043,-0.015213654066476758,95.77031384113731,-0.1676766333188645,-0.012445770201008751,-0.10858963090522708,-0.22197144877147806,0.5623341074554283,HC,Placebo,0,Male,1,38,0.0
N207,phase3_reinstatement,phase3_reinst_roi,27,4837,0.04122397856140547,0.03764114393019313,0.04898960977097078,0.0875948341840333,0.06467830314257883,0.08569592217390837,0.9587760214385945,-0.0035828346312123394,0.011348465840777644,0.0020913982891764826,-0.0124077215257897,0.9130883556821414,1.188376270238819,0.007765631209565305,0.007765631209565305,0.007765631209565305,0.4991042923003579,0.5122449535684862,0.011349245868844116,0.011349245868844116,0.005674622934422058,0.013140661268128295,0.999782504818296,0.0017914153992841797,0.02448990713697241,0.02003065445379617,0.028803261005673465,0.6932062145224004,-0.0022276030097294394,-0.0010584763912802318,-0.014419557887834361,0.0005428456798661774,0.014962403567700538,0.0033212383864640316,-0.0015706228006960865,-0.004891861187160118,-0.010564043148566127,0.04368699595217437,0.0542510391007405,-0.0033542642046489463,0.043415573112241285,0.04676983731689023,0.032398637403263764,0.022275443369308562,0.048710559254996635,0.6022007944983784,0.3977992055016216,0.08846789797503728,0.10846013915754886,0.11710358987599405,0.09846401856629307,-0.08846789797503728,-0.10846013915754886,-0.09846401856629307,-0.028635691900956772,-0.00864345071844519,-23.141817331314087,8.215856552124023,-14.925960779190063,-84.2470703125,277.3154296875,193.068359375,1.9842096378552183,1.9877946161006053,1.9850684160444474,0.12492777696313204,0.12607927343882716,0.8791291970556692,0.001151496475695124,0.14507050330842436,0.15143789446797765,0.006367391159553308,-0.00019151745215594646,-0.003490726792755723,-0.0032992093405997767,-0.001924087798172297,-0.010043019511536022,-0.008118931713363697,0.0023079253028714594,0.021627082135921693,0.002726200056157868,-1.9360788062734766,-1.9465706375391998,1.9465706375391998,95.25363565748573,0.18102279799922963,0.2717571335563682,0.09073433555713858,0.0589532094779226,0.08134123859594751,0.022388029118024913,94.44674011867788,0.0907343355571385,-0.07828320050056606,-0.18659625329491702,-0.002563791090320011,0.6829775413614159,HC,Placebo,0,Male,1,38,1.0
N209,phase3_reinstatement,phase3_reinst_roi,27,4837,0.01233218536277958,0.010849871005978229,0.012933443157886915,0.02465167246654637,0.021136313257331063,0.022747225785301195,0.9876678146372204,-0.0014823143568013508,0.002083572151908686,-0.0004405282808470079,-0.0027099029452302414,0.8798004480795667,1.0487543196827704,0.000601257795107335,0.000601257795107335,0.000601257795107335,0.4996294214786543,0.5032333157188059,0.002862737197460219,0.002862737197460219,0.0014313685987301095,0.003603894240151617,0.9999847193609801,0.0007411570426913983,0.006466631437611836,0.0054395533260147705,0.00845943555088946,0.5816611098640657,0.0015187090734801218,0.0008862198239785906,0.0037992541776893096,0.005224865080602242,0.0014256109029129327,0.015121016303561219,0.007894190300806514,-0.007226826002754705,0.00046378042598688163,0.014927385855188435,0.014463605429201554,-0.0014358466628577732,0.012314953314887314,0.013750799977745087,0.007520835621012662,0.009629576247647093,0.012317989052232461,0.5857587862386546,0.4142412137613454,0.03964853949024333,0.04466471830697839,0.038826369899488775,0.04215662889861086,-0.03964853949024333,-0.04466471830697839,-0.04215662889861086,0.000822169590754554,0.005838348407489619,-12.133091807365417,2.092812657356262,-10.040279150009155,-603.23486328125,278.85400390625,-324.380859375,1.9955660717400239,1.9962888593675574,1.9960822757870829,0.12089768572725779,0.12098357056611053,0.8803307573681497,8.588483885274556e-05,0.1295055046555565,0.13073998730542752,0.0012344826498710618,-2.2477063259867497e-05,-0.00036722013904363286,-0.0003447430757837654,-0.00037505176089222547,-0.002339684479240295,-0.0019646327183480555,0.000252166290697034,0.0028662551097210546,0.00020658358047453973,-1.983148832629196,-1.9839566740047778,1.9839566740047778,123.65028396976079,-0.07013355051859395,-0.04469352118391368,0.025440029334680266,-0.033519763562752075,-0.020883506342555536,0.01263625722019654,119.34311744850399,0.025440029334680102,0.008601604695292153,0.06810202218389688,0.05949104042662855,0.1693571233673199,HC,Placebo,0,Female,0,37,1.0
N210,phase3_reinstatement,phase3_reinst_roi,27,4837,0.039188146080031294,0.0634350524087901,0.07564545234849485,0.06439956337900055,0.10939613408013216,0.11042469114027847,0.9608118539199687,0.02424690632875881,0.012210399939704741,0.03035210629861118,0.04551084923120477,1.6187302173452873,1.9303141539502218,0.03645730626846355,0.03645730626846355,0.03645730626846355,0.5060614296192629,0.518902350306616,0.024963779925879004,0.024963779925879004,0.012481889962939474,0.02496377992587895,0.999431396615058,0.012122859238525852,0.037804700613232045,0.03882188293180582,0.044074652578744246,0.8706397009005875,0.0011070951213406556,-0.004711738662546185,-0.0054036592325319155,-0.0015023541447412025,0.003901305087790713,0.014132319367167745,-0.12144537053413995,-0.1355776899013077,0.019197304327685655,0.05499345484728943,0.035796150519603775,0.021899133943951613,0.05574463191966003,0.03384549797570842,0.0512987668942164,0.06966307731456313,0.06732667495515755,0.3150926714332565,0.6849073285667435,0.11205232948676046,0.16852305683662255,0.07176522350994191,0.1402876931616915,-0.11205232948676046,-0.16852305683662255,-0.1402876931616915,0.040287105976818546,0.09675783332668064,-11.656745910644531,0.5357131958007812,-11.12103271484375,-615.0185546875,1456.9111328125,841.892578125,1.9806154908982445,1.9849764226294444,1.9743416938214473,0.1250133304145455,0.13025610526508125,0.8787467585025023,0.0052427748505357585,0.1511372017281012,0.172160281446856,0.021023079718754792,0.0005702673312582859,-0.007580511080585455,-0.008150778411843742,-0.0006981824739033804,-0.0432102737116255,-0.042512091237722135,-0.00023296590010627588,0.06756101734454725,0.010634728807997096,-1.8986962414729525,-1.945788276549413,1.945788276549413,106.87050532538827,-0.008947636430282577,-0.6526321614074675,-0.6436845249771849,-0.0027000306044843375,-0.1349421614966117,-0.13224213089212736,106.59671009712413,-0.6436845249771851,-0.019457990126322815,-0.18707843510887856,-0.7372237425316244,1.4388821607083635,HC,Oxytocin,1,Male,1,22,0.0
N211,phase3_reinstatement,phase3_reinst_roi,27,4837,0.02808144723032513,0.03009324096397048,0.03591609089841363,0.06441719446992356,0.0642775149404674,0.06352948689649568,0.9719185527696749,0.0020117937336453506,0.005822849934443153,0.004923218700866927,-0.0005136935514420127,1.0716410020015923,1.2789966917966027,0.007834643668088503,0.007834643668088503,0.007834643668088503,0.5005029482637788,0.508978057629905,0.009481005893683891,0.009481005893683891,0.004740502946841918,0.009481005893683836,0.9998833396281035,0.0010058965275576703,0.01795611525981,0.01699085280783022,0.022522281676428377,0.6864393665710614,0.0038051327889813045,0.0005688935161012336,0.013411276691278756,0.006070872105114672,-0.007340404586164084,0.02234035371401799,0.00902928685318849,-0.013311066860829501,0.008744991405436386,0.03497778860842077,0.02623279720298438,0.0020393530597970083,0.03194235255586343,0.029902999496066424,0.026446154828168505,0.03487264004524598,0.024841552343797847,0.46617693348839084,0.5338230665116092,0.10804587957912545,0.10494202852958094,0.10444050198643456,0.10649395405435319,-0.10804587957912545,-0.10494202852958094,-0.10649395405435319,0.0036053775926908893,0.0005015265431463772,-1.8518180847167969,-4.350216865539551,-6.202034950256348,399.62109375,-420.9404296875,-21.3193359375,1.9890456780488937,1.9910403288489549,1.9883846883005694,0.12314718530713939,0.1242844321574953,0.8796421383045901,0.0011372468503559052,0.1481086300485023,0.14847939746220648,0.00037076741370416916,6.667515561803912e-05,0.0010543078194245774,0.0009876326638065384,0.0033729230145893574,0.004270336577084921,0.0008974135624955359,0.0008194741949519371,0.020493827430389994,0.0026556405483855183,-1.9524685974021558,-1.9629588816186296,1.9629588816186296,99.750793125184,-0.023757239331239917,0.035042239810703084,0.058799479141943,-0.008978815031473004,0.011723747233001578,0.020702562264474582,99.39747865973725,0.05879947914194285,0.02981712064397898,0.286334385377165,0.20196667183052536,0.6846025667229952,HC,Placebo,0,Male,1,35,0.0
N212,phase3_reinstatement,phase3_reinst_roi,27,4837,0.00979211190919782,0.00976563073954917,0.009162820170467323,0.022947705291091525,0.02643732922605191,0.023054111839545977,0.9902078880908022,-2.6481169648651104e-05,-0.0006028105690818464,-0.0003278864541895743,0.001798015241707418,0.9972946446240862,0.9357338741729319,-0.0006292917387304975,-0.0006292917387304975,-0.0006292917387304975,0.4999933797075883,0.5022906890159722,0.0022840687235604618,0.0022840687235604618,0.0011420343617802309,0.002297309308383899,0.9999924297198354,1.3240584823437374e-05,0.004581378031944361,0.004313459511542099,0.005649389062079589,0.5676254203946817,-0.0007784981565117895,0.0002624231941497978,-0.0034040415560568638,0.0021531328840755926,0.005557174440132456,-0.009243401687975217,0.0008296488357901755,0.010073050523765392,-0.0017279222436389907,0.009729386930732553,0.011457309174371544,-2.5901465610558838e-05,0.008652820488694757,0.008678721954305316,0.00446856884325812,0.014423244635923376,0.0169147757467933,0.49446203155991236,0.5055379684400876,0.04511075864995938,0.04730609171266781,0.045122293107371286,0.046208425181313593,-0.04511075864995938,-0.04730609171266781,-0.046208425181313593,-1.1534457411907506e-05,0.002183798605296522,-1.1300382614135742,-1.4024286270141602,-2.5324668884277344,283.9423828125,314.9267578125,598.869140625,1.9968741571276247,1.9966362116494012,1.9969005572110583,0.12059114174089004,0.12049640459915698,0.8804684936770695,-9.473714173306724e-05,0.13042749806509712,0.13084496707224802,0.00041746900715087035,-0.00021556923627505023,0.0009017744412066347,0.001117343677481685,-0.0019056124546337483,0.0030070364981876763,0.004912648952821404,0.002873793483561572,0.004975336549856012,-0.0002643455616571089,-1.9877377370405909,-1.9868440997402033,1.9868440997402033,118.24621983673411,0.14866995934982968,-0.05902210310088598,-0.20769206245071567,0.08522539458320993,-0.03476118441765073,-0.11998657900086065,111.94426637872984,-0.2076920624507157,0.00015123676186897585,0.04250206669619647,-0.18644102910261745,0.31971667537986237,HC,Oxytocin,1,Female,0,25,0.0
N213,phase3_reinstatement,phase3_reinst_roi,27,4837,0.005354047414295349,0.007081906218011191,0.008130430740482475,0.012700763806070048,0.012576706170324248,0.014927332629673717,0.9946459525857047,0.0017278588037158427,0.0010485245224712836,0.0022521210649514845,0.0010512555939289348,1.3227176457059429,1.5185550156362166,0.0027763833261871262,0.0027763833261871262,0.0027763833261871262,0.5004319645934598,0.5020325964882527,0.002464561081712613,0.002464561081712613,0.0012322805408562787,0.0024645610817125574,0.9999937703659227,0.0008639291869196875,0.004065192976505427,0.004807319531795792,0.00517179804957596,1.1220724443945673,8.643620706048442e-05,-8.629188224983428e-05,0.0006040405956700412,0.00042159178697115385,-0.00018244880869888735,-0.0005131014890864538,-0.008035969488794037,-0.007522867999707583,0.0019945934722742087,0.008132861782637973,0.006138268310363765,0.001692573174439188,0.007922065889152397,0.006229492714713208,0.0045899256431075125,0.00484109272437451,0.005949764878091517,0.40534886366853184,0.5946511363314682,0.021793557655650955,0.022003947865724058,0.023911324462706537,0.021898752760687507,-0.021793557655650955,-0.022003947865724058,-0.021898752760687507,-0.002117766807055582,-0.0019073765969824796,-11.013513565063477,-2.5205860137939453,-13.534099578857422,-453.0478515625,497.927734375,44.8798828125,1.9977907069606513,1.9981439682652762,1.9972019902555151,0.11996201494266806,0.1203551216037146,0.880564921163155,0.00039310666104654113,0.12462838877588296,0.12507105606351906,0.0004426672876361136,0.0002470271840121734,0.0002476765537524205,6.493697402470702e-07,0.0008736622520785775,0.0015333295016234372,0.0006596672495448389,0.000772500912408533,0.002244667451807193,0.0009419780097610353,-1.9890715595150326,-1.992789920850981,1.992789920850981,138.5844183532993,-0.027235470736942553,0.0692817244209037,0.09651719515784626,-0.019155528797008055,0.039652709237733286,0.05880823803474134,123.1618665497351,0.09651719515784635,-0.012103073259377282,0.027955305863324037,0.11049484808950835,0.33724936177810727,HC,Oxytocin,1,Male,1,20,0.0
N214,phase3_reinstatement,phase3_reinst_roi,27,4837,0.06271916606919692,0.05661854336252381,0.05832549679907684,0.10667406390995082,0.09414147891940194,0.09725896524374128,0.9372808339308031,-0.006100622706673109,0.001706953436553027,-0.005247145988396595,-0.01097384182837921,0.9027309813518215,0.9299467954541908,-0.004393669270120082,-0.004393669270120082,-0.004393669270120082,0.49847484905353323,0.514577241951682,0.013052091005215205,0.013052091005215205,0.0065260455026076025,0.016102392898148743,0.9996900338178842,0.003050301892933538,0.029154483903363948,0.02115878193619395,0.03605159462678132,0.5258203666856658,-0.00020433012473751406,0.002230261816499968,-0.02373816388839592,0.015725068374221107,0.039463232262617026,0.019664269653511868,0.017065838248761955,-0.0025984314047499124,-0.01997295657408313,0.05828397268938362,0.07825692926346675,-0.008103874629885169,0.05042143850227307,0.05852531313215824,0.04548601079651145,0.03875753814294574,0.07626450353109458,0.5683872483139201,0.43161275168607993,0.15575695673044965,0.12097856097299443,0.14101366598030388,0.13836775885172203,-0.15575695673044965,-0.12097856097299443,-0.13836775885172203,0.014743290750145771,-0.020035105007309442,10.559595108032227,-0.5046443939208984,10.054950714111328,909.16015625,-519.1806640625,389.9794921875,1.97939019644548,1.9800748244573074,1.9807058078703532,0.1281567350407687,0.12759636576474717,0.8786161416846375,-0.0005603692760215162,0.16510701898449337,0.15586646595427445,-0.009240553030218895,0.011638524008242697,0.0008861455218993301,-0.010752378486343365,0.044290646318457916,0.007683506138643159,-0.03660714017981476,-0.027544123120126274,0.039155036361035615,-0.0006309834130457936,-1.9223803110712763,-1.9173556583881104,1.9173556583881104,103.36134739513012,0.013109085485353892,0.5231953689733916,0.5100862834880376,0.0031224028644219882,0.13133263215120755,0.12821022928678558,103.22308020530096,0.510086283488038,0.03819589075682319,-0.5488564833401002,0.23565804181798786,1.4862437719225707,HC,Placebo,0,Male,1,19,0.0
N215,phase3_reinstatement,phase3_reinst_roi,27,4837,0.028876736378849244,0.03144237659067106,0.028790514984061488,0.054843930344985525,0.06674752489605329,0.0537870302172031,0.9711232636211508,0.002565640211821818,-0.0026518616066095735,0.0012397094085170313,0.005423347211642671,1.0888476207867037,0.997013811955944,-8.622139478775548e-05,-8.622139478775548e-05,-8.622139478775548e-05,0.5006414097011151,0.5071971316147635,0.007838541315878633,0.007838541315878633,0.003919270657939344,0.007838541315878689,0.9999246741524059,0.0012828194022302952,0.014394263229527082,0.013913124001160938,0.020327236311604123,0.6721133053142171,0.0016223522419418093,-0.002080839203998598,0.0059548623944109536,-0.004786149090835717,-0.010741011485246671,-0.013547289507510607,-0.020299796078692145,-0.006752506571181538,0.004915247766765274,0.02349535688734422,0.018580109120578947,0.001937816569559797,0.02588843143276208,0.023950614863202283,0.028648921628211827,0.020591743738609572,0.02540380629075589,0.4077339259761393,0.5922660740238608,0.1158324640443465,0.09059872157952495,0.0965466734477679,0.10321559281193572,-0.1158324640443465,-0.09059872157952495,-0.10321559281193572,0.01928579059657859,-0.005947951868242957,-2.357807159423828,15.075895309448242,12.718088150024414,-182.0205078125,308.962890625,126.9423828125,1.9906373703787685,1.9897267129944323,1.9897841668109235,0.12337509003659351,0.12335955187499441,0.8798105519076989,-1.5538161599104594e-05,0.15007254932678585,0.1439037896090565,-0.006168759717729337,0.001253828381859041,-0.0005270257358598192,-0.0017808541177188602,0.005005325733494992,-0.0005356287166336515,-0.005540954450128671,-0.008939236942793673,0.009698151612094596,-5.745381649124859e-05,-1.960993651826862,-1.9608499766155831,1.9608499766155831,112.38901153346447,0.06622071017930194,0.03497372330173769,-0.031246986877564248,0.02395174369859307,0.01265200013850525,-0.011299743560087819,102.59165012762435,-0.031246986877564338,0.05127766764514047,0.09075806648003704,0.014132046362454187,1.1589527214343915,HC,Oxytocin,1,Male,1,25,0.0
N216,phase3_reinstatement,phase3_reinst_roi,27,4837,0.02113689890935766,0.023782684820069955,0.021384157785536817,0.04187568789116142,0.05643237815244034,0.04482845741093755,0.9788631010906423,0.002645785910712295,-0.0023985270345331378,0.001446522393445726,0.00875472989052753,1.125173265497727,1.0116974945219968,0.0002472588761791572,0.0002472588761791572,0.0002472588761791572,0.5006614460918244,0.5053458357349744,0.006007281826798827,0.006007281826798827,0.0030036409133993858,0.0060072818267987715,0.9999581387386827,0.0013228921836487828,0.01069167146994876,0.010880147033003794,0.014889336700807644,0.713885013217075,0.0008740469552423283,0.00032140121559454777,0.0006206769576110882,0.004859169109046907,0.004238492151435819,0.027935283561762114,-0.006048388444995889,-0.033983672006758,0.002748624168522812,0.021751592930813773,0.01900296876229096,0.0024382856897172678,0.01932200837629032,0.016883722686573052,0.018944572147208367,0.018764660765153724,0.034071710962231154,0.40018889402006547,0.5998111059799345,0.07900211298379096,0.07010566039231543,0.050246920042139376,0.0745538866880532,-0.07900211298379096,-0.07010566039231543,-0.0745538866880532,0.02875519294165159,0.019858740350176055,0.868194580078125,-33.897377014160156,-33.02918243408203,635.322265625,-2937.95703125,-2302.634765625,1.9931222555769643,1.9923771067972242,1.9923171076403134,0.12225573865583128,0.12228871411902859,0.8800730655788771,3.297546319730449e-05,0.1406975666600205,0.13821001525469384,-0.0024875514053266726,0.005284093596972815,0.001860173630385968,-0.0034239199665868462,0.021451419308156916,0.010993889418774133,-0.01045752988938281,-0.007716316350018078,0.04254085232824143,5.999915691079494e-05,-1.9709329498547765,-1.9712402078878666,1.9712402078878666,107.86874369679009,-0.07229506100529245,-0.10499755763705539,-0.03270249663176293,-0.02914516326155906,-0.041996276570778625,-0.012851113309219564,107.86874279832723,-0.03270249663176332,-0.1166608735234702,-0.3752452807652068,-0.22032513701436673,0.962223281631461,HC,Placebo,0,Male,1,20,0.0
N217,phase3_reinstatement,phase3_reinst_roi,27,4837,0.04212090783660394,0.05670336138843557,0.040280272003509365,0.07786117840631834,0.09193108877037032,0.07978056952344009,0.9578790921633961,0.014582453551831631,-0.016423089384926204,0.006370908859368529,0.007994650740586862,1.3462043160692758,0.9563009087258062,-0.0018406358330945727,-0.0018406358330945727,-0.0018406358330945727,0.5036455487866467,0.5100687066643804,0.013714255451027113,0.013714255451027113,0.0068571277255135565,0.013714255451027113,0.9998345577191818,0.007291097573293381,0.020137413328760845,0.02469646810606326,0.027626057354091176,1.0877235043013587,-0.001498615512527163,0.00483802620439865,-0.00512740734707845,0.01745259914131639,0.022580006488394838,-0.03990026353512355,0.05210703766313107,0.09200730119825462,0.011064998959309263,0.04449053314993623,0.033425534190626965,0.013628702632848488,0.035764233579278035,0.022135530946429546,0.031021132581049642,0.024039646285740523,0.038289042410583236,0.2929675349837555,0.7070324650162445,0.10940371843184495,0.11431977923533955,0.13425129952243633,0.11186174883359225,-0.10940371843184495,-0.11431977923533955,-0.11186174883359225,-0.02484758109059139,-0.019931520287096785,17.318126678466797,-21.71855926513672,-4.400432586669922,240.4560546875,-495.6513671875,-255.1953125,1.9880155003872733,1.9818822134817555,1.9833601416379518,0.12567408193325977,0.12530989050856686,0.8795330288300576,-0.00036419142469290566,0.15106006941762412,0.1519440197230249,0.0008839503054007686,0.001530788267079223,0.0005796979390197145,-0.0009510903280595085,0.0038643169824736923,0.004713500329636328,0.0008491833471626214,0.0013085419789820793,0.016577765422612977,-0.0014779281561962954,-1.9430798696344425,-1.9397613056451517,1.9397613056451517,95.54494269845111,0.43163751885210244,-0.02442558134128879,-0.45606310019339125,0.14704522927995514,-0.008369743671446312,-0.15541497295140144,89.99309700787829,-0.4560631001933914,-2.1730909062101617e-05,0.16902379344308327,-0.3715512034718498,0.7683498006255055,HC,Placebo,0,Female,0,18,0.0
N219,phase3_reinstatement,phase3_reinst_roi,27,4837,0.06613252885346921,0.04259562135664996,0.05187973974408355,0.1017893138956984,0.07728375859144349,0.09807732530412244,0.9338674711465308,-0.023536907496819248,0.009284118387433593,-0.01889484830310245,-0.014108771947915433,0.6440947541879448,0.7844812953428905,-0.014252789109385655,-0.014252789109385655,-0.014252789109385655,0.4941160447590299,0.5129670266624653,0.007083071421495224,0.007083071421495224,0.003541535710747612,0.01885098190343537,0.9997074440063525,0.011767910481940147,0.025934053324930595,0.012067628296321319,0.03287468252604591,0.3163023771683314,0.0022129150809472387,-0.002232806086571513,0.015125935284716618,0.001772113751720622,-0.013353821532995996,0.0192053105192882,-0.01741918101748896,-0.03662449153677716,-0.01266397383024051,0.04524825494110177,0.05791222877134228,-0.02022694147259882,0.04436219806524146,0.06458913953784028,0.022891578501264807,0.03329070553122601,0.024089301206547186,0.7270502826693814,0.27294971733061857,0.12734849503134646,0.1315922114333321,0.1561641922345166,0.1294703532323393,-0.12734849503134646,-0.1315922114333321,-0.1294703532323393,-0.02881569720317015,-0.0245719808011845,-2.041773796081543,6.788204312324524,4.746430516242981,795.6083984375,-386.87255859375,408.73583984375,1.9786105642050282,1.9811725120206354,1.9861905564361844,0.12841569428810873,0.12627420516426552,0.8785329695020022,-0.00214148912384321,0.1583537541793556,0.15745350703234523,-0.0009002471470103551,0.000434590028542459,-0.0003545028899431677,-0.0007890929184856267,0.0007199362706764856,0.00902547567187495,0.00830553940119845,0.00325252255358887,0.026453247646384903,-0.005018044415548983,-1.9343108166921008,-1.915039983167166,1.915039983167166,108.98758085195304,0.37582909641035184,0.21070804153709233,-0.1651210548732595,0.08372670265234035,0.0528459439190147,-0.03088075873332565,108.78915663949984,-0.16512105487326006,0.03321269431235021,0.4334521770242674,0.051605033638873615,0.7288121108993146,HC,Oxytocin,1,Male,1,19,1.0
N220,phase3_reinstatement,phase3_reinst_roi,27,4837,0.057032472671783574,0.03721435805033313,0.048930545974286144,0.10884695405131006,0.08518982230874861,0.09920777127085573,0.9429675273282164,-0.019818114621450444,0.011716187923953014,-0.013960020659473937,-0.016648157261507895,0.6525116268302428,0.857941714651924,-0.00810192669749743,-0.00810192669749743,-0.00810192669749743,0.4950456334990284,0.5122301964646064,0.00727582996363485,0.00727582996363485,0.003637914981817425,0.01718456296557802,0.999748770854471,0.00990873300194317,0.02446039292921287,0.013098665459677555,0.03402581960674292,0.35282432145976195,-0.002459383241215763,-0.0005720744435417937,-0.0027467353804636885,0.004086169200106876,0.006832904580570565,-0.06039291892731358,-0.016301250944923185,0.04409166798239039,-0.01862295148551263,0.04548999931468933,0.06411295080020196,-0.017249583795280785,0.043446914714635895,0.06069649850991668,0.044929340494019934,0.01475511303217264,0.049891096532066116,0.7368344131287227,0.26316558687127733,0.1102966359295814,0.11647356664405857,0.1417315202155006,0.11338510128681999,-0.1102966359295814,-0.11647356664405857,-0.11338510128681999,-0.03143488428591919,-0.02525795357144202,22.905458450317383,-14.112104415893555,8.793354034423828,304.71337890625,-344.19677734375,-39.4833984375,1.98053559785939,1.9842762160911547,1.9870758977283756,0.12705597000797428,0.12585175055173603,0.8787382455702836,-0.001204219456238248,0.15272853036928152,0.15296145427235774,0.00023292390307623825,0.0014020059994980813,0.0011151352765374743,-0.0002868707229606069,0.0037794779049525884,0.00226087897096236,-0.0015185989339902353,-0.0005263755639188794,0.018289386447481695,-0.0027996816372208855,-1.9381453517540894,-1.9272437434193712,1.9272437434193712,105.78346019814957,0.17051752714477028,0.09641844521255193,-0.07409908193221836,0.042592505974341874,0.025968611255123508,-0.016623894719218366,104.87917051132825,-0.0740990819322188,-0.06367625422380166,-0.41028296425074795,-0.2792405640575928,1.204024003553295,HC,Placebo,0,Female,0,20,0.0
N221,phase3_reinstatement,phase3_reinst_roi,27,4837,0.009413276860412934,0.013562609710904283,0.013875560499513773,0.0223376684279587,0.02234490433626929,0.025602403062105428,0.9905867231395871,0.00414933285049135,0.00031295078860948955,0.004305808244796094,0.0016359852712286571,1.4407942636849942,1.474039908192609,0.004462283639100839,0.004462283639100839,0.004462283639100839,0.5010373317243147,0.5034688344701578,0.004506166194472527,0.004506166194472527,0.0022530830972362637,0.004506166194472527,0.9999810877583364,0.002074663448629499,0.006937668940315556,0.008654254165557283,0.010506752941340895,0.8514952707877984,-0.0017821092453657278,9.67154676892602e-05,-0.008972921981049209,0.005410130151045994,0.014383052132095203,-0.015554639929966863,0.002361902579411601,0.017916542509378464,-0.0005851275942035383,0.016112240010316498,0.016697367604520036,0.003901333396321066,0.0134071749347935,0.009505841538472434,0.008580866724707446,0.013744150101357874,0.017950854651541715,0.2974951363380865,0.7025048636619136,0.03360490704832046,0.031346144637748,0.0417215145326498,0.03247552584303423,-0.03360490704832046,-0.031346144637748,-0.03247552584303423,-0.008116607484329338,-0.0103753698949018,2.8075942993164062,-29.65016746520996,-26.842573165893555,46.328125,-977.7998046875,-931.4716796875,1.9963279589710063,1.996437629166085,1.9949253244432814,0.12057202745857232,0.12120697692702546,0.8804109978014476,0.000634949468453147,0.12784934669034476,0.12799394907276712,0.00014460238242239645,0.00031248174984279406,0.00042682237536480666,0.00011434062552201264,0.0006969133334035482,0.0019425136863582548,0.0012456003529546997,0.0007674025588997463,0.002981426173810694,0.0015123047228036146,-1.9810497639437676,-1.987024352305672,1.987024352305672,130.03318261556495,-0.009710055557591869,0.07472252323208319,0.08443257878967506,-0.004912500353496755,0.03119904262044812,0.03611154297394487,128.98718917548956,0.08443257878967503,-0.09348693353803908,-0.18375643369459835,-0.007445638057624132,0.5119773507574389,HC,Placebo,0,Male,1,29,0.0
N222,phase3_reinstatement,phase3_reinst_roi,27,4837,0.024203394476186024,0.027016613094247632,0.024675944081976486,0.05371817901563036,0.05916085461186282,0.052628462582833435,0.975796605523814,0.002813218618061608,-0.002340669012271146,0.0016428841119260351,0.0021764795817177662,1.1162319383964991,1.0195236833832777,0.0004725496057904621,0.0004725496057904621,0.0004725496057904621,0.5007033041906747,0.5061686730137814,0.006871977204456092,0.006871977204456092,0.003435988602228046,0.006871977204456092,0.9999443868053302,0.0014066083813493169,0.012337346027562868,0.012278673937571385,0.015528500403914153,0.7039984874822406,-0.00027761121009567933,-7.615021414826231e-05,-0.0038451455171392146,0.0021310545367637657,0.00597620005390298,0.014478637024465169,0.023396608464062107,0.008917971439596939,0.0007214406365767256,0.02297886174837832,0.022257421111801595,0.002644013395146333,0.021913334479996438,0.019269321084850105,0.018389160265435474,0.028208806250814546,0.031091534044623163,0.4405791390085038,0.5594208609914961,0.09106627586049858,0.09171204728570971,0.08393418952612437,0.09138916157310414,-0.09106627586049858,-0.09171204728570971,-0.09138916157310414,0.007132086334374205,0.007777857759585338,-5.083698272705078,-10.004051208496094,-15.087749481201172,-759.646484375,552.9609375,-206.685546875,1.9920822538705272,1.9913613693563055,1.991150002929189,0.12269447605357171,0.1227681121443391,0.8799632557599995,7.363609076738165e-05,0.1433796169704067,0.143907729758811,0.000528112788404287,-0.0005712912379856003,-0.0022782054464643756,-0.0017069142084787754,-0.007936012445210805,-0.008101804732258883,-0.00016579228704807075,0.00044521664488025164,0.021061374116870972,0.00021136642711638842,-1.9664740588472127,-1.9671579748801196,1.9671579748801196,100.49329361898621,-0.050146342687798065,0.01577231088751448,0.06591865357531254,-0.02080367300419453,0.006503226849653977,0.027306899853848505,97.62287364461628,0.06591865357531244,-0.07516836809898009,-0.4875809472249025,-0.1778718200371388,0.8560656899415895,HC,Placebo,0,Male,1,26,1.0
N224,phase3_reinstatement,phase3_reinst_roi,27,4837,0.07117204855846326,0.04076806687291723,0.08137547311309445,0.10853375103445573,0.08186861178707094,0.11742051933666792,0.9288279514415367,-0.030403981685546033,0.040607406240177224,-0.010100278565457421,-0.008889185472586297,0.5728100001411213,1.1433626448538052,0.01020342455463119,0.01020342455463119,0.01020342455463119,0.49239959005583755,0.5203326493376035,0.012732239393441036,0.012732239393441036,0.006366119696720518,0.027933059281765926,0.9993200591215028,0.01520081988832489,0.04066529867520696,0.022711268919849592,0.05056449667123104,0.3775902143584231,-0.0037030635433283545,-0.010116968770153733,-0.02360162846103786,-0.02278966382476788,0.0008119646362699795,-0.016703295069256274,-0.04793775030739522,-0.031234455238138947,-0.03896280770120003,0.061189699397996344,0.10015250709919638,-0.0271619934706811,0.07258453131038028,0.09974652478106139,0.03353158883557807,0.05247386538192667,0.07156229558246803,0.7129961259051522,0.28700387409484784,0.11628874346027547,0.11354208254154659,0.13368207721671801,0.11491541300091103,-0.11628874346027547,-0.11354208254154659,-0.11491541300091103,-0.017393333756442544,-0.020139994675171427,-17.726238250732422,5.791533470153809,-11.934704780578613,-1464.33740234375,-216.421875,-1680.75927734375,1.9710170657935704,1.9836700294767016,1.9801508712625058,0.12870047699687276,0.13024713791101733,0.8777203141098209,0.0015466609141445709,0.15591973029984238,0.15693909227045544,0.001019361970613069,-0.00018148910348000956,-0.0026831741360429425,-0.0025016850325629333,-0.0031342735466496907,-0.007342971311118746,-0.004208697764469076,-0.0010849869116214689,0.013357084114713536,0.0035191582141957944,-1.8987753981494113,-1.9124979809182383,1.9124979809182383,99.72926234203283,0.42575058252596404,0.43271111390807915,0.006960531382115109,0.10053184658582175,0.09553680871802075,-0.004995037867800992,97.91625661034483,0.006960531382114471,-0.14002459828182437,-0.7327363812467054,-0.35940765924123824,0.48872034632419237,HC,Oxytocin,1,Male,1,24,1.0
N225,phase3_reinstatement,phase3_reinst_roi,27,4837,0.05210806719287009,0.04864617880272759,0.049789680257229185,0.11281912911151437,0.11111629777100507,0.1308817070598547,0.9478919328071299,-0.003461888390142498,0.0011435014545015942,-0.002890137662891701,0.008179873303915508,0.9335631138848434,0.9555079162284243,-0.0023183869356409037,-0.0023183869356409037,-0.0023183869356409037,0.49913452876682984,0.5124448492593656,0.011579378026195464,0.011579378026195464,0.005789689013097732,0.013310320492535777,0.9997754599413511,0.0017309424663403128,0.02488969851873124,0.01821667165111141,0.024542083304781477,0.6213750189615315,-0.0010712379977199146,0.002801846295270986,-0.0022467188581911657,0.03179970219568343,0.03404642105387459,-0.0020612288117619615,0.009051356834743451,0.011112585646505413,-0.0035885903989993917,0.054798425369968345,0.05838701576896774,-0.002465230969903809,0.03889857427212663,0.04136380524203044,0.015529822504880823,0.04401544000339611,0.047045546254786234,0.5493234667870244,0.4506765332129756,0.16575399974228489,0.16286873520547,0.16953580338050603,0.16431136747387742,-0.16575399974228489,-0.16286873520547,-0.16431136747387742,-0.003781803638221143,-0.0066670681750360394,11.174236297607422,8.945018768310547,20.11925506591797,-655.134765625,-960.2451171875,-1615.3798828125,1.982693304963301,1.982965979142067,1.9837322374989825,0.12665565265212647,0.12631484046440986,0.8789679772753672,-0.0003408121877166159,0.16692619719625942,0.16597077878984628,-0.0009554184064131353,0.007950068419896237,0.003955214187965429,-0.0039948542319308104,0.018024804538806227,0.0314665069089779,0.013441702370171664,0.005765432778672697,0.057154788681015825,-0.0007662583569154613,-1.9339425572417532,-1.930857911949197,1.930857911949197,103.83154803595038,0.1393765890400276,0.14470514652213906,0.005328557482111473,0.03715857353965009,0.03949100252282993,0.0023324289831798406,102.69862190688168,0.005328557482111279,0.1925728375930857,0.5847647675904029,0.29771094127731274,0.698468553339303,HC,Oxytocin,1,Male,1,41,0.0
N226,phase3_reinstatement,phase3_reinst_roi,27,4837,0.029255977905540687,0.13092411304130436,0.12363127660772988,0.06130462390640651,0.22487831937942176,0.20108553795348122,0.9707440220944593,0.10166813513576367,-0.007292836433574479,0.09802171691897643,0.15167730476004498,4.475121929364385,4.2258452186574695,0.09437529870218919,0.09437529870218919,0.09437529870218919,0.525395162984001,0.5308685111890769,0.056263674173077816,0.056263674173077816,0.028131837086538936,0.05626367417307787,0.9976936167101282,0.05079032596800204,0.061737022378153705,0.04781964983150529,0.09609835200412857,0.38336445554493687,0.004972111778833643,0.008206270247744405,0.031785026695680146,0.13548866246830835,0.1037036357726282,0.0351326295453529,-0.015752362181567836,-0.050884991726920736,0.10747267038879718,0.07180347385620764,-0.03566919653258954,0.09158015704095711,0.004059142622053466,-0.08752101441890364,0.02992003352474474,0.25684734413940385,0.24346548601643733,0.09261578341365563,0.9073842165863444,0.09986339774682461,0.2321161629667087,0.11765735019366316,0.16598978035676665,-0.09986339774682461,-0.2321161629667087,-0.16598978035676665,-0.017793952446838554,0.11445881277304554,-0.06494998931884766,1.4779753684997559,1.4130253791809082,66.0625,629.201171875,695.263671875,1.980494478748491,1.9779029315953627,1.9454580163172832,0.12470096907570552,0.13921482302658877,0.878733863958912,0.014513853950883254,0.147573886724937,0.1849286630976955,0.03735477637275854,-3.223343404704622e-05,0.004883713678029032,0.004915947112076079,0.0005225333015747291,0.07723653472004546,0.07671400141847076,0.07571177708199392,0.14489255890865824,0.03244491527807947,-1.8218267397095533,-1.9486469536898219,1.9486469536898219,106.7198627118657,0.16105782770634283,0.5878610566850301,0.4268032289786873,0.05560225033213057,0.09857477329742076,0.04297252296529019,104.4901252308255,0.42680322897868606,-0.014941748319983236,0.2594612537228086,0.5565338558400903,1.47935390668553,HC,Oxytocin,1,Male,1,19,1.0
N227,phase3_reinstatement,phase3_reinst_roi,27,4837,0.028026450738304454,0.028954283350137278,0.03210750867930423,0.06743102126724404,0.07457469499545194,0.06505658349986626,0.9719735492616955,0.000927832611832824,0.003153225329166953,0.0025044452764163005,0.0023846179804150602,1.0331052365297322,1.1456141030116624,0.004081057940999777,0.004081057940999777,0.004081057940999777,0.5002319581363177,0.5080261876705416,0.008258145806859296,0.008258145806859296,0.004129072903429676,0.008258145806859352,0.9999069804194654,0.0004639162726354229,0.01605237534108328,0.01418329714787897,0.019527088590708355,0.6844766290447128,8.170656375423659e-05,0.0005662874914883976,0.0036026351237149756,0.009276869702180474,0.005674234578465498,-0.019423245328210714,0.021442102597814316,0.04086534792602503,0.002388965197577031,0.032417381511128635,0.030028416313551604,0.0005876476357195431,0.027778946660038398,0.027191299024318855,0.022268670733106732,0.02821440360055176,0.041755552724290525,0.470868668713977,0.5291313312860231,0.11132917358246469,0.12473964648577812,0.11284076404242514,0.1180344100341214,-0.11132917358246469,-0.12473964648577812,-0.1180344100341214,-0.0015115904599604518,0.011898882443352979,-6.459480285644531,10.430126190185547,3.9706459045410156,-133.224609375,1026.841796875,893.6171875,1.9898007466103367,1.9908956021838473,1.9894590192565427,0.1231568748743936,0.12375396082048534,0.8797220558950273,0.0005970859460917438,0.14878997463608024,0.15292779525978079,0.00413782062370055,-0.000267021231403437,-0.001468757096102428,-0.001201735864698991,-0.001998663511194043,-0.003988755031179347,-0.0019900915199852903,0.0031427748637079048,0.010192509206169088,0.0014365829273046415,-1.9573515105772383,-1.9628691514455427,1.9628691514455427,104.66380411524874,-0.019271220162544414,0.07566254612808215,0.09493376629062657,-0.006967555396127874,0.025643266614114348,0.03261082201024222,103.92968954246247,0.09493376629062733,-0.06615776377776597,-0.33950042727654994,-0.07481644734764764,1.4772277049152425,HC,Placebo,0,Male,1,38,1.0
N228,phase3_reinstatement,phase3_reinst_roi,27,4837,0.00039287148720268394,0.00032298661207941226,0.0004744820390223392,0.000626392139695231,0.0005393446885039732,0.0007785988572751035,0.9996071285127973,-6.988487512327168e-05,0.00015149542694292695,5.86283834819179e-06,3.2579633194307345e-05,0.8220967966169056,1.2076976250539346,8.161055181965526e-05,8.161055181965526e-05,8.161055181965526e-05,0.4999825287812263,0.5001186205075301,0.00010114928875637474,0.00010114928875637474,5.057464437818737e-05,0.00013609172630379973,0.9999999792597173,3.494243754742499e-05,0.00023724101506017448,0.00020215585802638159,0.00040248067061041115,0.43873105468599916,-3.2253409778037506e-06,1.2288930657238292e-05,0.00011910146129381904,-9.771715061027142e-05,-0.00021681861190409046,0.0002360131351824002,2.1106388238156804e-05,-0.0002149067469442434,-1.1123686849440206e-05,0.0004261275582439772,0.0004372512450934174,-7.067441749634973e-05,0.0004749861335491129,0.0005456605510454626,0.0005580272364512079,0.0005903827233215668,0.000863230380064955,0.5845673375733431,0.4154326624266569,0.000998294136755118,0.0012468333137960613,0.00123307624283292,0.0011225637252755896,-0.000998294136755118,-0.0012468333137960613,-0.0011225637252755896,-0.00023478210607780214,1.3757070963141271e-05,-15.016062565147877,0.8449039459228516,-14.171158619225025,-267.5341796875,0.263671875,-267.2705078125,1.999843425116307,1.9998935712198034,1.9998661969272344,0.11925535531554676,0.11926680285190261,0.8807806376392664,1.1447536355846388e-05,0.11946527609687813,0.1195290903092173,6.381421233917633e-05,1.88149711326828e-05,2.949114688762231e-06,-1.5865856443920572e-05,4.4805655295757085e-05,-4.105497899797861e-05,-8.586063429374263e-05,2.088389519230502e-05,0.00012985536998681805,2.7374292568937975e-05,-1.999391714888212,-1.9995006997326006,1.9995006997326006,121.84272777150247,0.029493604405440414,0.04474090250820329,0.015247298102762877,0.07744569541353394,0.10668357418042862,0.02923787876689468,121.82583214643137,0.015247298102762909,-0.012456565236972623,-0.03258796457397614,-0.0010466841842251585,0.08975124386041458,HC,Oxytocin,1,Male,1,27,0.0
N230,phase3_reinstatement,phase3_reinst_roi,27,4837,0.03263545520399391,0.027687773218486256,0.037139171765387835,0.06492774785805921,0.05548413451549117,0.0629629000323354,0.9673645447960061,-0.004947681985507657,0.00945139854690158,-0.00022198271205686737,-0.005704230584145931,0.8483952364526992,1.1380003788284518,0.004503716561393922,0.004503716561393922,0.004503716561393922,0.498763082026889,0.5092837258649665,0.008046807891855523,0.008046807891855523,0.0040234039459277615,0.010520643838077492,0.9998734432038252,0.0024738359462219695,0.018567451729933016,0.01454697216510508,0.020536124450720193,0.5300988828450791,0.000508153726763063,-0.0031853999014743346,0.007931018682704627,-0.013972232129389722,-0.02190325081209435,0.0071238671388947905,-0.013931349339685761,-0.021055216478580552,-0.0006284721139381277,0.02670180972080574,0.02733028183474387,-0.004593981455290441,0.0336879257855006,0.038281907240791044,0.022809133711178323,0.03289332138385957,0.02957017817700731,0.5727943659963436,0.4272056340036564,0.08757106268205973,0.08398502197500932,0.10076887736046429,0.08577804232853453,-0.08757106268205973,-0.08398502197500932,-0.08577804232853453,-0.013197814678404557,-0.016783855385454974,-12.006139755249023,-10.67550277709961,-22.681642532348633,-750.01220703125,-332.21630859375,-1082.228515625,1.9876990717048542,1.9906366612383373,1.9889961734851156,0.12368352576808433,0.12435101219053421,0.879499497703615,0.0006674864224498755,0.14366364656281372,0.14340655816159809,-0.0002570884012156015,-0.0015452113740070704,-0.000776683954218052,0.0007685274197890184,-0.011823046931656506,-0.004467698632704603,0.007355348298951896,0.0034205857482603463,0.009427261728539452,0.0016404877532216755,-1.9518570017197279,-1.9580012060343432,1.9580012060343432,110.96080996036574,0.2423886542405952,0.3955270774364798,0.1531384231958846,0.0760126918349836,0.11653438843379961,0.04052169659881601,110.28754857016135,0.1531384231958854,0.003160306118981504,0.029262463031104358,0.16776965471143757,0.4684014018113043,HC,Oxytocin,1,Male,1,22,1.0
N231,phase3_reinstatement,phase3_reinst_roi,27,4837,0.017078348675457877,0.015586404947949162,0.013092950579100315,0.032008044673417335,0.029248917533120644,0.0247944811971178,0.9829216513245421,-0.0014919437275087155,-0.0024934543688488464,-0.0027386709119331387,-0.004986345308298112,0.9126406842800006,0.7666398643984028,-0.003985398096357562,-0.003985398096357562,-0.003985398096357562,0.4996270141373085,0.5032731908859163,0.0029002050232247445,0.0029002050232247445,0.0014501025116123722,0.003646176748607788,0.9999843424688559,0.0007459717253830433,0.006546381771832532,0.005559455422211965,0.009973973757395768,0.5470961700106991,0.0003125334439337467,-0.0019037227124209719,0.003650174813574686,-0.007110520933322512,-0.010760695746897198,-0.007958700254171114,-0.01821788224514065,-0.010259181990969535,0.00039440174715391074,0.008994336037396106,0.008599934290242195,-0.0014306856596334322,0.012549596504057361,0.013980282163690794,0.01146676447255759,0.005442525939105225,0.008675013200083978,0.5492260053549415,0.4507739946450585,0.062329771479268783,0.039364258075577904,0.04275677328927402,0.050847014777423344,-0.062329771479268783,-0.039364258075577904,-0.050847014777423344,0.019572998189994764,-0.003392515213696115,9.379032373428345,-12.06670880317688,-2.687676429748535,22.177734375,-175.4541015625,-153.2763671875,1.995045085604188,1.9941315098847088,1.9955315677151448,0.12163332331911461,0.12105911986431535,0.8802758613761668,-0.000574203454799263,0.13561608041090867,0.12961490104986567,-0.006001179361042986,0.0020705698887711703,-0.00038877792230163343,-0.002459347811072804,0.011394421485731915,-0.0010462681345055624,-0.012440689620237498,-0.012221524171161735,0.01511306298164262,-0.0014000578304360634,-1.9824386171360446,-1.977053161209251,1.977053161209251,132.4216228501177,0.2171026238452678,0.043171819749381106,-0.17393080409588668,0.08582386395353975,0.01943150720364114,-0.0663923567498986,122.5099149509896,-0.17393080409588685,0.029041494158792657,-0.06207019533630634,-0.20496590176404,0.5129402098215444,HC,Placebo,0,Male,1,18,0.0
N232,phase3_reinstatement,phase3_reinst_roi,27,4837,0.039066542386317904,0.030587722540604934,0.042478488445048534,0.06731775708346749,0.058480297380498814,0.06858352009408036,0.9609334576136821,-0.00847881984571297,0.011890765904443601,-0.00253343689349117,-0.0037858483461779002,0.7829644714519914,1.087336502719538,0.0034119460587306305,0.0034119460587306305,0.0034119460587306305,0.4978803077373477,0.5106180255427196,0.008498333280067327,0.008498333280067327,0.004249166640033664,0.012737717805371918,0.9998308525896098,0.00423938452530459,0.021236051085439245,0.015345723241964988,0.02491221374254337,0.5797318856415424,0.0015423793175599848,-0.0019593956218383903,0.002326084118609073,-0.010661709083355592,-0.012987793201964665,0.004000488173991235,-0.0028836802127144567,-0.006884168386705691,-0.006494642383783444,0.03301827638534016,0.039512918769123606,-0.007657684443087981,0.03834913092701796,0.04600681537010594,0.015691857643363883,0.016942306480445476,0.023590603419274197,0.6266633365741363,0.3733366634258637,0.08258599318956003,0.08722891878214455,0.09909540546675055,0.08490745598585228,-0.08258599318956003,-0.08722891878214455,-0.08490745598585228,-0.01650941227719052,-0.011866486684606006,-22.187039375305176,-0.6076698303222656,-22.79470920562744,510.529296875,-155.3359375,355.193359375,1.9850318580778308,1.9893299369633684,1.9880232047467237,0.12452464053044195,0.12503997468500652,0.8792165398093744,0.0005153341545645757,0.14320654472657257,0.14494999191726865,0.0017434471906960583,-0.0007284751492413427,-0.001611706179841103,-0.0008832310305997603,-0.0016183714534428184,-0.008265741782207153,-0.006647370328764349,-0.001580237973686116,0.011191046919104384,0.0013067322166446793,-1.9455447163016752,-1.9502633945770504,1.9502633945770504,110.99868026201017,-0.2549731693129171,-0.050425569308934944,0.20454760000398214,-0.07734993414689277,-0.01483220299449246,0.06251773115240031,104.18612648586559,0.20454760000398234,-0.007871915849275792,0.14473980574069006,0.27691750287432737,0.5579898554937365,HC,Placebo,0,Male,1,28,0.0
N233,phase3_reinstatement,phase3_reinst_roi,27,4837,0.012333842322502231,0.018047613516407046,0.015365457418814565,0.025641806868685835,0.03117349437244682,0.023751287179158587,0.9876661576774978,0.005713771193904815,-0.0026821560975924807,0.004372693145108575,0.0018205839071168683,1.4632584406317617,1.2457954754964422,0.0030316150963123345,0.0030316150963123345,0.0030316150963123345,0.5014284389122696,0.5038412887785144,0.005269727690784043,0.005269727690784043,0.0026348638453920215,0.005269727690784043,0.9999757683712696,0.00285687782453925,0.007682577557028836,0.009944645798898172,0.01101174628318917,1.0046742853661395,0.0017426019070961956,0.00020614149563610076,0.005438818598867384,0.002786360761748957,-0.002652457837118427,0.018279428668846798,-0.016641713281942416,-0.034921141950789214,0.008091727643826069,0.015910153634278446,0.007818425990452377,0.005372318344392377,0.014516973253403967,0.00914465490901159,0.006296441685973436,0.014609994174983485,0.016158397989606995,0.25874565670776983,0.7412543432922302,0.046210833123617345,0.0453361803228297,0.04199106140748826,0.04577350672322352,-0.046210833123617345,-0.0453361803228297,-0.04577350672322352,0.004219771716129084,0.0033451189153414357,-0.6475181579589844,25.382801055908203,24.73528289794922,-655.3994140625,1087.7431640625,432.34375,1.995850467590948,1.994911602438436,1.9939498593971239,0.12104431530183268,0.12146982236987831,0.8803607148081836,0.0004255070680456302,0.13117146365866175,0.1313913456867914,0.00021988202812965943,-0.00018511534792057323,0.0004025740208553672,0.0005876893687759404,-4.636055616263901e-06,0.002372680159892754,0.002377316215508997,0.0014085401358841579,0.00908113506726428,0.0009617430413120243,-1.9785844019783094,-1.9825777601159338,1.9825777601159338,120.97827139955768,0.14388307273316966,0.039031841889518276,-0.10485123084365139,0.07129783192366718,0.017275602804362643,-0.05402222911930453,115.10543806007719,-0.10485123084365153,0.05149096110402182,0.12303347643940118,-0.04333449262395095,0.4069197841039615,HC,Oxytocin,1,Male,1,19,1.0
N234,phase3_reinstatement,phase3_reinst_roi,27,4837,0.027591340027814604,0.03123828147485075,0.033467768004681764,0.07330818778870157,0.06321497534958503,0.05944143757296383,0.9724086599721854,0.003646941447036145,0.002229486529831015,0.0047616847119516525,-0.011979981327427142,1.1321766221427985,1.2129804439051801,0.00587642797686716,0.00587642797686716,0.00587642797686716,0.5009117343512399,0.5083661611102559,0.009277895461495766,0.009277895461495766,0.004638947730747911,0.009277895461495822,0.9998978179814566,0.0018234687024798468,0.016732322220511797,0.017078097458466057,0.02392515129627938,0.7505967561208421,0.006074301593491835,-0.0024463335472448794,0.031179223612103873,-0.013364891010988728,-0.0445441146230926,0.02932607973754031,0.012094055958755567,-0.017232023778784744,0.019250070335043556,0.02381329088244613,0.0045632205474025744,0.0036604585289916197,0.030495736387940495,0.026835277858948875,0.01546613545048938,0.031051861049072402,0.03481112375815133,0.4429076382881604,0.5570923617118396,0.0880227579576612,0.09839201561910707,0.09663768292898624,0.09320738678838414,-0.0880227579576612,-0.09839201561910707,-0.09320738678838414,-0.008614924971325044,0.0017543326901208328,7.43954598903656,-5.3843735456466675,2.0551724433898926,-965.427734375,1473.3330078125,507.9052734375,1.989894802472756,1.990434147144596,1.9887435848140231,0.12315971980718,0.12397922264898185,0.879732007699523,0.0008195028418018502,0.14313237188914452,0.14670121379568685,0.0035688419065423443,-0.0003695275326027061,-0.0003951312827176211,-2.5603750114914992e-05,-0.004337275174916305,0.000183583979798424,0.004520859154714729,0.005829271483899709,0.02417110943427584,0.0016905623305729645,-1.9552758168093414,-1.9628428071167816,1.9628428071167816,100.82180459489987,0.2908289846344907,-0.0005338373885838899,-0.29136282202307456,0.11104494143429157,-0.00018333741770571306,-0.11122827885199728,99.44687575667163,-0.29136282202307384,-0.2603638295928309,-1.001292502705196,-0.7920090733756718,0.6578673583717792,HC,Placebo,0,Male,1,18,0.0
N235,phase3_reinstatement,phase3_reinst_roi,27,4837,0.03387137611665503,0.030333423255033742,0.02560832595537821,0.06419946451115854,0.057458319018324766,0.05697611814987569,0.966128623883345,-0.003537952861621285,-0.004725097299655534,-0.005900501511449052,-0.006982245927058317,0.895547148574424,0.7560459990382927,-0.00826305016127682,-0.00826305016127682,-0.00826305016127682,0.49911551270719656,0.5064017316453114,0.0055172443525079995,0.0055172443525079995,0.0027586221762539997,0.0072862189381148745,0.9999397449673395,0.001768974585606875,0.012803463290622874,0.010265053823326112,0.015621746298956893,0.6281590659379891,0.0021738758910528093,-3.284159118357206e-05,0.014043610253678479,-0.0036538619199937006,-0.01769747217367218,0.0037036851776115487,0.009412824789826524,0.005709139612214975,0.004290781549638856,0.021434200263855757,0.0171434187142169,-0.002731023577200384,0.023261131223852607,0.02599215480105299,0.012975010289355268,0.011247178329948657,0.015426318123252252,0.5620938028871997,0.4379061971128003,0.10663547865857566,0.09315805416938189,0.09255120937216865,0.09989676641397877,-0.10663547865857566,-0.09315805416938189,-0.09989676641397877,0.014084269286407006,0.0006068447972132351,-8.964208602905273,11.469949722290039,2.5057411193847656,200.40625,-271.5458984375,-71.1396484375,1.9901751894768114,1.988520460527074,1.9912150752749742,0.12404730707923697,0.1228615485647445,0.8797616704961488,-0.0011857585144924715,0.14874787381549776,0.14402628787659055,-0.004721585938907223,-0.0008123498912380165,0.0003520886514348562,0.0011644385426728726,-0.007991405523962242,0.00335546896331243,0.011346874487274658,0.0009518513047301058,0.01818784264676839,-0.002694614747900115,-1.965606749319596,-1.954649084410419,1.954649084410419,104.72355863265071,0.14112164574703398,0.2267655033030176,0.08564385755598361,0.046511684372885005,0.08618881179371865,0.039677127420833645,103.4457243519032,0.08564385755598414,-0.05197596211800918,-0.14617118086510153,0.012558267123433386,0.4552470628146782,HC,Placebo,0,Male,1,19,0.0
N236,phase3_reinstatement,phase3_reinst_roi,27,4837,0.042202596559058336,0.03980498122690057,0.020287341927343938,0.06735461484070321,0.0685425008483066,0.046997439038340916,0.9577974034409417,-0.0023976153321577653,-0.019517639299556633,-0.012156434981936082,-0.009584644897379452,0.9431877429465754,0.48071300759477564,-0.021915254631714398,-0.021915254631714398,-0.021915254631714398,0.49940059645410273,0.5050716615350794,0.00447225798918216,0.00447225798918216,0.00223612899459108,0.0056710650809767005,0.9999623723831744,0.0011988070917945404,0.01014332307015886,0.008062470230975602,0.012975356186964382,0.5946497361179657,0.000810951496649107,-0.0004153138715871852,0.007121185044331846,-0.006969393367868504,-0.01409057841220035,0.005911423856261866,-0.0012510963738748826,-0.0071625202301367485,0.0014214717694394363,0.014779364530743438,0.013357892761304002,-0.0021391207527264866,0.01826406121467769,0.020403181967404177,0.011879984402116097,0.012591372277695866,0.020237994528015803,0.5795031106120171,0.4204968893879829,0.08225476789973678,0.09724240311039214,0.07613333968514822,0.08974858550506445,-0.08225476789973678,-0.09724240311039214,-0.08974858550506445,0.0061214282145885535,0.02110906342524392,-9.089788913726807,6.453912734985352,-2.635876178741455,2534.44970703125,-1905.373046875,629.07666015625,1.9908086164105945,1.983333090739499,1.9915486321772946,0.12552371244168944,0.12225347634089903,0.8798286589608654,-0.0032702361007904135,0.14429088396488343,0.14445192633817627,0.00016104237329284815,0.0010165293244532303,0.001326357282680978,0.0003098279582277478,0.0004985353292125405,0.001454150861416259,0.0009556155322037324,0.0006388501393947144,0.005475446047251243,-0.00821554143779557,-1.9712612902499507,-1.9411304941804408,1.9411304941804408,114.47356798271744,0.7933806117804919,0.0886757725597348,-0.7047048392207571,0.22711522713600243,0.03634835816994508,-0.19076686896605735,106.12902979169785,-0.7047048392207577,-0.2643988422716192,-0.7711613493147917,-1.0902855138781535,1.2635189650775152,HC,Placebo,0,Female,0,20,1.0
N237,phase3_reinstatement,phase3_reinst_roi,27,4837,0.03942483546381015,0.050759264252383085,0.047004740571035986,0.06464260651687115,0.09148236827507861,0.09981911042993635,0.9605751645361899,0.011334428788572937,-0.0037545236813470995,0.009457166947899387,0.03100813283563633,1.2874943111439032,1.192261885063919,0.007579905107225837,0.007579905107225837,0.007579905107225837,0.5028335768615775,0.5117490219869675,0.014582598848544959,0.014582598848544959,0.007291299424272479,0.014582598848544959,0.9997892490532525,0.005667153723154961,0.023498043973934957,0.022849970858861313,0.023508488545680203,0.8410015249941734,0.0034599527495640155,0.004956975122334307,0.01676060873629054,0.035296988736942425,0.018536380000651886,0.00782431248009885,0.013354581847276004,0.005530269367177154,0.01863137869129672,0.05309736176304239,0.03446598307174567,0.010251074323151449,0.035448867394571176,0.025197793071419727,0.012954458378042774,0.04874951141988047,0.04449943446250937,0.3948979320850231,0.6051020679149769,0.08417457463474932,0.1420686004301862,0.12278595304525627,0.11312158753246776,-0.08417457463474932,-0.1420686004301862,-0.11312158753246776,-0.03861137841050695,0.019282647384929935,-7.68412971496582,5.181327819824219,-2.5028018951416016,-609.87890625,2645.310546875,2035.431640625,1.9865432474685871,1.9852202628757947,1.9821474425752403,0.12501254821955748,0.1261824525953713,0.8793769495591343,0.001169904375813824,0.1440970458989525,0.1611169797770246,0.017019933878072123,0.0011719802349377047,0.0032874149838051105,0.0021154347488674054,0.0061959010233227085,0.033786026676142056,0.02759012565281936,0.030814996704481804,0.054035786007676445,0.0030728203005543353,-1.9351427020042045,-1.9457954274119844,1.9457954274119844,107.48258067655826,0.13734882411483199,0.5036128149731999,0.3662639908583679,0.04046586824091651,0.1369968713230452,0.09653100308212868,106.21562325780721,0.3662639908583677,0.09550921525098634,0.795225954454404,0.7638769680855697,0.811241412278409,HC,Placebo,0,Female,0,22,0.0
N238,phase3_reinstatement,phase3_reinst_roi,27,4837,0.030648038719416903,0.023149852468628773,0.02684489212059038,0.06129019800961333,0.04893322662672722,0.05278710545977455,0.9693519612805831,-0.00749818625078813,0.003695039651961607,-0.005650666424807327,-0.01043003196636244,0.7553450688024491,0.8759086872497349,-0.0038031465988265234,-0.0038031465988265234,-0.0038031465988265234,0.49812546221994114,0.506710820023272,0.004836282243213086,0.004836282243213086,0.002418141121606543,0.008585357803330806,0.9999299566396986,0.0037490755601177206,0.013421640046543892,0.008891046654920715,0.01776709872399114,0.44345089867596105,7.567206373124268e-06,-0.0039028108044452166,-0.00026891533473544227,-0.014650551377170085,-0.014381636042434642,0.017013113887541564,-0.02356113829337625,-0.040574252180917814,-0.007014348148658922,0.017336708102547588,0.02435105625120651,-0.006879890481291201,0.02466198379113263,0.03154187427242383,0.01992912792307683,0.010980415578967867,0.024375399299707584,0.6605999544995121,0.33940004550048786,0.09418548153736463,0.07938470850746136,0.11332914887245549,0.086785095022413,-0.09418548153736463,-0.07938470850746136,-0.086785095022413,-0.01914366733509086,-0.033944440364994125,16.43220806121826,-10.087128639221191,6.34507942199707,-554.53271484375,-90.82470703125,-645.357421875,1.9897690522510123,1.9908913826742318,1.9923362157618674,0.12344071458098435,0.12287398813781533,0.8797187022377321,-0.0005667264431690189,0.14490768067980633,0.140704877248639,-0.004202803431167305,0.00025338348955341157,-0.00038023488423868967,-0.0006336183737921013,-0.00014872044814720486,-0.0008772011116903455,-0.0007284806635431337,-0.004567043762938872,0.006420017117368869,-0.0014448330876355442,-1.965491323641277,-1.960243343954815,1.960243343954815,115.42197936486862,0.19129127479294974,-0.09252628046051985,-0.2838175552534696,0.06151425760923834,-0.031483008518595555,-0.0929972661278339,112.44116627345998,-0.2838175552534693,0.01881966136923442,0.4083322344954544,-0.07965143800574209,0.9650676505085741,HC,Oxytocin,1,Female,0,45,1.0
N240,phase3_reinstatement,phase3_reinst_roi,27,4837,0.0952493699270126,0.07811774541907401,0.05705460278674945,0.14299101532229075,0.1311458465731134,0.10353913646928792,0.9047506300729874,-0.017131624507938592,-0.02106314263232456,-0.027663195824100872,-0.02564852380109009,0.8201391492410117,0.599002353931008,-0.03819476714026315,-0.03819476714026315,-0.03819476714026315,0.4957171986200307,0.51425978266991,0.009976981289940734,0.009976981289940734,0.004988490644970367,0.018542584049879296,0.9996801377916609,0.008565602759938562,0.02851956533982003,0.015504673940723836,0.03424699349264985,0.3986371205444686,0.003275223695247607,-0.0004640391129969974,0.0018908519104322563,0.0029577234215385217,0.0010668715111062654,0.026285661524901194,-0.017568659514354046,-0.04385432103925524,-0.014479703616196798,0.04791333916362986,0.06239304277982666,-0.015425129571412927,0.0464344774528606,0.061859607024273525,0.03540413475226286,0.03400752350629499,0.06319132566491313,0.6826835377800813,0.3173164622199187,0.1557493466805966,0.16070922007048122,0.1463339583361839,0.1582292833755389,-0.1557493466805966,-0.16070922007048122,-0.1582292833755389,0.00941538834441269,0.014375261734297318,-22.889877319335938,-0.34383392333984375,-23.23371124267578,1038.4091796875,-369.3408203125,669.068359375,1.974638217348072,1.9674270316360785,1.9801157494160773,0.13328994995123963,0.12752059740523908,0.8781084314776768,-0.005769352546000556,0.17087225283259988,0.16625985412868372,-0.004612398703916169,0.00813920675426187,0.00400266203202473,-0.004136544722237139,0.03847857505507102,0.02416393595761593,-0.014314639097455124,-0.01176971825264373,0.044215848837204225,-0.012688717779998804,-1.923061146629328,-1.872177661709066,1.872177661709066,103.50117601048257,0.23425487546880733,0.25878728650475324,0.024532411035945917,0.04636665187622724,0.06666132733513344,0.020294675458906203,100.93749015051947,0.02453241103594586,0.18492004808344525,0.7250660395379902,0.38706543080494094,0.926117977054129,HC,Placebo,0,Male,1,19,0.0
N241,phase3_reinstatement,phase3_reinst_roi,27,4837,0.02539078196013045,0.03554371932792455,0.025137471287521196,0.05969236753683399,0.061650310806453335,0.06760528500187818,0.9746092180398696,0.010152937367794101,-0.010406248040403354,0.004949813347592424,0.004935430367331767,1.399866510022082,0.9900231283448335,-0.00025331067260925266,-0.00025331067260925266,-0.00025331067260925266,0.5025382125382882,0.5062840369224012,0.008822249460689435,0.008822249460689435,0.004411124730344718,0.008822249460689435,0.9999337331066903,0.005076425076576463,0.012568073844802408,0.0155434679215775,0.0155434679215775,1.691980499006683,-0.00046342239618366824,0.001463833195555876,-0.001700533208754601,0.007314783159760002,0.009015316368514603,-0.0027727017787396724,0.012310332446017536,0.015083034224757208,0.008057493063214072,0.02583656775544363,0.017779074692229557,0.008907759667591372,0.022179176175563628,0.013271416507972256,0.007495089708159885,0.011843477263418821,0.009603923436473729,0.27507057161472676,0.7249294283852732,0.1153136388286487,0.11296879557706523,0.10906830990721471,0.11414121720285697,-0.1153136388286487,-0.11296879557706523,-0.11414121720285697,0.006245328921433993,0.0039004856698505175,-2.3140792846679688,8.280040740966797,5.965961456298828,-206.939453125,68.51123046875,-138.42822265625,1.992606532775711,1.9892234090009064,1.9893400320720191,0.12305286762966405,0.12301295332778228,0.880018623221655,-3.9914301881771586e-05,0.14976389119485212,0.1490617793763285,-0.0007021118185236118,0.0008242388957140413,0.000560423638477769,-0.0002638152572362722,0.007225481691237046,0.0012859861512524717,-0.005939495539984539,-0.0036718595885158814,0.015432833207967232,-0.0001166230711127092,-1.964202560784498,-1.963832627040776,1.963832627040776,103.76067157680936,-0.12613221822670728,-0.15813666523944783,-0.03200444701274055,-0.04919692193598807,-0.06184411643066683,-0.012647194494678764,101.39828300001582,-0.03200444701274009,0.07667811686787941,-0.24332910561395912,-0.15366899981971965,1.1132539489587912,HC,Oxytocin,1,Female,0,28,1.0
N242,phase3_reinstatement,phase3_reinst_roi,27,4837,0.05392626713148385,0.05561241309839515,0.03212498399266417,0.09968927362699498,0.09194133506403518,0.0644734946834431,0.9460737328685161,0.001686145966911301,-0.023487429105730984,-0.01005756858595419,-0.02148185875325584,1.0312674276178966,0.595720411300349,-0.021801283138819683,-0.021801283138819683,-0.021801283138819683,0.5004215363918557,0.5080305553725146,0.00845209176437034,0.00845209176437034,0.00422604588218517,0.00845209176437034,0.999906700499885,0.0008430727837114294,0.01606111074502925,0.015184224547432332,0.01830661685048285,0.952363325401964,3.865236676397779e-06,0.0002547875785172576,0.007962523180710113,0.0015160016967805112,-0.0064465214839296014,-0.015894625622261516,-0.0028818532962213705,0.013012772326040145,0.005827988662368361,0.029279722871241615,0.023451734208873254,0.0018467270720133044,0.02852172202285136,0.026674994950838055,0.010886045238488153,0.012234441590511987,0.017287185862618116,0.48205651110042563,0.5179434888995744,0.14138932273068522,0.1095068677062142,0.10878199681990305,0.1254480952184497,-0.14138932273068522,-0.1095068677062142,-0.1254480952184497,0.032607325910782164,0.0007248708863111519,3.291227340698242,1.1537094116210938,4.444936752319336,-2009.7373046875,1400.8486328125,-608.888671875,1.9870510663268979,1.9789728548486223,1.9863769187245133,0.1272998623413604,0.12409046763731628,0.8794308051182933,-0.003209394704044119,0.1608507083199331,0.14929426397718024,-0.011556444342752874,0.001409727187127317,3.6835721765180306e-05,-0.0013728914653621368,0.001400172679140721,0.004945405940581293,0.0035452332614405585,-0.009783827712032594,0.019719578584305026,-0.007404063875890987,-1.954251934731849,-1.9250465877171385,1.9250465877171385,96.22296470816673,0.2259605438428176,0.1443411721247676,-0.08161937171805,0.06527431265577906,0.05403645082779669,-0.011237861827982365,93.2731635813182,-0.08161937171804995,-0.05881743623007894,-0.46732872932855674,-0.3152837363823283,0.7003410227001826,HC,Placebo,0,Female,0,19,0.0
N243,phase3_reinstatement,phase3_reinst_roi,27,4837,0.01923928235093142,0.021464836089969186,0.030301149982475684,0.03801213711320739,0.046449122044662505,0.04699481018098528,0.9807607176490686,0.0022255537390377667,0.008836313892506498,0.0066437106852910155,0.008709828999616503,1.115677006120759,1.5749617724899705,0.011061867631544264,0.011061867631544264,0.011061867631544264,0.5005563882051061,0.5075747079385298,0.00813109614363583,0.00813109614363583,0.004065548071817915,0.00813109614363583,0.9999167738616593,0.001112776410212124,0.015149415877059536,0.015274411025118888,0.01847569196368786,0.9122732136655373,0.003010263619419879,-0.0010303151536089944,0.011448614187613032,-0.004760900664921408,-0.01620951485253444,0.019127388072739615,-0.010891907214955254,-0.03001929528769487,0.008000974218698748,0.02589170459288484,0.017890730374186092,0.0022766671248922316,0.028272154925345544,0.025995487800453312,0.012236774539989512,0.011728858778938027,0.015971399525808432,0.4539230667691076,0.5460769332308923,0.07214615813713922,0.06399634288054137,0.05280124217426391,0.0680712505088403,-0.07214615813713922,-0.06399634288054137,-0.0680712505088403,0.01934491596287531,0.011195100706277467,7.325345039367676,10.762285709381104,18.08763074874878,350.33740234375,-691.20458984375,-340.8671875,1.9913966098781462,1.9942485097954628,1.9905917879451858,0.12185186339282011,0.12343559731363715,0.8798908137385716,0.0015837339208170376,0.13804804023979936,0.13772184763480902,-0.000326192604990342,-0.0004437694177221151,0.00038688395979896706,0.0008306533775210822,1.918247959564745e-05,0.0014778954219972218,0.001458712942401609,0.0004031638662104625,0.011269003175434528,0.0036567218502769894,-1.96029063796271,-1.9750092274445312,1.9750092274445312,117.62295279178082,0.24431213745035005,0.13770527906280314,-0.10660685838754691,0.09444271331160511,0.04233254665790641,-0.052110166653698706,117.43652875317318,-0.10660685838754622,-0.2915994263406943,-0.8150903621966992,-0.5141520394858958,1.188392954939683,HC,Oxytocin,1,Female,0,18,0.0
N244,phase3_reinstatement,phase3_reinst_roi,27,4837,0.008275437026762922,0.008654529591751392,0.011148641978768747,0.017311180993429265,0.017380963250389236,0.0194126935761586,0.9917245629732371,0.0003790925649884702,0.0024941123870173554,0.001626148758497148,0.0010856474198446542,1.0458081072554162,1.3471951355272855,0.0028732049520058256,0.0028732049520058256,0.0028732049520058256,0.5000947731401121,0.502787131626521,0.002881904766633081,0.002881904766633081,0.0014409523833165405,0.002881904766633081,0.9999887799805016,0.0001895462802241621,0.005574263253042,0.005613677954666774,0.007217245032142522,0.8094856521077225,-0.00029331268678500647,-0.000659823111768819,-0.002778846632562365,-0.0015775136516295307,0.0012013329809328344,0.006413872431369594,-0.0022889557052937493,-0.008702828136663343,-0.0010275322556289879,0.010076708022866587,0.011104240278495575,0.0003618910606521947,0.010865464848681353,0.010503573788029158,0.0066344583620504246,0.006170034698516473,0.004216538963585615,0.47647370215139145,0.5235262978486086,0.03169437252046106,0.02564547931012967,0.029626526352821703,0.028669925915295366,-0.03169437252046106,-0.02564547931012967,-0.028669925915295366,0.002067846167639359,-0.003981047042692032,-3.4637537002563477,6.66911506652832,3.2053613662719727,-293.81640625,215.84326171875,-77.97314453125,1.9966434772629555,1.9974778806751576,1.9965044445604652,0.12034126561961879,0.12074906318946868,0.8804442139379175,0.0004077975698498909,0.12720108547044306,0.12626464204550783,-0.0009364434249352384,-0.000479445182924075,0.00010455908696438487,0.0005840042698884598,-0.0019004995138137137,0.0009549184271400168,0.0028554179409537236,0.0004912655455416234,0.004369875876802129,0.0009734361146924719,-1.9853558025816964,-1.9892024436483946,1.9892024436483946,117.76117119184512,-0.009234138164152797,0.05968608329823675,0.06892022146238955,-0.0055132466888043186,0.03075913006897252,0.036272376757776836,116.67112911668703,0.06892022146238933,-0.046183882365541204,-0.20299799747909986,-0.032578777277160596,0.17216307488891086,HC,Placebo,0,Female,0,25,0.0
N246,phase3_reinstatement,phase3_reinst_roi,27,4837,0.04211765996915384,0.038990330145390106,0.046455517855326534,0.08273861521083098,0.09934455317600255,0.09556384417984909,0.9578823400308462,-0.003127329823763736,0.007465187709936427,0.0006052640312044777,0.01471558346709484,0.9257475585412455,1.1029935390383572,0.004337857886172691,0.004337857886172691,0.004337857886172691,0.4992181681812644,0.5116117912404018,0.010829959421666202,0.010829959421666202,0.005414979710833101,0.012393623059137382,0.999804576742789,0.0015636636374711799,0.023223582480803584,0.018258819871600683,0.026681158775419662,0.6573083954202015,-0.0013393776916769645,0.0033554751774240088,-0.0017363912349999955,0.016530098540537053,0.018266489775537048,-0.012957968397163122,0.010879530366739165,0.023837498763902287,-0.004180147261749589,0.048094640657719484,0.05227478791946907,-0.0033119516442495917,0.03982959138745096,0.04314154303170055,0.0207948211247974,0.02639482591487216,0.04396136115195008,0.5574132387486429,0.4425867612513571,0.1394790061282013,0.1369394553091095,0.1339482159243106,0.1382092307186554,-0.1394790061282013,-0.1369394553091095,-0.1382092307186554,0.00553079020389069,0.002991239384798894,-13.231261968612671,8.241657972335815,-4.9896039962768555,-29.52294921875,114.29931640625,84.7763671875,1.9845476465175822,1.9872401275317375,1.985382470614547,0.12508617811415118,0.12576578935442803,0.8791651096091987,0.0006796112402768506,0.1577545674699134,0.15828428599379452,0.0005297185238811106,0.0030109432778780204,0.001646274965591116,-0.001364668312286904,0.013324311977976788,0.013417481799162329,9.316982118555417e-05,0.0005763034344738877,0.025641793812560987,0.00185765691719042,-1.9389269527592206,-1.9451224675625838,1.9451224675625838,101.46752052199972,-0.13392849744873014,0.21879798133963152,0.35272647878836166,-0.04058192056620398,0.06406667968754398,0.10464860025374796,100.01975325434778,0.35272647878836233,0.053801514300514226,0.14250750627599473,0.4239802319263597,1.4909217188100758,HC,Oxytocin,1,Female,0,18,1.0
N247,phase3_reinstatement,phase3_reinst_roi,27,4837,0.012074808153386463,0.011698464685985233,0.007682953458913122,0.02017582269099777,0.019103289042800176,0.014122979687887116,0.9879251918466135,-0.00037634346740123004,-0.0040155112270721105,-0.0023840990809372853,-0.003562688325654123,0.9688315415917316,0.636279019801088,-0.0043918546944733405,-0.0043918546944733405,-0.0043918546944733405,0.4999059141342601,0.5019207289167081,0.0018266430509682463,0.0018266430509682463,0.0009133215254841232,0.0020148147824480267,0.9999946648260298,0.0001881717314797804,0.003841457833416273,0.0035329289992301477,0.005960525196288105,0.5617880988454612,-0.0002614750744291511,0.0008022072473751937,-0.0022917828767652915,0.002359455584517056,0.004651238461282348,-0.0016594430571459373,0.009632129852476301,0.011291572909622238,-0.0015318408079407486,0.008631535160276926,0.010163375968217675,-0.0003859493695581029,0.007451807368018398,0.007837756737576501,0.005956807484516116,0.006873266047829773,0.009275644437438967,0.5633252406534099,0.43667475934659006,0.03129014368077482,0.02986115909038818,0.024845065757251802,0.0305756513855815,-0.03129014368077482,-0.02986115909038818,-0.0305756513855815,0.0064450779235230155,0.005016093333136379,-17.583064079284668,10.416467666625977,-7.166596412658691,-468.671875,697.5791015625,228.9072265625,1.9969227865989523,1.995547036672291,1.997026298478299,0.12094918274547439,0.12032635070469824,0.8804736115291009,-0.0006228320407761501,0.12770749890366495,0.12676084378267366,-0.0009466551209912841,0.00017666502505174982,4.318943462224893e-05,-0.0001334755904295009,0.0012843098837347355,3.058611650536003e-05,-0.0012537237672293755,-0.0015735170046059718,0.002740480303210663,-0.001479261806007992,-1.9893433450193858,-1.9834722285189046,1.9834722285189046,106.8104108936039,0.13493766702996712,0.10906777150051147,-0.02586989552945565,0.07381919189740996,0.07473265934255384,0.0009134674451438812,105.25525253182084,-0.02586989552945576,0.018010434029921762,0.05077625484773812,-0.00048176810558670305,0.159681589468971,HC,Placebo,0,Female,0,21,0.0
N248,phase3_reinstatement,phase3_reinst_roi,27,4837,0.06039794634073847,0.0503893399242793,0.04368424284493433,0.10541826374396518,0.08413931516153467,0.09000166489783645,0.9396020536592615,-0.010008606416459176,-0.006705097079344968,-0.01336115495613166,-0.01834777371427962,0.8342888232841025,0.7232735259863299,-0.016713703495804144,-0.016713703495804144,-0.016713703495804144,0.4974978692828457,0.5109193243090157,0.008417193591861327,0.008417193591861327,0.004208596795930664,0.013421455026169982,0.9998189391655815,0.0050042614343086544,0.02183864861803131,0.014752858195729836,0.02385927709236913,0.5673853842242496,0.001279703408713609,0.0007059163274574998,0.0077005571319597454,0.005773371788821757,-0.0019271853431379882,0.005387100496986652,0.0023279310104370454,-0.0030591694865496066,-0.005009995453533006,0.04125267630538343,0.046262671758916435,-0.008860274019512879,0.03836599041097255,0.04722626443048543,0.014572265709430179,0.013815312898050044,0.022723449412349033,0.6248644913447773,0.3751355086552227,0.11568923108960556,0.12177076852564217,0.15512210313102928,0.11872999980762386,-0.11568923108960556,-0.12177076852564217,-0.11872999980762386,-0.03943287204142372,-0.03335133460538711,-6.159798622131348,1.6539154052734375,-4.50588321685791,59.03125,-299.84716796875,-240.81591796875,1.9824061106034914,1.9800901220109406,1.985562481834482,0.12789589666169687,0.125441657336131,0.8789374212741856,-0.0024542393255658768,0.15496946161284925,0.15400986370142816,-0.0009595979114210978,0.00022588774793542922,-0.0022686246118845794,-0.002494512359820009,0.002224356641089442,-0.004307163287619958,-0.006531519928709387,-0.004225357875775791,0.014460649232720607,-0.0054723598235413284,-1.9418782389895477,-1.9196921756702021,1.9196921756702021,111.3312992516422,0.15145395794400615,0.23607866422441148,0.08462470628040533,0.03456611292858683,0.06369082716885957,0.029124714240272742,111.02780216244652,0.0846247062804051,0.06025790052586492,0.06246540248643516,0.11585740752362267,0.9953671184908766,HC,Oxytocin,1,Female,0,26,0.0
N249,phase3_reinstatement,phase3_reinst_roi,27,4837,0.07017564828355838,0.054500454716638225,0.09063150071728587,0.12368711141163552,0.10292656500559888,0.13752601691856997,0.9298243517164416,-0.015675193566920154,0.03613104600064765,0.0023903294334036707,-0.003460820449551094,0.7766290484432444,1.2914948421441477,0.020455852433727495,0.020455852433727495,0.020455852433727495,0.4960812818475141,0.5226423784626106,0.018723660310124735,0.018723660310124735,0.009361830155062367,0.026561096615096536,0.9992379552342282,0.007837436304971801,0.04528475692522127,0.03184104998051333,0.06132768106855242,0.457896572213609,-0.006781257319159606,0.0004213913769115624,-0.005787650930002025,-0.0014355241902489768,0.004352126739753048,-0.11217006548132491,0.04582821315819485,0.15799827863951976,-0.01549892623387858,0.07556943863477975,0.09106836486865832,-0.012605100768877567,0.07628720072990423,0.0888923014987818,0.055194510812754026,0.09990301054890893,0.11802233819868305,0.5788863157102481,0.42111368428975193,0.16105033047454367,0.1415321334553232,0.12880107872792168,0.15129123196493344,-0.16105033047454367,-0.1415321334553232,-0.15129123196493344,0.03224925174662199,0.01273105472740152,-13.045934200286865,17.973412036895752,4.927477836608887,-324.947265625,-615.9638671875,-940.9111328125,1.9706088615879076,1.9817906146118895,1.9749373010857683,0.12879952777607984,0.13189508280763187,0.8776764958727322,0.0030955550315520386,0.16777010046579105,0.16576983705854176,-0.0020002634072493093,0.0052121306093797755,0.001633594948658091,-0.0035785356607216856,0.02083983985480531,0.0049328407280287145,-0.015906999126776615,-0.009953762970637617,0.034331631844261655,0.006853313526121285,-1.8843058003684825,-1.9116149663283313,1.9116149663283313,89.96070258970143,0.4340091361551402,0.3545504508742083,-0.07945868528093192,0.11502934731469536,0.08241644206681377,-0.03261290524788159,87.83854566292062,-0.07945868528093263,-0.07628828687153735,-0.30992643889625177,-0.23442190472905852,0.49178822607303413,HC,Placebo,0,Female,0,20,0.0
N250,phase3_reinstatement,phase3_reinst_roi,27,4837,0.04569963456644288,0.057602862701603974,0.06193604104474948,0.08278160455848277,0.11128787906219667,0.11096598121516588,0.9543003654335571,0.011903228135161092,0.004333178343145505,0.014069817306733845,0.028345325580198505,1.2604663175849202,1.355284961892875,0.016236406478306598,0.016236406478306598,0.016236406478306598,0.5029757718982302,0.5154790623428626,0.018454834241092732,0.018454834241092732,0.009227417120546366,0.018454834241092732,0.999641497598381,0.005951543796460346,0.03095812468572512,0.031282125414556376,0.03884388509501844,0.9137185452066068,-0.0055022533827819645,0.0006273137290369296,-0.02777593488771274,0.010376150890593877,0.038152085778306616,0.004290878603507742,-0.004404111543562017,-0.008694990147069759,-0.004491818517131624,0.058356177347684945,0.06284799586481657,0.009396148926724746,0.05316810190238801,0.04377195297566326,0.04595089088496719,0.025843060430540552,0.05777681921149235,0.4121909844697147,0.5878090155302853,0.1614661853563426,0.13271388288466546,0.12582965940621452,0.14709003412050403,-0.1614661853563426,-0.13271388288466546,-0.14709003412050403,0.03563652595012809,0.00688422347845094,-8.68342113494873,10.29401683807373,1.610595703125,6.1015625,489.294921875,495.396484375,1.982507903910704,1.9837389377132846,1.9781571107004754,0.1258634177493565,0.12828355906630895,0.8789482523188827,0.002420141316952451,0.16553715322288573,0.15972023302780425,-0.005816920195081499,0.008612125462162548,-0.00219458869129519,-0.010806714153457736,0.02779302620080709,-0.004443127614926712,-0.032236153815733797,-0.021934997102948398,0.03952413581880652,0.005581827012809182,-1.9162210696557258,-1.9380393031468417,1.9380393031468417,100.20790774910998,0.20313802420282978,0.28207556425022373,0.07893754004739395,0.062249585860725154,0.07428990908046966,0.012040323219744506,95.11728848589091,0.07893754004739434,-0.09069098545382112,-0.088787842545754,0.03454361877451734,0.9911967737150179,HC,Oxytocin,1,Female,0,19,1.0
N251,phase3_reinstatement,phase3_reinst_roi,27,4837,0.0015813399335866674,0.00196833991770351,0.0017639328253868936,0.003029264080384786,0.0058151230876573035,0.003599047323564808,0.9984186600664133,0.00038699998411684255,-0.00020440709231661636,0.0002847964379585344,0.0016778211252262698,1.2447212826822642,1.1154601444767567,0.0001825928918002262,0.0001825928918002262,0.0001825928918002262,0.5000967499948217,0.5004409830920049,0.0005377330868265862,0.0005377330868265862,0.0002688665434132931,0.0005377330868265862,0.999999705940268,0.00019349998964335313,0.0008819661840098192,0.0010688250222469914,0.0014626668470677784,0.7402249126363132,0.00013193092720177138,9.336443681762097e-05,0.00028225325908651233,0.0008345423050826473,0.0005522890459961349,0.0001801468856115207,-0.0007022926757064285,-0.0008824395613179492,0.0005282846734906144,0.002167763153087948,0.0016394784795973338,0.0003871580439473582,0.0017504920005466246,0.0013633339565992664,0.0018209309993312674,0.0014292263953898361,0.002075569150173045,0.40367442439694823,0.5963255756030518,0.006482604600467817,0.0070942799486887476,0.008378572636902198,0.006788442274578282,-0.006482604600467817,-0.0070942799486887476,-0.006788442274578282,-0.0018959680364343812,-0.0012842926882134509,5.795337677001953,-1.073979377746582,4.721358299255371,-199.740234375,344.63818359375,144.89794921875,1.9994760702314465,1.9994068289592068,1.999345372189699,0.11943142084363975,0.11945708933409976,0.8807420577371018,2.5668490460012405e-05,0.12080015658381735,0.12095664598553021,0.00015648940171288095,-6.251580802499786e-05,4.672942716870714e-05,0.000109245235193705,-0.0002493372915439718,0.00045073167147963167,0.0007000689630235965,0.0005065238832246792,0.0009318929568012025,6.145676950786161e-05,-1.997581439364312,-1.9978254890256202,1.9978254890256202,133.22975640850498,0.03401936945961084,0.04483796401791736,0.01081859455830652,0.04279102745867046,0.053396589302797066,0.010605561844126608,127.01009484809163,0.010818594558306489,-0.01797146057186279,-0.05538061694750205,-0.016871713915444536,0.14273142599738653,HC,Oxytocin,1,Female,0,19,1.0
N252,phase3_reinstatement,phase3_reinst_roi,27,4837,0.019186148154882066,0.019817750883347696,0.01907906036141982,0.037221010217318384,0.03796228028708282,0.03638445359003567,0.9808138518451179,0.00063160272846563,-0.0007386905219278761,0.000262257467501692,-4.764327875914076e-05,1.0329191870184242,0.9944179656709962,-0.00010708779346224606,-0.00010708779346224606,-0.00010708779346224606,0.5001579006768673,0.504769620408556,0.004927521085423214,0.004927521085423214,0.002463760542711635,0.00492752108542327,0.9999671432602815,0.0003158013537345461,0.009539240817111994,0.009096946439599095,0.010618837731444807,0.8058522770218033,-0.0007694938282721738,0.0025049073600021212,-0.0035698045031297976,0.013782414324867431,0.01735221882799723,-0.004441815205501687,0.0068778672755144266,0.011319682481016113,-0.0012135027560992717,0.024513700546166278,0.02572720330226555,0.0005713994954656271,0.017622493383732563,0.017051093888266936,0.007812140842352107,0.008603820283737153,0.007780047276100608,0.4757208801762244,0.5242791198237756,0.05686284476974682,0.06623028612716556,0.07291821994097669,0.061546565448456186,-0.05686284476974682,-0.06623028612716556,-0.061546565448456186,-0.016055375171229874,-0.006687933813811137,-2.8738279342651367,-7.538652420043945,-10.412480354309082,264.4228515625,137.2939453125,401.716796875,1.9936887203083313,1.993463082828681,1.9934241057660336,0.12193024333987094,0.12192295137082573,0.8801328399248948,-7.291969045211677e-06,0.1345128421970448,0.13668226500763675,0.002169422810591959,-0.0012381932324402507,0.0016976051784726779,0.0029357984109129286,-0.0036663928418902703,0.008900937106049112,0.012567329947939382,0.00845308778456165,0.007534821021187701,3.897706264743839e-05,-1.9743450454046139,-1.974276934673799,1.974276934673799,114.12927398541572,-0.010370142805578401,0.1308191729273529,0.1411893157329313,-0.004190776638738454,0.05327603540538144,0.057466812044119894,112.60772153139429,0.1411893157329318,0.0716791105115622,0.37762434555074487,0.33000148850830424,1.2748743502846642,HC,Placebo,0,Female,0,30,0.0
N253,phase3_reinstatement,phase3_reinst_roi,27,4837,0.11503540162069614,0.12776493611015183,0.05568040983879463,0.1689776489264615,0.20192811708367053,0.09608098770989287,0.8849645983793039,0.012729534489455685,-0.0720845262713572,-0.023312728646222913,-0.019973096529679796,1.1106574428701006,0.48402843137023305,-0.05935499178190151,-0.05935499178190151,-0.05935499178190151,0.5031823406499953,0.5139165071905412,0.017098847840536557,0.017098847840536557,0.008549423920268251,0.017098847840536502,0.9997059476668068,0.006364681299990682,0.02783301438108232,0.026174659638673492,0.032606738311376185,0.6789942258138318,0.007175330222056349,-0.0021607982633940074,0.029279419567183912,-0.015366297193021933,-0.044645716760205845,0.07702347857068659,-0.016561474740306448,-0.09358495331099304,0.021653094276183782,0.03765278618824419,0.01599969191206041,0.007013384492591826,0.04533593478475516,0.03832255029216333,0.03746238956726148,0.0693805113342738,0.07929261752547691,0.3842491598618389,0.6157508401381611,0.22383548553948962,0.15023415229940945,0.1493545928414884,0.18703481891944954,-0.22383548553948962,-0.15023415229940945,-0.18703481891944954,0.07448089269800123,0.0008795594579210642,-11.213872909545898,1.8177719116210938,-9.396100997924805,836.4599609375,-1294.2265625,-457.7666015625,1.9747611123820121,1.9538568466851467,1.9700671421354898,0.13719073782071445,0.12848882720908159,0.8781215848152444,-0.008701910611632863,0.19134519157054516,0.16422762217978382,-0.027117569390761334,0.003935546667936488,-0.00048636616475030266,-0.00442191283268679,-0.0010787018726194086,-0.003531671309942891,-0.00245296943732351,-0.02834405410942309,0.09756185912044574,-0.016210295450343137,-1.9143867322966952,-1.8388214450644504,1.8388214450644504,105.15694132089577,-0.5675017005979298,0.15792268213049443,0.7254243827284242,-0.0950102901145508,0.040180497711778604,0.1351907878263294,105.13181063402197,0.725424382728425,-0.06654805313689904,-0.6725379834675026,0.3891553909946738,1.926283218109028,HC,Oxytocin,1,Male,1,26,0.0
N254,phase3_reinstatement,phase3_reinst_roi,27,4837,0.014110406097713524,0.02094477305446152,0.013882749327332133,0.028441743447588985,0.041664764681503375,0.027868222854705083,0.9858895939022865,0.006834366956747995,-0.007062023727129385,0.0033033550931833022,0.006324750320515243,1.4843483643161626,0.9838653397033216,-0.00022765677038139032,-0.00022765677038139032,-0.00022765677038139032,0.5017085850887281,0.5034706315905657,0.005179216679293774,0.005179216679293774,0.002589608339646887,0.005179216679293774,0.999978410575024,0.0034171701774561303,0.0069412631811314185,0.00964932384821443,0.010019275540536637,1.1365984192895788,-0.00036498828497024576,-0.0004103229839393374,-0.003863510145329929,-0.007698376952765484,-0.003834866807435555,0.00688252089849728,0.0012760279473404967,-0.005606492951156783,0.004542890633581931,0.008974813513799224,0.004431922880217293,0.006474645706246895,0.012824001990181966,0.00634935628393507,0.010376900004273416,0.012167438945705059,0.01430587999725457,0.23647515248109843,0.7635248475189016,0.05703161655596502,0.06967467900824813,0.05453310114845117,0.06335314778210657,-0.05703161655596502,-0.06967467900824813,-0.06335314778210657,0.002498515407513849,0.01514157785979696,6.492520213127136,-13.620951652526855,-7.128431439399719,-1093.529296875,1363.3232421875,269.7939453125,1.9961053898494026,1.9936693267358758,1.9938675134736967,0.12136586506052882,0.12132046205190317,0.8803875620769683,-4.540300862565516e-05,0.13415381034090956,0.13695542967175112,0.0028016193308415503,-0.001070334236227396,0.00010340057708005126,0.0011737348133074473,-0.007068187094117578,-0.0021346731722571843,0.004933513921860401,0.005268376291771751,0.019613973144415157,-0.00019818673782090457,-1.9799847641463646,-1.9795589206381623,1.9795589206381623,106.07438974454354,0.1689121826124015,-0.037339197741224135,-0.20625138035362564,0.08516413709798175,-0.018838264324796836,-0.10400240142277858,105.93277571813786,-0.20625138035362528,0.12224884256305908,0.59511693671887,0.0913070880058098,1.1911026019351691,HC,Oxytocin,1,Female,0,37,1.0
N255,phase3_reinstatement,phase3_reinst_roi,27,4837,0.008032871995143132,0.01018317858713369,0.007806125250169438,0.015230890248879525,0.018991814139188434,0.025388191568833762,0.9919671280048569,0.0021503065919905584,-0.002377053336964252,0.0009617799235084323,0.006959112605131573,1.2676868144323143,0.9717714333273169,-0.00022674674497369374,-0.00022674674497369374,-0.00022674674497369374,0.5005375764408596,0.5019515214027932,0.00248909784365281,0.00248909784365281,0.001244548921826405,0.00248909784365281,0.9999940886523737,0.0010751528817192213,0.0039030428055863986,0.004793007885572069,0.005401337239466918,0.8727140814679012,-0.0008892213508061218,0.00029937662575067286,-0.0055263037256522984,0.00014745501769697356,0.005673758743349272,-0.0016534462701031094,0.0024714573156062736,0.004124903585709383,-0.0007325853243567992,0.007629176741523275,0.008361762065880074,0.00203056653846935,0.007555449232674788,0.005524882694205438,0.0055169076651369895,0.007759338826827735,0.010650863604223123,0.38058498527475076,0.6194150147252493,0.03724726524618564,0.036561742892464014,0.04334911158674036,0.03690450406932483,-0.03724726524618564,-0.036561742892464014,-0.03690450406932483,-0.006101846340554717,-0.006787368694276347,11.282004356384277,-7.728858947753906,3.553145408630371,361.97998046875,219.5517578125,581.53173828125,1.997615150258679,1.9968051583665798,1.9968930340855768,0.12038680918151659,0.12035349658422305,0.8805464565713971,-3.3312597293541635e-05,0.1284687148954156,0.12828822913678617,-0.00018048575862941035,-0.0004252639976193127,-5.183851269366545e-05,0.00037342548492564725,-0.0017492983180538713,-0.0013872300399084825,0.0003620682781454443,5.483804433117911e-07,0.0050559895884108716,-8.78757189970436e-05,-1.9890869088354073,-1.9887722863714368,1.9887722863714368,118.01701850217528,0.0941876646822342,0.04717880338989436,-0.047008861292339846,0.056568066864305835,0.028717233418553582,-0.027850833445752253,117.84205187601299,-0.04700886129233947,-0.06264085561726225,-0.22265379516838868,-0.1583357588765338,0.7045743026882404,HC,Oxytocin,1,Female,0,29,1.0
N257,phase3_reinstatement,phase3_reinst_roi,27,4837,0.02645437080163826,0.017950711034222855,0.02679615407398228,0.05261550769569745,0.03996734453244871,0.05181154804354243,0.9735456291983617,-0.008503659767415406,0.008845443039759426,-0.0040809382475356926,-0.006726061407701878,0.6785534376639504,1.0129193450002374,0.0003417832723440206,0.0003417832723440206,0.0003417832723440206,0.4978740978688576,0.506698637702561,0.0045727355714185736,0.0045727355714185736,0.0022863677857092868,0.008824539833703349,0.9999287415943455,0.004251804262284775,0.013397275405121922,0.008486534764259708,0.02194537502222111,0.32982587000480773,0.0006178324935714278,-0.0036346462161644904,0.006893851334343504,-0.020973539948192926,-0.02786739128253643,-0.006739806680584048,-0.02147393190846958,-0.01473412522788553,-0.004949329347847642,0.014882554569442347,0.01983188391728999,-0.008396255015019394,0.02536932454353881,0.033765579558558204,0.016835892436709504,0.021830334973565235,0.03461037462222248,0.7183606752366231,0.28163932476337694,0.07411173707168328,0.06582639273937131,0.06669773570545694,0.06996906490552729,-0.07411173707168328,-0.06582639273937131,-0.06996906490552729,0.007414001366226344,-0.0008713429660856253,-33.73504066467285,22.724594220519066,-11.010446444153786,-945.45361328125,-118.41845703125,-1063.8720703125,1.9903642795706447,1.992917863459064,1.9928843866737895,0.12276925008633614,0.12280967017562494,0.8797816712129912,4.042008928879792e-05,0.13954456531965304,0.13756882833317355,-0.00197573698647948,-0.0003746421636752411,-0.0012238108598496933,-0.000849168696174452,0.0020755926841562466,-0.0057416871080064324,-0.007817279792162693,-0.005884376882560827,0.015550326954073141,3.347678527454434e-05,-1.9660882325998073,-1.9664634926574258,1.9664634926574258,122.03157273751981,0.6087978365225589,0.4246113777776768,-0.1841864587448821,0.19395364056270037,0.1348019947920239,-0.05915164577067647,119.58307101865535,-0.18418645874488115,-0.10751807281071539,-0.8240678167157549,-0.5962203671027586,1.159984405013034,HC,Placebo,0,Female,0,18,0.0
N258,phase3_reinstatement,phase3_reinst_roi,27,4837,0.09948284047013656,0.0689691260180415,0.09095777067416422,0.19818789172595985,0.14253293318473442,0.18180199717787188,0.9005171595298634,-0.030513714452095053,0.021988644656122713,-0.019519392124033697,-0.0360204265446567,0.6932765365297322,0.9143060361088924,-0.00852506979597234,-0.00852506979597234,-0.00852506979597234,0.49237216322595057,0.5227237780785648,0.015095941304515414,0.015095941304515414,0.007547970652257707,0.030351614852614284,0.9991708338964742,0.01525567354809887,0.0454475561571297,0.019971452674886106,0.04655413901359344,0.36084213794779174,0.0062964925044803706,0.00045394926714584623,0.025994340179204878,0.0031024177888749893,-0.02289192239032989,0.04037769506733946,0.03608694419381442,-0.00429075087352504,-0.012727988453694078,0.06721927278750622,0.0799472612412003,-0.025725158543296517,0.06566806389306873,0.09139322243636525,0.038053795562782086,0.05728973164517578,0.08819083339238244,0.736100024194316,0.26389997580568403,0.17263443071694512,0.22427611053043006,0.24570336323390424,0.1984552706236876,-0.17263443071694512,-0.22427611053043006,-0.1984552706236876,-0.07306893251695912,-0.021427252703474176,-53.751285552978516,34.472877502441406,-19.27840805053711,919.103515625,-1454.775390625,-535.671875,1.9651734171319806,1.9722705396994125,1.974796671683992,0.13321949189999335,0.1319485513984488,0.877091745071417,-0.001270940501544554,0.1757747274559378,0.18947037023676389,0.013695642780826061,0.0016575024059312464,0.00666731312076286,0.005009810714831613,0.004209091536061943,0.02598947292412035,0.0217803813880584,0.02458583347485526,0.07222939183728526,-0.002526131984579516,-1.8838389010098278,-1.872787699229276,1.872787699229276,108.16758770329783,0.18192731699112194,0.3631863970587863,0.18125908006766436,0.03289279226098987,0.06917950371714365,0.03628671145615378,107.59562038780258,0.1812590800676649,0.05894241155962074,0.03384099615320507,0.19817957814426745,1.4597367823167127,HC,Placebo,0,Female,0,19,1.0
N259,phase3_reinstatement,phase3_reinst_roi,27,4837,0.028031175456557422,0.03264264454315824,0.046953398646329525,0.059856453584067104,0.05955210139873851,0.07919293714370917,0.9719688245434426,0.004611469086600817,0.014310754103171286,0.01176684613818646,0.009516065687156738,1.164511739745992,1.675041489739977,0.018922223189772103,0.018922223189772103,0.018922223189772103,0.5011528652286155,0.5117361935852699,0.012889058813885412,0.012889058813885412,0.006444529406942678,0.012889058813885357,0.9997993499882065,0.0023057304572309256,0.023472387170539788,0.02340608356686779,0.0302537444257858,0.8923523071282442,-0.0011966535190651758,-1.9392997162814312e-05,0.00832713857291148,0.0017070427051945058,-0.006620095867716974,-0.03270292507659134,0.013994461293887483,0.04669738637047882,0.008572625757835572,0.043256632014953,0.03468400625711743,0.0044090564713798325,0.04240311066235575,0.037994054190975915,0.031314954492594874,0.01847111297326061,0.03523452509951054,0.4487286139099714,0.5512713860900287,0.10583793232719918,0.09124164341858114,0.13099513557123502,0.09853978787289017,-0.10583793232719918,-0.09124164341858114,-0.09853978787289017,-0.025157203244035836,-0.03975349215265388,1.0059890747070312,8.893173217773438,9.899162292480469,-182.5888671875,-291.80859375,-474.3974609375,1.9869375202947348,1.991753580658994,1.9852154503248545,0.12306476225714727,0.12583891259330476,0.879418765056713,0.0027741503361574937,0.14733866061132617,0.14662811978011486,-0.0007105408312112933,-0.00029257935205314174,-0.0008207289583179386,-0.0005281496062647968,-0.002457494504651131,-0.003597917213124857,-0.001140422708473747,-0.0012807521854481668,0.00869265895552381,0.006538130334139636,-1.938262051678525,-1.9637224052024367,1.9637224052024367,96.74827746949009,-0.037391518273179325,0.1710448338674848,0.20843635214066414,-0.015329032821875014,0.054495208210095326,0.06982424103197034,91.28539488943291,0.20843635214066436,-0.11842207552177902,-0.515065458173283,-0.049096376945977085,0.4806628784978877,HC,Oxytocin,1,Female,0,23,1.0
N260,phase3_reinstatement,phase3_reinst_roi,27,4837,0.0012750868259702175,0.001370379619612394,0.001243491898984428,0.003319599083561553,0.001979592575556799,0.002471605371132335,0.9987249131740298,9.529279364217658e-05,-0.00012688772062796616,3.1848933328193496e-05,-0.001094000110216986,1.0747259280248591,0.9752137042912475,-3.1594926985789584e-05,-3.1594926985789584e-05,-3.1594926985789584e-05,0.5000238231983924,0.5003108729346882,0.0003346961330807363,0.0003346961330807363,0.0001673480665403404,0.0003346961330806808,0.9999998597562895,4.764639678489502e-05,0.0006217458693764666,0.0006678126293203496,0.0009991574623506305,0.7098173944289234,-0.00014320052143797422,9.63244056160323e-05,-0.0006691837541561996,0.000619012105758765,0.0012881958599149645,-0.0020318026381227483,0.0004952957378724365,0.002527098375995185,-0.0002371772424610008,0.0015477166769029826,0.0017848939193639834,9.741463461709898e-05,0.0012382106240236002,0.0011407959894065012,0.0013700771222170088,0.0005349419182570305,0.0016812917136619708,0.46960638218025935,0.5303936178197406,0.003973223718084756,0.0033276215232076883,0.003714992605885356,0.0036504226206462223,-0.003973223718084756,-0.0033276215232076883,-0.0036504226206462223,0.0002582311121994002,-0.00038737108267766773,4.544776916503906,-1.5255613327026367,3.0192155838012695,-508.005859375,120.6083984375,-387.3974609375,1.9995934388484342,1.9995488886504045,1.9995610697868256,0.11938428092552283,0.11937967875136,0.880754385055879,-4.6021741628293755e-06,0.12022184639455791,0.12008061161894554,-0.00014123477561237344,-1.731545553211787e-05,7.296980279529001e-05,9.028525832740788e-05,-1.449016008417403e-06,0.00023303685006124952,0.0002344858660696808,-2.3991842577533035e-05,0.00047257723852154286,-1.2181136421096639e-05,-1.9983175778878413,-1.9982738018244341,1.9982738018244341,123.52946327630981,0.06983287909699393,0.023587626315032705,-0.04624525278196122,0.1059119583441804,0.03633272910730878,-0.06957922923687163,116.9093696638275,-0.04624525278196116,-0.001557520969012389,0.011536546699829564,-0.04047697943204638,0.09043580448344479,HC,Placebo,0,Female,0,32,0.0
N101,phase3_reinstatement,phase3_reinst_memory_fear_network,27,12684,0.04724697344551132,0.06118403047258181,0.05863350772264775,0.07619774901639625,0.09551996194343715,0.09897248590559704,0.9527530265544887,0.013937057027070487,-0.002550522749934059,0.012661795652103458,0.02104847490812084,1.2949827906609892,1.2410000268116206,0.011386534277136429,0.011386534277136429,0.011386534277136429,0.5034842078587864,0.5146541788854396,0.018138386744226076,0.018138386744226076,0.009069193372113038,0.018138386744226076,0.9996726301109052,0.006968415717572896,0.029308357770879256,0.031127774989334493,0.03641008485787226,0.9292134969398079,0.00833318419119913,-0.004844929262871326,0.04084285695962189,-0.017370210296061117,-0.05821306725568301,0.023135219703519727,-0.00644769141083168,-0.029582911114351407,0.03272684833760858,0.04126502497284079,0.008538176635232209,0.012305419857797636,0.04995013012087135,0.037644710263073713,0.03411463307420858,0.031564362888960106,0.04949762844170741,0.41518348234075,0.58481651765925,0.12981400249483488,0.13799624498908714,0.12941741522847458,0.133905123741961,-0.12981400249483488,-0.13799624498908714,-0.133905123741961,0.00039658726636029873,0.008578829760612555,-12.34802895784378,1.0401163697242737,-11.307912588119507,-292.1416015625,-1203.744140625,-1495.8857421875,1.983295118154806,1.9819753954559935,1.9785110145090294,0.1262281383647604,0.12787522652579408,0.8790319855317703,0.0016470881610336774,0.15672838150860013,0.16035403859243283,0.0036256570838326604,0.0016806342433973115,0.00017277440430936794,-0.0015078598390879435,0.004100423232785005,-0.0020446411424432376,-0.006145064375228243,0.0005531248962185389,0.009042747353248587,0.0034643809469641074,-1.9198775067863818,-1.9347284220104823,1.9347284220104823,165.6209628683114,0.6324048593859475,0.32185256152523356,-0.3105522978607139,0.11066170614795548,0.05021006968948508,-0.0604516364584704,164.21387134021728,-0.31055229786071487,-0.1790577161349411,-0.4076185511375999,-0.5143615734295148,1.9099634735306896,SAD,Placebo,0,Female,0,21,0.0
N103,phase3_reinstatement,phase3_reinst_memory_fear_network,27,12684,0.029154287893994657,0.02662829528159416,0.021779317948492416,0.05359147010512494,0.05333886712051672,0.04566172964281329,0.9708457121060053,-0.002525992612400496,-0.004848977333101745,-0.004950481278951369,-0.004091171723459935,0.9133574534504288,0.7470362698385759,-0.007374969945502241,-0.007374969945502241,-0.007374969945502241,0.4993685021826798,0.5054446142728909,0.0048131164555706984,0.0048131164555706984,0.0024065582277853492,0.006076112090211083,0.9999566568242824,0.0012629956346403848,0.010889228545781782,0.008802185008117212,0.013295089884809798,0.6203818517850819,0.00204223450873053,-0.0012494660067421367,0.007124247124998789,-0.0027803329254284526,-0.009904580050427242,0.007564871803550588,-0.015164274693820867,-0.022729146497371455,0.0011225233236998033,0.01865380379231979,0.017531280468619986,-0.0024396002387995913,0.020043970255034016,0.022483570493833607,0.00938507550123218,0.007252300765594877,0.011116972979620525,0.5660389781231303,0.4339610218768697,0.09838051746473823,0.07835669608192931,0.07278873657873335,0.08836860677333377,-0.09838051746473823,-0.07835669608192931,-0.08836860677333377,0.02559178088600489,0.005567959503195968,4.027580261230469,-9.542640686035156,-5.5150604248046875,-348.7060546875,-350.0087890625,-698.71484375,1.991794178292822,1.9897648171313325,1.9924706017300093,0.12340098948658193,0.1223146555177323,0.8799328236038563,-0.0010863339688496343,0.14588424176924933,0.14000550441445586,-0.00587873735479345,0.0030598399092113576,0.0013162250637420293,-0.0017436148454693283,0.01411713679467233,0.005634048044984991,-0.008483088749687305,-0.010120281729637103,0.020714007999945726,-0.0027057845986768747,-1.970691283781517,-1.960610529237338,1.960610529237338,181.31365441449583,0.909168868909779,0.4595856550874907,-0.4495832138222883,0.18600484676683798,0.10869292830144577,-0.07731191846539222,178.5025205162541,-0.4495832138222886,0.18006208650368422,0.8997778564454904,0.0003057144004565693,0.7923677996426304,SAD,Oxytocin,1,Female,0,23,0.0
N104,phase3_reinstatement,phase3_reinst_memory_fear_network,27,12684,0.011370755624567908,0.008603708611723326,0.010477056166183774,0.01950483607970338,0.01910927744645985,0.02212469384556065,0.9886292443754321,-0.002767047012844581,0.0018733475544604472,-0.0018303732356143576,0.0011121495663068692,0.7566516535292908,0.9214028775289179,-0.000893699458384134,-0.000893699458384134,-0.000893699458384134,0.4993082386881641,0.5026192400823736,0.0019274787705376717,0.0019274787705376717,0.0009637393852688358,0.0033110013942094785,0.9999894120843922,0.0013835226236718068,0.00523848016474715,0.003681559431256143,0.0067025925475170944,0.4442088300767058,-4.6644270712540136e-05,-6.163511671928143e-05,0.0009879434150271704,0.0006424570978406652,-0.00034548631718650524,-0.005641222056746109,-0.0025291765691656254,0.0031120454875804837,-0.0021886340132056814,0.010366953132151885,0.012555587145357566,-0.0026826057207192666,0.010045724583231552,0.012728330303950819,0.005012177947656371,0.01098572036738424,0.01497196312989556,0.6267959697512067,0.37320403024879334,0.03428346340327054,0.035153812318648184,0.034639099970423554,0.03471863786095936,-0.03428346340327054,-0.035153812318648184,-0.03471863786095936,-0.0003556365671530115,0.0005147123482246302,4.1678807735443115,-6.0547120571136475,-1.886831283569336,-1306.1123046875,112.7978515625,-1193.314453125,1.9960930302433284,1.996712717368643,1.9970264957600201,0.12075053266129203,0.12062239362430126,0.8803862605387913,-0.0001281390369907709,0.12819592079639697,0.12824329074910834,4.736995271134234e-05,0.00041687456794457393,0.00021639345764132786,-0.00020048111030324608,0.001695717637385602,0.002932005873698962,0.0012362882363133529,0.0006655140708680188,0.006429794602631751,-0.0003137783913771397,-1.9865494395938363,-1.985341961744075,1.985341961744075,211.98472207834158,0.06609656126749015,-0.05763143240652181,-0.12372799367401197,0.019681801294163755,-0.017830090828865455,-0.03751189212302921,199.98503130245447,-0.12372799367401224,-0.001999121370256232,-0.03366501067334465,-0.14056049901068457,0.9203084617894043,SAD,Oxytocin,1,Male,1,33,0.0
N105,phase3_reinstatement,phase3_reinst_memory_fear_network,27,12684,0.024483810164646513,0.033107465031929295,0.03751973163627598,0.061783110390129625,0.06755665556180546,0.07372746932943125,0.9755161898353535,0.008623654867282782,0.004412266604346682,0.010829788169456123,0.008858952055488728,1.3522181101352362,1.5324296365504557,0.013035921471629464,0.013035921471629464,0.013035921471629464,0.5021559003561078,0.509378832695998,0.011534733052105783,0.011534733052105783,0.0057673665260529194,0.011534733052105839,0.9998663839584454,0.004311800712215597,0.01875766539199608,0.020596542785223604,0.024555260685412625,0.915759538375106,0.00157795244154391,0.00022905579624754179,0.010699523610810197,-0.004937724775848501,-0.015637248386658698,0.01692346709497028,0.0035515642301069406,-0.013371902864863339,0.013049684496351549,0.031024300491576506,0.017974615995224957,0.007699922690946451,0.03349316287950076,0.025793240188554306,0.03030977932615628,0.03290233893693178,0.03388828726757902,0.37820190345721544,0.6217980965427845,0.09870097907915718,0.10540750370016534,0.11191374648985972,0.10205424138966127,-0.09870097907915718,-0.10540750370016534,-0.10205424138966127,-0.013212767410702542,-0.006506242789694375,-3.500204563140869,-14.915766716003418,-18.415971279144287,107.4541015625,301.919921875,409.3740234375,1.9899331677275411,1.9913593135110463,1.9868337831227993,0.1227248846831386,0.12462817315396671,0.8797360668225476,0.0019032884708281156,0.14527165862975233,0.14917474529164101,0.003903086661888707,0.0008671236045881349,0.0029286723409849133,0.002061548736396778,0.0061832891080148555,0.010484469285186926,0.004301180177172105,0.00605367675047476,0.021346579045694234,0.00452553038824699,-1.9493140514865233,-1.9668755033463998,1.9668755033463998,185.76065843510443,0.13739979313780296,0.4114021203393818,0.2740023272015788,0.03291316396760056,0.07988459561712977,0.04697143164952921,167.41064986044344,0.27400232720157985,0.13402061993932313,0.4357224889945451,0.4918635716988524,1.1935730060257534,SAD,Oxytocin,1,Female,0,21,0.0
N106,phase3_reinstatement,phase3_reinst_memory_fear_network,27,12684,0.09289343441402986,0.1402269950299111,0.11492584887693347,0.12869030246227792,0.25515567743093026,0.17716424496951966,0.9071065655859701,0.04733356061588123,-0.025301146152977627,0.03468298753939242,0.08746965873794704,1.5095467275916015,1.2371793252137824,0.022032414462903605,0.022032414462903605,0.022032414462903605,0.5118311812898709,0.5286998802870312,0.040531061576902117,0.040531061576902117,0.020265530788451058,0.040531061576902117,0.9986090602814901,0.023662362579741858,0.057399760574062375,0.06256174003283003,0.06655472243880933,1.2554522350247717,-0.004980706883055813,-0.005653354922447867,-0.04274636236856191,-0.007036094662765419,0.035710267705796495,-0.017271756621777268,-0.06695781918461918,-0.049686062562841915,0.017489091334777357,0.08274316021521905,0.06525406888044169,0.038862272519058313,0.08626120754660176,0.04739893502754344,0.05386713418630229,0.07590324765538446,0.10642086662784069,0.26675064291473577,0.7332493570852643,0.16449924670848332,0.2190110019894865,0.17003922341220395,0.1917551243489849,-0.16449924670848332,-0.2190110019894865,-0.1917551243489849,-0.005539976703720639,0.04897177857728255,-10.302730560302734,23.1397762298584,12.837045669555664,1173.5703125,-2519.6748046875,-1346.1044921875,1.9691328862413804,1.96047144532643,1.9520421628881635,0.13382221566473212,0.13739269811862634,0.8775179461206095,0.0035704824538942137,0.1736044450245602,0.1923716371867062,0.01876719216214598,0.001074544178093664,0.002696694737017826,0.001622150558924162,0.0058446320278384145,0.019138934980580335,0.013294302952741921,0.02541434363851694,0.03851707781293462,0.008429282438266572,-1.8371163140112299,-1.8675780109124003,1.8675780109124003,166.84444714808137,0.33611382584471367,0.8068469114232706,0.4707330855785569,0.04067915097995231,0.08843322634844215,0.04775407536848984,165.21771479411905,0.4707330855785553,0.08756398698758133,0.33993347963314813,0.6406998253951294,0.8652779456831836,SAD,Oxytocin,1,Female,0,22,0.0
N108,phase3_reinstatement,phase3_reinst_memory_fear_network,27,12684,0.053075008277322366,0.0473036573882234,0.05694055828305156,0.11038962924634865,0.09105085720475065,0.1023906129664976,0.9469249917226776,-0.0057713508890989695,0.00963690089482816,-0.0009529004416848896,-0.013668894160724532,0.8912603127342694,1.072831628347848,0.0038655500057291903,0.0038655500057291903,0.0038655500057291903,0.4985571662826075,0.5142312946876572,0.012788460970264648,0.012788460970264648,0.006394230485132324,0.01567412840504967,0.9997047685099943,0.002885667434785022,0.028462589375314318,0.025474114856554098,0.039284310554264235,0.59576077876517,0.006054836779216018,-0.005482858827778565,0.0408034525314738,-0.03538308850600211,-0.07618654103747591,0.0154566826787772,0.007414002475936932,-0.008042680202840269,0.021064869058249752,0.03259354266759429,0.011528673609344536,0.0006631427925128525,0.05028508692059534,0.04962194412808249,0.04487898882069461,0.03781051195061474,0.06484909128976489,0.5522668128657823,0.4477331871342177,0.1297160793761748,0.10847005964984022,0.10403082487881592,0.11909306951300751,-0.1297160793761748,-0.10847005964984022,-0.11909306951300751,0.02568525449735888,0.0044392347710243,1.68963623046875,-0.4859962463378906,1.2036399841308594,79.1552734375,566.08203125,645.2373046875,1.980454422559688,1.9841714157929604,1.9824642674246222,0.12662927405284596,0.1272468661489951,0.8787295954802294,0.0006175920961491443,0.15690288632345564,0.1523248982153277,-0.004577988108127956,-0.0006969079020739096,0.0010592478806943104,0.00175615578276822,-0.027477921266291394,0.002156504799810305,0.029634426066101713,0.0102392249249229,0.05781817077593502,0.001707148368338185,-1.9255237091415707,-1.931096407515638,1.931096407515638,153.47902213604115,-0.4022946346182602,0.0633512333897239,0.46564586800798413,-0.07071678540895464,0.01092327935958884,0.08164006476854348,153.11851338657428,0.465645868007985,-0.18221869998791604,-0.8145330270266318,0.05837935449466908,1.4243802574132622,SAD,Oxytocin,1,Male,1,22,1.0
N109,phase3_reinstatement,phase3_reinst_memory_fear_network,27,12684,0.04350281759385222,0.03501195072169572,0.059606776871990674,0.06788507091512669,0.07112011740462437,0.08745793884346947,0.9564971824061478,-0.0084908668721565,0.024594826150294957,0.003806546202990979,0.011403957208920235,0.8048201153398952,1.3701816679248282,0.016103959278138458,0.016103959278138458,0.016103959278138458,0.49787729603494235,0.5148972836816693,0.012774579716611667,0.012774579716611667,0.0063872898583058335,0.017019987646726964,0.9996732760375104,0.004245407930115297,0.02979456736333863,0.022755049560857547,0.037445631963910465,0.5494791939595268,0.0028256618423863674,0.0007538051872607338,-0.00531913594356781,-0.00649895152299565,-0.0011798155794278398,0.03892494571338856,0.01593163228134764,-0.022993313432040918,-0.00980795979858598,0.049409015187019345,0.059216974985605325,-0.007148391826802075,0.05265849094851717,0.059806882775319245,0.04444674515120263,0.04738266428429836,0.035382669523445945,0.595288122697718,0.404711877302282,0.11083329574022112,0.11450718038788782,0.09396027653533305,0.11267023806405446,-0.11083329574022112,-0.11450718038788782,-0.11267023806405446,0.016873019204888068,0.020546903852554768,-11.638516962528229,1.0417747497558594,-10.59674221277237,-1107.923828125,-376.2998046875,-1484.2236328125,1.9809747873511432,1.9891408935023815,1.9834832542182441,0.12502976103668798,0.12742991199346954,0.8787850366509901,0.0024001509567815604,0.15102968026547126,0.1540861304741838,0.0030564502087125182,0.00038540565648244947,-0.0007585531621516787,-0.001143958818634128,0.012130107822581754,-0.0034836418543657266,-0.015613749676947446,-0.004750424629761205,0.028790702420550117,0.005657639284137428,-1.9238764773462536,-1.9456380759085294,1.9456380759085294,168.10061161524666,0.04646986452926751,0.43178232246584236,0.38531245793657487,0.008270251291394057,0.06601534814068778,0.05774509684929373,167.98460060050044,0.3853124579365764,-0.008623065956349587,-0.0372096840057643,0.3667076159336943,1.7041144096741527,SAD,Oxytocin,1,Female,0,33,1.0
N110,phase3_reinstatement,phase3_reinst_memory_fear_network,27,12684,0.0014864985890036264,0.0020877826532407218,0.001840319256489864,0.0031172431445541937,0.003498381049399202,0.003160580351469544,0.9985135014109964,0.0006012840642370954,-0.0002474633967508577,0.0004775523658616665,0.00021223755588017923,1.4044874470857354,1.238014546369617,0.00035382066748623764,0.00035382066748623764,0.00035382066748623764,0.5001503210115303,0.5004600796842736,0.0006104006958039254,0.0006104006958039254,0.00030520034790199047,0.0006104006958039809,0.9999996620201896,0.0003006420230606821,0.0009201593685472798,0.0012123309639931398,0.0014653059934273058,0.8396577654068927,2.413002897505171e-05,-0.00014853471861310728,-0.00021575262368042636,-0.0008140807004937689,-0.0005983280768133425,0.0002416919030605591,-0.0017532679792724437,-0.001994959882333003,0.0004890888170167862,0.0014206564488823958,0.0009315676318656096,0.0005969651288569994,0.0018276967991292803,0.001230731670272281,0.0013062760570535627,0.0018326169884994852,0.002199967154010008,0.32961016328227627,0.6703898367177237,0.005835757245865353,0.006523313590732868,0.005551499643306784,0.0061795354182991105,-0.005835757245865353,-0.006523313590732868,-0.0061795354182991105,0.0002842576025585686,0.000971813947426084,-5.704515218734741,-16.737158060073853,-22.441673278808594,-1125.35546875,1335.134765625,209.779296875,1.9994933291263757,1.9994090361757428,1.9992922230457406,0.11942121486055136,0.11947071547636483,0.8807438705215973,4.9500615813463655e-05,0.12065266981842981,0.12084886880683016,0.000196198988400351,-6.84595393029983e-05,4.399455062213659e-05,0.00011245408992513489,-0.0004545273912990727,0.0002633978725426894,0.0007179252638417725,0.0005551616203212373,0.0008844801990953122,0.0001168131300022246,-1.9974519037892509,-1.997922537586739,1.997922537586739,200.81716161034723,0.08343841980304514,0.04207841899835254,-0.041360000804692605,0.06867214327193358,0.031148689610205213,-0.037523453661728365,200.07559926148954,-0.0413600008046926,-0.11873044088795466,-0.42974606094716883,-0.256233031278277,0.39066983915718484,SAD,Placebo,0,Female,0,21,0.0
N111,phase3_reinstatement,phase3_reinst_memory_fear_network,27,12684,0.0344958794468353,0.05672623869656224,0.040147610029430125,0.06842519129858421,0.08558382901511918,0.07324799125755438,0.9655041205531647,0.02223035924972694,-0.01657862866713211,0.013941044916160883,0.010990718837752572,1.6444347313898984,1.163837508561859,0.005651730582594827,0.005651730582594827,0.005651730582594827,0.5055573609488218,0.5100355545757458,0.015592915524567486,0.015592915524567486,0.0077964577622837705,0.015592915524567541,0.9998101355396835,0.01111472189764351,0.020071109151491573,0.028074774953028743,0.029951058215081337,1.5541122161874228,0.000642255908485997,0.0014550098574416977,0.01134083471399544,-0.0038037119294792865,-0.015144546643474727,-0.014011223750024948,0.030488495906982105,0.04449971965700705,0.02527256631639327,0.034645544981922294,0.009372978665529025,0.01960214895939555,0.03654740094666194,0.016945251987266388,0.029443839607951106,0.01677143655014417,0.04254256029062553,0.23388062852157832,0.7661193714784217,0.11445619208487426,0.09127957966688023,0.10353727395936142,0.10286788587587725,-0.11445619208487426,-0.09127957966688023,-0.10286788587587725,0.010918918125512836,-0.012257694292481192,-8.281434535980225,14.389404773712158,6.107970237731934,-902.2392578125,997.9833984375,95.744140625,1.9898123013900104,1.9840544722402083,1.9820174112938003,0.12460149712643628,0.12544258300853936,0.8797232785143069,0.0008410858821030764,0.15129929313988283,0.14626934993752025,-0.005029943202362573,0.0030632099018671846,0.001215925926890055,-0.0018472839749771293,0.010456020414137623,0.00316669915874937,-0.007289321255388212,-0.008674603830056679,0.0096328012567373,0.002037060946407987,-1.94186980126437,-1.949558592793373,1.949558592793373,166.81344262915923,0.4865600117414752,0.6272290917707164,0.14066908002924122,0.09865712427658571,0.11808149284395938,0.019424368567373673,165.74734679810643,0.1406690800292396,-0.2098157509880782,-0.8758229798249428,-0.2972424098832318,0.7378903430295656,SAD,Placebo,0,Male,1,19,0.0
N112,phase3_reinstatement,phase3_reinst_memory_fear_network,27,12684,0.041148814627890995,0.0366760750081796,0.04608893728631769,0.07781695671179695,0.06339551026043239,0.09074832810410088,0.958851185372109,-0.004472739619711397,0.00941286227813809,0.00023369151935764831,-0.0007450375295303124,0.891303101360525,1.1200547695614675,0.004940122658426693,0.004940122658426693,0.004940122658426693,0.4988818169592131,0.5115201951366951,0.010402012095908186,0.010402012095908186,0.005201006047954093,0.012638378177482035,0.9998067120825758,0.0022363660815738484,0.02304039027339022,0.018613919820700528,0.027726456427483268,0.6845508767294309,-0.0019072913961015565,-0.0008888120797572796,-0.002890562205432906,-0.0020071109918723684,0.0008834512135605377,-0.01955624082365026,-0.02385089509254923,-0.0042946542688989675,-0.005735066543893885,0.040514069586642304,0.04624913613053619,-0.004289785441177432,0.04151762508257849,0.04580741052375592,0.02752843696900181,0.014418361319020745,0.031740865493263715,0.5459711991785559,0.45402880082144415,0.08491069966100837,0.0963780811418533,0.14777109793611504,0.09064439040143082,-0.08491069966100837,-0.0963780811418533,-0.09064439040143082,-0.06286039827510667,-0.05139301679426174,-3.4318666458129883,0.35490894317626953,-3.0769577026367188,-1129.841796875,913.318359375,-216.5234375,1.984640698957253,1.9875737886557454,1.9861905824437238,0.12494370188874938,0.1256366901552103,0.8791749945765223,0.0006929882664609283,0.1442103772272967,0.14766797599231007,0.0034575987650133713,-0.001268311173798934,0.00032913002774587034,0.0015974412015448043,-0.006065275779705892,0.0004423237537053426,0.0065075995334112485,0.006711398531718996,0.00831877468580267,0.0013832062120215927,-1.940101645157406,-1.9464249740278543,1.9464249740278543,183.87576380877888,0.44743878956088673,0.0013597751014414947,-0.44607901445944526,0.07606310815445114,0.00021633280590534806,-0.0758467753485458,182.50802896591034,-0.4460790144594444,0.21278460219897094,-0.05136499548681256,-0.4717615122028507,2.5399844147286506,SAD,Placebo,0,Male,1,22,1.0
N113,phase3_reinstatement,phase3_reinst_memory_fear_network,27,12684,0.0431353981719943,0.05460960530351078,0.04596678140122046,0.07424843691472344,0.08840056651053957,0.0786910346210189,0.9568646018280057,0.011474207131516478,-0.00864282390229032,0.0071527951803713186,0.009297363651055796,1.2660041394708792,1.065639189455136,0.0028313832292261587,0.0028313832292261587,0.0028313832292261587,0.502868520311114,0.5114896723344108,0.014358192645524737,0.014358192645524737,0.007179096322762368,0.014358192645524737,0.9997976582046836,0.005737040622227907,0.022979344668821566,0.024628409346696467,0.026534391288773232,1.0403526178946494,-0.0013245280805037815,0.00026132967963549006,-0.008341008018637935,0.008450118849921556,0.01679112686855949,-0.02246086181151674,-0.0007111216588054914,0.02174974015271125,0.005800388940597284,0.04351098516843746,0.037710596227840176,0.009970892949916252,0.03928592574347668,0.02931503279356043,0.019726362969246507,0.03733033928089236,0.048569381182161864,0.3968814419616162,0.6031185580383838,0.10802949145298374,0.1345749106848089,0.09600102686335277,0.12130220106889632,-0.10802949145298374,-0.1345749106848089,-0.12130220106889632,0.012028464589630972,0.03857388382145613,-8.181961059570312,0.32326698303222656,-7.858694076538086,-195.2373046875,1077.28125,882.0439453125,1.9862566883069013,1.9833357247688483,1.982113699126156,0.1256258501911143,0.1260717688861328,0.8793465500272382,0.00044591869501850456,0.15053541516693203,0.15829426312796205,0.0077588479610299944,6.39315722607618e-05,0.0009229982178849541,0.0008590666456241923,0.0008143470642775208,0.011074360511962394,0.010260013447684839,0.012888854684872414,0.022434150817115465,0.0012220256426922482,-1.9361469177249355,-1.940200326596854,1.940200326596854,165.8812088674249,0.16494122526214405,0.44157902388514003,0.276637798622996,0.030404344769113467,0.07930200994261424,0.048897665173500776,162.93047088555954,0.27663779862299676,-0.012814585180789321,-0.052954213221091506,0.250160692012451,1.6061864498709209,SAD,Oxytocin,1,Male,1,20,0.0
N114,phase3_reinstatement,phase3_reinst_memory_fear_network,27,12684,0.038328886345941005,0.05754375892799635,0.045262896514433715,0.07826248189717927,0.08495121726475913,0.08251245765831744,0.961671113654059,0.019214872582055342,-0.012280862413562632,0.013074441375274026,0.005469355564359013,1.5013153107417918,1.1809079005539123,0.00693401016849271,0.00693401016849271,0.00693401016849271,0.5048035703520407,0.5113137926192182,0.016117362971258875,0.016117362971258875,0.008058681485629438,0.016117362971258875,0.999782026853768,0.009607140704081418,0.022627585238436332,0.026844974354061475,0.03176554246060712,0.8417589544095041,0.009958205965447307,-0.0005296211939842545,0.03080884625131497,-0.0023039789017422485,-0.03311282515305722,0.08997847842451168,-0.00042289976428888654,-0.09040137818880056,0.030295626375650253,0.03764675600725906,0.007351129631608805,0.014891203249992768,0.03879874545813018,0.023907542208137414,0.04286487506447713,0.03840666193003067,0.07609483424450103,0.21081989121205932,0.7891801087879406,0.1300725757711057,0.12665035750299836,0.11703901503264644,0.12836146663705203,-0.1300725757711057,-0.12665035750299836,-0.12836146663705203,0.013033560738459266,0.009611342470351919,11.799476623535156,-23.825637817382812,-12.026161193847656,2124.8310546875,-3855.3603515625,-1730.529296875,1.987676563149627,1.9836043822627483,1.9812987698359539,0.12506943170908813,0.12608400400867534,0.8794971122236014,0.0010145722995872075,0.15550196373337366,0.15582297946125687,0.00032101572788318516,0.00266813735522059,0.002939152892181817,0.000271015536961227,0.006772634015784318,0.011780597097520412,0.0050079630817360665,0.0028249972687512184,0.020926205612559323,0.00230561242679439,-1.9360358733215202,-1.9452754959168073,1.9452754959168073,168.67362859699944,0.0025311557181591435,0.028376466470290202,0.02584531075213106,0.0004813639982788774,0.0049618509049658855,0.004480486906687008,168.44611340396793,0.02584531075213148,0.016951181930449043,0.21383481089552014,0.13276271619989155,0.7598959623042355,SAD,Placebo,0,Male,1,23,0.0
N115,phase3_reinstatement,phase3_reinst_memory_fear_network,27,12684,0.05550133691628545,0.04008715744165847,0.04709556362703782,0.09379207386877098,0.07418133594514703,0.08427283856876311,0.9444986630837146,-0.015414179474626977,0.0070084061853793456,-0.011909976381937304,-0.014564986611815905,0.72227359638899,0.8485481207883773,-0.008405773289247631,-0.008405773289247631,-0.008405773289247631,0.49614653142873266,0.511771715189566,0.007918246618298652,0.007918246618298652,0.003959123309149326,0.015625183760833328,0.999778639437075,0.0077069371425346755,0.02354343037913198,0.01413681934019774,0.032331771161910355,0.384955949310974,0.003109577700069444,-0.0021538463287661177,0.004311027507952453,0.002155248815039007,-0.002155778692913446,-0.005881720498652765,-0.02493898552774665,-0.019057265029093884,-0.009648193182357906,0.041154970024249116,0.05080316320660702,-0.011803706936334132,0.04007734561672961,0.051881052553063745,0.0423064529127889,0.0253111419098444,0.054691627341649826,0.6552857486704919,0.34471425132950806,0.15795680963198055,0.12536849285353163,0.13386743706687929,0.1416626512427561,-0.15795680963198055,-0.12536849285353163,-0.1416626512427561,0.02408937256510127,-0.008498944213347653,-5.057703018188477,9.081579208374023,4.023876190185547,78.2216796875,333.6640625,411.8857421875,1.9814271438081608,1.983882346374153,1.986745891147951,0.1269298861939491,0.12568627672801633,0.878833214262608,-0.0012436094659327712,0.16512349004167842,0.15504623346078913,-0.010077256580889305,0.005923952742119031,0.0012892376393038541,-0.004634715102815178,0.03384720583185072,0.010669206527716801,-0.02317799930413391,-0.02166625623295626,0.009217226608398575,-0.0028635447737979103,-1.9396503275209132,-1.9283810094578677,1.9283810094578677,175.0364128623481,0.002671512676978666,-0.10132742418233831,-0.10399893685931698,0.0004124874499285443,-0.016966302994330225,-0.01737879044425877,172.2955539842715,-0.10399893685931799,-0.20336323562463632,-1.0910740993680879,-0.6495359865433619,1.9277887425654483,SAD,Oxytocin,1,Male,1,20,0.0
N117,phase3_reinstatement,phase3_reinst_memory_fear_network,27,12684,0.02698656808336919,0.03335675070502131,0.034098760305648845,0.05328707628732032,0.05454297411458303,0.07061583584351488,0.9730134319166308,0.006370182621652121,0.0007420096006275356,0.0067411874219658885,0.009292328691728635,1.2360496615010932,1.2635451667976616,0.007112192222279656,0.007112192222279656,0.007112192222279656,0.5015925402700789,0.5085238641829288,0.010116404453007821,0.010116404453007821,0.005058202226503883,0.010116404453007766,0.9998915151482755,0.0031850805401578697,0.01704772836585766,0.018303213095726648,0.02103802709301561,0.9815149150923823,0.0008892916928839508,0.0005611842520739744,0.0015757295639103608,-0.0014179341730125306,-0.0029936637369228913,0.0018271414354191773,0.0010873268102670197,-0.0007398146251521576,0.006502684390070762,0.030182639496831448,0.023679955106760686,0.005714819608115582,0.030891606583337713,0.025176786975222132,0.012605807226666684,0.027440091318223232,0.028497372757608008,0.3936865383240426,0.6063134616759573,0.08006519258032449,0.09342108865126146,0.09211668845903302,0.08674314061579297,-0.08006519258032449,-0.09342108865126146,-0.08674314061579297,-0.012051495878708532,0.0013044001922284387,1.1474928855895996,10.972721099853516,12.120213985443115,-1246.72265625,928.0703125,-318.65234375,1.9900924930737347,1.9903678782865843,1.9878918632746725,0.12310157790335692,0.12414034759243547,0.8797529225071217,0.001038769689078553,0.14120187538822015,0.14558879208602268,0.004386916697802532,-0.0003020472264023483,0.0021605678023338005,0.002462615028736149,-0.0012588317898957202,0.00760643758078855,0.00886526937068429,0.008819551383144678,0.00999330841521064,0.0024760150119118585,-1.9537931029690236,-1.9633813102032152,1.9633813102032152,164.5229020848389,-0.0014382785747227046,0.1786393930588146,0.1800776716335373,-0.0003412714040296631,0.037839475087655616,0.03818074649168528,161.27112369087362,0.18007767163353638,0.06437796201355123,-0.04769063780124502,0.15623235273291386,1.3208701849344766,SAD,Placebo,0,Male,1,19,1.0
N118,phase3_reinstatement,phase3_reinst_memory_fear_network,27,12684,0.02657722029714693,0.021297793773695006,0.02381761006533012,0.05148746294848178,0.039501698184398026,0.050129670649560365,0.9734227797028531,-0.005279426523451924,0.002519816291635113,-0.004019518377634368,-0.006671778531502581,0.8013549017551812,0.8961659961943793,-0.0027596102318168114,-0.0027596102318168114,-0.0027596102318168114,0.49868014643475334,0.5059541210485645,0.004634267483317855,0.004634267483317855,0.0023171337416589277,0.007273974613811185,0.9999463398079316,0.0026397071304933295,0.01190824209712904,0.00858374011872931,0.013749587386685483,0.5335934082255134,-0.000677447416356102,-0.002498817538644247,-0.003228668804519691,-0.00933818610832679,-0.006109517303807099,0.001752531249363809,-0.0052433607667773385,-0.0069958920161411475,-0.006613783868748724,0.017497836649784104,0.024111620518532828,-0.004999449466488878,0.0221669297039475,0.027166379170436378,0.008771584171639186,0.011659582092376441,0.012212507189728128,0.6215591881813642,0.37844081181863576,0.059854962740923154,0.07490694549711492,0.0864091261789173,0.06738095411901904,-0.059854962740923154,-0.07490694549711492,-0.06738095411901904,-0.026554163437994147,-0.01150218068180238,-13.805281639099121,13.097155570983887,-0.7081260681152344,-92.404296875,707.8134765625,615.4091796875,1.9911800305221727,1.9919218278114963,1.9929043414253935,0.12288980148581383,0.1224870147017197,0.8798679231057983,-0.00040278678409412516,0.13612687327387157,0.13928495604053387,0.0031580827666622784,0.00044910199118612263,4.848400492492795e-05,-0.00040061798626119465,0.0025208887587659934,0.0009007918386783886,-0.0016200969200876117,0.0023480343066184725,0.005559017238373984,-0.000982513613897229,-1.9690867313600635,-1.9653446075143495,1.9653446075143495,166.89262061154528,0.26151817197665106,0.11044663339416586,-0.1510715385824852,0.06089442546784471,0.02710034981439578,-0.03379407565344893,166.25706794486172,-0.1510715385824846,-0.0431067220883805,-0.156840585336727,-0.2294918312508481,0.5799316390295403,SAD,Oxytocin,1,Male,1,21,1.0
N121,phase3_reinstatement,phase3_reinst_memory_fear_network,27,12684,0.05674614699334113,0.054625245068613215,0.06834971677584245,0.09101799229302043,0.09556224954081832,0.10951776836515426,0.9432538530066589,-0.0021209019247279137,0.013724471707229235,0.004741333928886704,0.011522016659965856,0.9626245716520188,1.2044818609278323,0.011603569782501322,0.011603569782501322,0.011603569782501322,0.49946977471757403,0.5170807800447269,0.01655055476230094,0.01655055476230094,0.00827527738115047,0.017611005327152873,0.9995786018220985,0.0010604505648519336,0.03416156008945381,0.028318751747729715,0.03824647815078594,0.7694277674502069,-0.0002586784646595358,0.0012129285400551229,-0.0028154448147379163,0.006436225922228617,0.009251670736966533,0.007874502028305086,-0.012341932238389308,-0.020216434266694394,-0.0033595980201480413,0.06180749206935282,0.06516709008950086,-0.0019518756127790832,0.05858937910823851,0.060541254721017596,0.032671673886683246,0.017059408169195326,0.04043268108695776,0.504266808280976,0.49573319171902397,0.13794834436094028,0.13926887586251885,0.11868114691936588,0.13860861011172956,-0.13794834436094028,-0.13926887586251885,-0.13860861011172956,0.019267197441574402,0.020587728943152972,-1.3933982849121094,-10.916492462158203,-12.309890747070312,416.19921875,-232.9033203125,183.2958984375,1.9783284040548077,1.9827709923793706,1.9783780464966005,0.12719122280799608,0.12897766948310455,0.8785028561887527,0.0017864466751084662,0.15989265912927728,0.1624406382639551,0.0025479791346778337,0.003871759862285947,0.0043264805652728595,0.0004547207029869121,0.016125814978071668,0.018282792716580787,0.0021569777385091263,0.003626468003932397,0.007399669818207485,0.004392945882770061,-1.910028329720758,-1.9260248453860296,1.9260248453860296,173.7110447305003,0.19551688920476168,0.7004012003571715,0.5048843111524097,0.029739912146436686,0.0978455102454872,0.06810559809905051,170.86461624150672,0.5048843111524076,-0.09399618508637174,-0.8340175096726027,0.08787555631610634,1.5447412915689174,SAD,Oxytocin,1,Male,1,20,1.0
N122,phase3_reinstatement,phase3_reinst_memory_fear_network,27,12684,0.03001526189619652,0.039358132932187484,0.038336319824459064,0.06208964452149979,0.06855957199820323,0.07316636424936179,0.9699847381038035,0.009342871035990963,-0.0010218131077284198,0.008831964482126753,0.008773323602282723,1.3112702449706901,1.277227138139534,0.008321057928262543,0.008321057928262543,0.008321057928262543,0.5023357007688938,0.5095829063396358,0.0119186071085296,0.0119186071085296,0.005959303554264772,0.011918607108529544,0.9998596355327097,0.004671401537787556,0.019165812679271532,0.021258613852669465,0.031135564753594712,0.7124052526342397,0.002443303269383251,0.0027973988306664666,0.0031817649189323505,0.003616272044826868,0.0004345071258945177,-0.005790822009962504,0.052582612962372655,0.05837343497233516,0.0095082565975865,0.03640798958963204,0.02689973299204554,0.007917374138120326,0.034599853567218605,0.02668247942909828,0.045717048661659376,0.03726764894839948,0.06676559701445334,0.3692380805359121,0.6307619194640879,0.09650184678642329,0.1206589962594524,0.11468230359556465,0.10858042152293784,-0.09650184678642329,-0.1206589962594524,-0.10858042152293784,-0.018180456809141363,0.005976692663887742,-2.633427619934082,4.774202585220337,2.140774965286255,-831.14453125,-524.6357421875,-1355.7802734375,1.9891436366080386,1.989044257336213,1.9856856743975748,0.12357217095576463,0.1248426718339834,0.8796525089724739,0.0012705008782187693,0.14559821747061397,0.15327090814336525,0.007672690672751274,-0.00020473895393820614,-0.0019912522109556633,-0.001786513257017457,0.0035923459062551233,-0.005658025296279345,-0.009250371202534483,0.003047505071484033,0.012455048058652836,0.0033585829386382215,-1.9473493545731158,-1.9590289954400166,1.9590289954400166,175.5480838539787,-0.39053387833438924,0.5006761362829738,0.891210014617363,-0.07970198877037338,0.09253507866694041,0.1722370674373138,175.29219511176808,0.8912100146173634,0.009535077113018712,-0.4038869613096081,0.6892665339625594,1.421945682214055,SAD,Oxytocin,1,Female,0,21,0.0
N123,phase3_reinstatement,phase3_reinst_memory_fear_network,27,12684,0.01668302514280018,0.01715961888014461,0.018501033624528485,0.030843809974103076,0.035401741061860226,0.03391880611660952,0.9833169748571998,0.0004765937373444329,0.001341414744383873,0.0011473011095363694,0.0038164636151317988,1.0285669683762615,1.1089728856989725,0.001818008481728306,0.001818008481728306,0.001818008481728306,0.5001191484320808,0.5046251264796825,0.004744274911763324,0.004744274911763324,0.002372137455881662,0.004744274911763324,0.9999691172423614,0.00023829686416165785,0.00925025295936499,0.008904944873407032,0.015473287870566878,0.554564419013109,-0.0024443676606484936,0.002552315253596064,-0.004922822590748166,0.013597596124445027,0.018520418715193193,-0.026046657572493692,0.014085385449401633,0.040132043021895325,-0.002288073490680581,0.024435350004343076,0.026723423495023657,0.0001733378046935019,0.017636551942120562,0.01746321413742706,0.0245681352085308,0.012469536946776896,0.03020454004664681,0.5246128544518898,0.47538714554811023,0.05903614997273221,0.048423177776040466,0.051366347099100165,0.05372966387438634,-0.05903614997273221,-0.048423177776040466,-0.05372966387438634,0.007669802873632045,-0.0029431693230596995,17.34131622314453,11.038810729980469,28.380126953125,-1835.625,-1499.095703125,-3334.720703125,1.994082244717742,1.99452780878236,1.9938909710851895,0.12154877277033135,0.12181113176769852,0.8801743501558964,0.0002623589973671653,0.13461044479687045,0.1324606596885254,-0.002149785108345039,-0.00047134923893433117,0.00025476690831928076,0.0007261161472536119,-0.0038717257485072765,0.002620517021506702,0.006492242770014027,0.0010963362766619744,0.006758034723327492,0.0006368376971703782,-1.975389937460661,-1.9778447836395596,1.9778447836395596,186.3434301983518,0.04049132751295822,0.1494140633918715,0.10892273587891327,0.01073863206657756,0.03770147053445497,0.026962838467877406,184.45261015635313,0.10892273587891332,-0.007635367228178563,0.4368097746871196,0.32732762322247316,0.9151128708021595,SAD,Placebo,0,Female,0,22,0.0
N124,phase3_reinstatement,phase3_reinst_memory_fear_network,27,12684,0.014940429361666396,0.015698287181510895,0.01102402254620416,0.030467921044513735,0.03392361630321883,0.02639320274495166,0.9850595706383336,0.0007578578198444985,-0.004674264635306735,-0.001579274497808869,-0.0003095115204284904,1.0507246006291457,0.7378646825132313,-0.003916406815462237,-0.003916406815462237,-0.003916406815462237,0.5001894644458929,0.5027559777256561,0.002945442171548962,0.002945442171548962,0.0014727210857744533,0.0029454421715489065,0.9999889902914184,0.00037892889178570144,0.005511955451312112,0.005514828220948592,0.007770223617492425,0.7645370625202378,-0.00023140966188356238,2.505145474721291e-05,0.0025720208830198044,-0.002655261435086015,-0.005227282318105819,-0.0068327442854142495,5.0196962033677295e-05,0.006882941247447927,0.001979327796262864,0.009008708369601215,0.007029380573338351,0.000693317354752962,0.010336339087144222,0.00964302173239126,0.009672925089593096,0.008658123202477667,0.017140849583697923,0.49619676470343616,0.5038032352965638,0.05486121490251175,0.058592042033791966,0.05265481951875159,0.05672662846815186,-0.05486121490251175,-0.058592042033791966,-0.05672662846815186,0.0022063953837601624,0.005937222515040377,-10.966103076934814,6.402429103851318,-4.563673973083496,-81.4990234375,-1144.365234375,-1225.8642578125,1.9959730070478892,1.9943906879743163,1.9957164163385195,0.12137745284187555,0.12081951417884305,0.8803736207639745,-0.0005579386630324978,0.1335052514352365,0.1337456442010353,0.00024039276579880184,0.000393269943678546,0.0001441646692228037,-0.0002491052744557424,0.0008324902161933878,-0.0014385348812293863,-0.002271025097422795,-0.0008951197829125956,0.008526313389870609,-0.0013257283642031936,-1.9846923937923153,-1.97945025861265,1.97945025861265,202.51450953335697,0.13991350371345743,0.05204650453945286,-0.08786699917400456,0.036437304320042246,0.01576328797528038,-0.020674016344761865,199.06203412755485,-0.08786699917400365,-0.18454672480477083,-0.49698834187665936,-0.33636117011233335,0.9104437836654194,SAD,Oxytocin,1,Female,0,25,1.0
N125,phase3_reinstatement,phase3_reinst_memory_fear_network,27,12684,0.015541967181167404,0.02675755791423251,0.031392422661054686,0.03754175892149825,0.049903702480245005,0.045098797824288994,0.9844580328188326,0.011215590733065106,0.004634864746822176,0.013533023106476194,0.009959491230768752,1.721631527464556,2.0198474296496625,0.015850455479887282,0.015850455479887282,0.015850455479887282,0.5028038682919012,0.5078474612134285,0.010651329505329599,0.010651329505329599,0.005325664752664827,0.010651329505329654,0.9998998093095124,0.005607736583802314,0.015694922426856994,0.02006886283788272,0.02177247738469843,1.1646037591855114,-0.001355573152184654,-0.0004037546557316431,-0.0063262210458354395,-0.0045706593416035,0.0017555617042319394,0.0033660195361713274,0.015798859434873247,0.01243283989870192,0.00730701083286367,0.027382274649182303,0.020075263816318634,0.01047012135578139,0.029667604319984053,0.019197482964202664,0.02279118501090102,0.01677375148571057,0.0326336089799192,0.3164865532246286,0.6835134467753714,0.06776423411012161,0.05406044284917401,0.05473811456157793,0.06091233847964781,-0.06776423411012161,-0.05406044284917401,-0.06091233847964781,0.013026119548543685,-0.0006776717124039183,4.738796234130859,-9.423225402832031,-4.684429168701172,204.08203125,-880.642578125,-676.560546875,1.9925514991533109,1.9940938702341116,1.988689033766013,0.12147329053226344,0.12375991418282767,0.8800128123285489,0.002286623650564229,0.13668819278767758,0.1357328182928565,-0.0009553744948210575,0.00013550390389459915,0.00026929586230932953,0.00013379195841473036,-0.004973405523091556,-0.00122311516436166,0.0037502903587298894,0.0009197706845438872,0.01719427586815386,0.005404836468098528,-1.9572966111049583,-1.9785519030529441,1.9785519030529441,184.33626357731504,0.03503016646441741,0.2882746868006004,0.253244520336183,0.010354068997361104,0.060125817402000147,0.04977174840463904,170.94803048532077,0.25324452033618294,0.030668494875476942,0.3748270514523025,0.44065804606233416,0.9483658891524732,SAD,Placebo,0,Female,0,19,0.0
N127,phase3_reinstatement,phase3_reinst_memory_fear_network,27,12684,0.022427197417900113,0.016207611522636278,0.014802319998010294,0.035329707550121214,0.028416753105822368,0.026115058126785662,0.9775728025820999,-0.006219585895263835,-0.0014052915246259845,-0.006922231657576827,-0.0080638019338172,0.7226763109927048,0.6600161902545177,-0.0076248774198898195,-0.0076248774198898195,-0.0076248774198898195,0.4984451085385352,0.503700512431884,0.0021456209704191487,0.0021456209704191487,0.0010728104852095743,0.005255403893348776,0.9999767558621312,0.003109782922929627,0.007401024863767924,0.004123905614965909,0.010851893066410823,0.347774175602433,-0.0002885029372973482,-0.0009603270795163951,0.0020235740169434746,-0.0017342853645328504,-0.003757859381476325,-0.004740903485104586,-0.014888233198613654,-0.010147329713509068,-0.004994665156622502,0.013387120712759631,0.018381785869382133,-0.006006452165094239,0.014254263395026057,0.020260715560120296,0.008318861371442866,0.009749783168421226,0.008172836762398106,0.6901513000722139,0.3098486999277861,0.050584365553290864,0.04036765105148464,0.04559489786296292,0.04547600830238775,-0.050584365553290864,-0.04036765105148464,-0.04547600830238775,0.004989467690327945,-0.005227246811478278,-1.78826904296875,7.4375104904174805,5.6492414474487305,-469.111328125,162.6435546875,-306.4677734375,1.9935213161166483,1.9930116538913993,1.9956013963974493,0.12232612429583654,0.1212336816585154,0.8801151778221555,-0.0010924426373211393,0.13352369146117438,0.13003011122797126,-0.0034935802332031127,0.0019470692752233255,0.0003939530637872025,-0.0015531162114361232,0.0096007713153336,0.0025432564595579688,-0.007057514855775632,-0.0070223376610909286,0.010208456411067433,-0.00258974250604993,-1.980799076399439,-1.9705844564734991,1.9705844564734991,199.92531411412077,0.17664079926669646,-0.011611202920128915,-0.18825200218682536,0.03741587939952198,-0.0030201485993205544,-0.04043602799884253,199.59802379264337,-0.18825200218682558,0.08583858174649987,0.8162016477372316,0.21984882168179018,0.814142435207079,SAD,Oxytocin,1,Female,0,41,0.0
N128,phase3_reinstatement,phase3_reinst_memory_fear_network,27,12684,0.025263577300720597,0.02869078502360367,0.039250661474814486,0.05618330746456052,0.07876167597554312,0.07590593270038248,0.9747364226992794,0.0034272077228830744,0.010559876451210815,0.008707145948488482,0.021150496873402286,1.1356576040483894,1.5536456088995299,0.013987084174093889,0.013987084174093889,0.013987084174093889,0.5008568010920731,0.5098114057682736,0.010668206860346696,0.010668206860346696,0.00533410343017332,0.01066820686034664,0.9998600528530008,0.001713602184146179,0.019622811536547102,0.018611838814359745,0.024431339254681612,0.7070920382901483,-0.00447190138266187,0.0009725944943091863,-0.025032577058126892,-0.007777679947288424,0.01725489711083847,-0.012863507935079399,-0.014038120264035281,-0.0011746123289558819,-0.009296199442200281,0.030114748568212113,0.039410948010412394,0.003220089086863165,0.034003588541856325,0.03078349945499316,0.013886152204836804,0.04429921559155316,0.04671421480181618,0.476546419999134,0.523453580000866,0.08059052164703011,0.10658033576634787,0.10177014646844272,0.09358542870668898,-0.08059052164703011,-0.10658033576634787,-0.09358542870668898,-0.021179624821412613,0.004810189297905151,9.662086486816406,4.424396276473999,14.086482763290405,188.00390625,655.6279296875,843.6318359375,1.9887087667692236,1.992380087228154,1.9876798040261516,0.12269893943336496,0.12472474524377361,0.879606464322627,0.0020258058104086485,0.1408092407064852,0.14926835994702253,0.008459119240537348,3.230593074760564e-05,0.00043918992491560763,0.0004068839941680019,-0.0016050299088039288,-0.002606508108272926,-0.0010014781994689692,0.007958380140802863,0.01685224780966173,0.004700283202002442,-1.9484291425513371,-1.9671165099274335,1.9671165099274335,178.11380467463235,-0.2543684601109103,-0.09038541935874023,0.16398304075217007,-0.056663926094214265,-0.016187881020088175,0.04047604507412609,177.67999823449284,0.16398304075217113,0.11731721282827623,0.5747185496305939,0.45134231556746807,1.6554051673062387,SAD,Placebo,0,Male,1,25,1.0
N129,phase3_reinstatement,phase3_reinst_memory_fear_network,27,12684,0.02766940278580854,0.04352218239553596,0.04241913667035002,0.060805021881157884,0.08451034236743721,0.07642907822192652,0.9723305972141915,0.01585277960972742,-0.001103045725185936,0.01530125674713445,0.01966468841352398,1.5729348046684315,1.5330696389807925,0.014749733884541483,0.014749733884541483,0.014749733884541483,0.5039631119051032,0.5106031942811682,0.014566306186271416,0.014566306186271416,0.007283153093135708,0.014566306186271416,0.9998151293388025,0.007926223810206467,0.021206388562336365,0.022329353625394482,0.02738250546964882,0.6930126321813274,0.003214991795602695,0.010426033449651382,0.013441331016284197,0.04877425149922199,0.03533292048293779,0.008002081552005325,0.022283498453296136,0.014281416901290811,0.020451950243934147,0.05531454826460791,0.03486259802067376,0.013731284735792049,0.030927422514996916,0.017196137779204868,0.03020967045545036,0.05273777968404962,0.051220051657467534,0.3339228755620972,0.6660771244379028,0.10548012293982749,0.12279282311129983,0.1008216270407259,0.11413647302556365,-0.10548012293982749,-0.12279282311129983,-0.11413647302556365,0.0046584958991015835,0.02197119607057392,-6.927085876464844,-0.9814682006835938,-7.9085540771484375,853.51953125,-148.62890625,704.890625,1.9892963201860092,1.9888158444701696,1.9837749078660956,0.12334302982919879,0.1254989864306596,0.8796686717256299,0.0021559566014608122,0.1478959289672685,0.15384221742222973,0.005946288454961212,-0.003874752097705068,0.0043386159253378815,0.008213368023042948,-0.011888223231890399,0.020134832773926303,0.03202305600581671,0.021957816457869567,0.040010231561310804,0.005040936604074009,-1.9413557711957456,-1.961146441684361,1.961146441684361,179.92717431856008,0.30308977155868566,0.45157624683622233,0.14848647527753667,0.06442697966198864,0.07759657881570622,0.013169599153717584,177.28102282400945,0.14848647527753533,-0.015833590093743896,-0.4595885960004735,-0.08130782272270143,2.266761201104789,SAD,Oxytocin,1,Female,0,26,1.0
N130,phase3_reinstatement,phase3_reinst_memory_fear_network,27,12684,0.026237302724022693,0.03313868717343316,0.03076668029050178,0.0523533441164758,0.05335198674078556,0.05002249283088028,0.9737626972759773,0.006901384449410464,-0.0023720068829313767,0.005715381007944775,-0.0006661043306428749,1.2630366349634432,1.172630772599361,0.004529377566479087,0.004529377566479087,0.004529377566479087,0.5017253392643273,0.5076910633927756,0.009416402657102863,0.009416402657102863,0.004708201328551431,0.009416402657102863,0.999910363062514,0.0034506785286545494,0.015382126785551176,0.01682820631700129,0.019248357571836662,0.899149319906883,-0.00065175324891022,0.005909151073533012,-0.006523870925291803,0.024969984700239034,0.03149385562553084,-0.008363583402053232,0.0235770844247567,0.03194066782680993,0.0032731387857064254,0.039606330735769774,0.03633319195006335,0.006535074248352327,0.027121338385650257,0.02058626413729793,0.02185996860918257,0.015083911210973001,0.028240707424158185,0.40624327978751407,0.5937567202124859,0.0795552232906784,0.08599135258352691,0.09360227366298833,0.08277328793710266,-0.0795552232906784,-0.08599135258352691,-0.08277328793710266,-0.014047050372309924,-0.007610921079461416,-15.967192649841309,-9.804891586303711,-25.77208423614502,377.5439453125,169.439453125,546.9833984375,1.9909165747398223,1.990165539312735,1.9887179484965687,0.12304255069300724,0.12368893842682235,0.8798400729474595,0.000646387733815118,0.14091783592012835,0.14301373877456336,0.0020959028544349743,0.0005562229830421078,0.0015033894952271008,0.0009471665121849931,0.00046014287118367747,0.006533084520881999,0.006072941649698328,0.0051323736792841385,0.009566886016802905,0.0014475908161664108,-1.957951268206067,-1.9639282365887123,1.9639282365887123,173.22443010513294,-0.0420365372465348,-0.1196823891544969,-0.07764585190796211,-0.010095383221115846,-0.026439393683911173,-0.01634401046279533,162.31455150842638,-0.07764585190796042,-0.13229252563751775,0.11831103423974457,-0.018490334788088175,1.6329486044982284,SAD,Placebo,0,Male,1,23,0.0
N131,phase3_reinstatement,phase3_reinst_memory_fear_network,27,12684,0.03722364374634535,0.028788820836604723,0.03781974138989075,0.08155485880120311,0.05547250946426574,0.06986789674810506,0.9627763562536547,-0.008434822909740625,0.009030920553286026,-0.003919362633097612,-0.01888465569501771,0.7734012634219507,1.016013679033427,0.0005960976435454013,0.0005960976435454013,0.0005960976435454013,0.4978913067746824,0.5094538085332679,0.007345115307950345,0.007345115307950345,0.0036725576539751725,0.01156250175858553,0.9998646370862103,0.0042173864506351855,0.018907617066535876,0.013483992560856174,0.021987970976140865,0.544512438531907,-0.002293238179088049,0.00012276575182533037,-0.0034861121252709737,0.00413432482999071,0.0076204369552616835,-0.01898328779055103,0.002803806559414146,0.021787094349965175,-0.009356205653775651,0.03664829712784787,0.04600450278162352,-0.007613149591140164,0.03458113471285251,0.04219428430399268,0.012548840455698616,0.02429048313776498,0.026611438008867307,0.5957347312341155,0.40426526876588453,0.09817373174665428,0.0827188079063811,0.12200711797844795,0.09044626982651768,-0.09817373174665428,-0.0827188079063811,-0.09044626982651768,-0.023833386231793666,-0.039288310072066845,-10.936960220336914,0.18910789489746094,-10.747852325439453,-2149.3203125,1719.216796875,-430.103515625,1.9862313647267793,1.9894041120135513,1.9895466287525205,0.12431579489708389,0.12436518075406738,0.8793438632659338,4.938585698349707e-05,0.14699432711882507,0.14309809864959083,-0.0038962284692342294,0.002520332634116105,0.0007817071802684707,-0.0017386254538476343,0.007489155963922134,0.000718530051252414,-0.00677062591266972,-0.007281541425569089,0.0139634627339322,-0.0001425167389692561,-1.95172688736263,-1.952180468267206,1.952180468267206,197.5378228362091,-0.059119147661033364,-0.7967433495988929,-0.7376242019378596,-0.010325452699815689,-0.13434127242616714,-0.12401581972635145,188.6715123009839,-0.7376242019378609,-0.30400885435463704,-1.2183171803244366,-1.3467827921000792,2.1347356900365613,SAD,Placebo,0,Female,0,26,1.0
N132,phase3_reinstatement,phase3_reinst_memory_fear_network,27,12684,0.1033578449835324,0.06023696667598477,0.10208743993746583,0.18806545647320638,0.12322349853311737,0.18077707528780934,0.8966421550164676,-0.04312087830754763,0.04185047326148106,-0.0221956416768071,-0.03606516956274303,0.5828000850596415,0.9877085776763752,-0.0012704050460665695,-0.0012704050460665695,-0.0012704050460665695,0.48922145051671295,0.5254997176538998,0.014721168170612753,0.014721168170612753,0.007360584085306376,0.03627826713718685,0.9988938800947276,0.021557098966574095,0.0509994353077996,0.022836476575479332,0.06051171238404155,0.34253463570590575,0.004806835927031698,0.0028224578567069467,0.0039846306727044645,-0.006611140539862059,-0.010595771212566524,0.054324117858243204,0.06549180668012256,0.011167688821879351,-0.034418835952015614,0.07877853416939548,0.1131973701214111,-0.036411151288367846,0.08208410443932651,0.11849525572769436,0.035821180470574886,0.034987714428819774,0.019323721100255733,0.6863100915179627,0.31368990848203726,0.16671244826238502,0.18602774247819548,0.28507020711235553,0.17637009537029025,-0.16671244826238502,-0.18602774247819548,-0.17637009537029025,-0.11835775884997052,-0.09904246463416005,-0.8032932281494141,-8.442163467407227,-9.24545669555664,-4768.38671875,605.375,-4163.01171875,1.959884665727179,1.9745643429922985,1.975634926316301,0.13340218237439486,0.13313178216026614,0.8765204700791216,-0.00027040021412871873,0.17426780652594814,0.1797776593460889,0.0055098528201407634,0.0021833663827497546,0.004167571424762285,0.001984205042012531,-0.00402507555646725,0.007999115151628655,0.01202419070809592,0.011521948174188723,0.031310312646340814,-0.0010705833240025608,-1.8735474863788353,-1.8712064980087662,1.8712064980087662,163.04136370750788,-0.02593114013107237,-0.597808336928344,-0.5718771967972717,-0.003127457249781865,-0.07127647940743481,-0.06814902215765295,160.58681122374256,-0.5718771967972722,-0.43108735156004746,-1.4657344987137075,-1.304744446154126,1.812853789017889,SAD,Oxytocin,1,Female,0,19,0.0
N133,phase3_reinstatement,phase3_reinst_memory_fear_network,27,12684,0.0305726475919903,0.030225072006287323,0.031249021676751032,0.0677074356743389,0.06873163922529146,0.07900132452546427,0.9694273524080097,-0.000347575585702975,0.0010239496704637086,0.0001643992495288793,0.006159046201038965,0.9886308350964543,1.0221231694603459,0.0006763740847607336,0.0006763740847607336,0.0006763740847607336,0.49991310610444906,0.5078116197580927,0.007724725862541804,0.007724725862541804,0.003862362931270902,0.00789851365364369,0.9999119502493035,0.00017378779110188702,0.015623239516185494,0.013379418196876582,0.015340878102996884,0.7797255986050832,4.0916684469624465e-05,0.002758455930973212,6.050858450820651e-05,0.013610744009061204,0.013550235424552998,0.0018812306851924143,0.01776176295268206,0.015880532267489644,-0.00034884423578213086,0.03394330692632,0.03429215116210213,-0.0003790985280362341,0.027137934921789397,0.02751703344982563,0.007334713319377556,0.019288060255680556,0.017667473764484347,0.5112876948516877,0.4887123051483123,0.11675588605862522,0.11703255490577534,0.12734686374410714,0.11689422048220027,-0.11675588605862522,-0.11703255490577534,-0.11689422048220027,-0.010590977685481923,-0.010314308838331801,2.8774032592773438,-2.8939952850341797,-0.016592025756835938,25.9228515625,-323.27734375,-297.3544921875,1.9896079641829139,1.989900972640876,1.989650150928568,0.12353975658623194,0.12364018624881513,0.8797016558694077,0.00010042966258319574,0.1509071963502986,0.15075470427012697,-0.00015249208017159913,0.000323088828639096,0.0013996308851534469,0.001076542056514351,0.0028090165449314863,0.007665220018252011,0.0048562034733204765,0.002275609656488639,0.02459420869171383,0.00025082171230805805,-1.958401129251817,-1.9593283250488858,1.9593283250488858,175.96117726807668,0.15306564808886822,0.1994274732427989,0.0463618251539307,0.03259011700996741,0.042036351758370824,0.009446234748403413,168.98741162579165,0.046361825153930974,0.02814854313911433,0.13411286478926038,0.11341825754856118,1.1181856580924723,SAD,Placebo,0,Male,1,33,1.0
N134,phase3_reinstatement,phase3_reinst_memory_fear_network,27,12684,0.0673105749061561,0.05968807204470994,0.07604767635663356,0.12521851133570072,0.1088469966366643,0.140888505715628,0.9326894250938439,-0.007622502861446168,0.016359604311923626,0.0005572992945156452,-0.0003507601595545695,0.8867561042282813,1.129802637470149,0.008737101450477458,0.008737101450477458,0.008737101450477458,0.49809438351139423,0.5190027618296958,0.01709714534109008,0.01709714534109008,0.00854857267054504,0.020908378318301613,0.9994736712031164,0.0038112329772115316,0.03800552365939169,0.029233913039094547,0.047375083878498855,0.5747052208586322,-0.0016040304991924992,0.008071537622029612,-0.019196436114504556,0.023863655109483572,0.04306009122398813,0.04863297273313183,0.09043128235049336,0.04179830961736153,-0.01624901692851824,0.07705045250419684,0.09329946943271508,-0.006650798871265962,0.06511862494945506,0.07176942382072102,0.06264744442276038,0.04158815842253071,0.08165532715438571,0.5565123421072982,0.44348765789270184,0.15876649012740585,0.13495066927685095,0.2048601964997243,0.1468585797021284,-0.15876649012740585,-0.13495066927685095,-0.1468585797021284,-0.046093706372318466,-0.06990952722287336,-10.73726773262024,-13.488585472106934,-24.225853204727173,87.521484375,-393.732421875,-306.2109375,1.9749877913672953,1.9800483123121744,1.9764888229468323,0.12867359389741037,0.13005855342427455,0.8781458428428615,0.0013849595268641823,0.1670022374888173,0.16224230604453385,-0.004759931444283445,0.0007235668960682975,0.004195487929229436,0.0034719210331611385,0.0011367168012735573,0.01796449799642899,0.01682778119515542,0.0036539591532942645,0.018554818457213535,0.0035594893653421167,-1.9004411465901987,-1.9127377374060184,1.9127377374060184,187.92558870184249,0.4279821119873506,1.045671443108707,0.6176893311213565,0.054115101994781485,0.12538837145184273,0.07127326945706125,187.6737208628325,0.6176893311213606,0.19616030123246636,-0.04223911892851928,0.5965697716571009,1.9513828275337233,SAD,Placebo,0,Female,0,21,0.0
N135,phase3_reinstatement,phase3_reinst_memory_fear_network,27,12684,0.12094065117918851,0.07723360359913534,0.08115644916852738,0.20592596273837954,0.1490370534044016,0.17100222598388798,0.8790593488208115,-0.04370704758005317,0.003922845569392042,-0.04174562479535715,-0.045906323044234754,0.638607419920619,0.6710435380230317,-0.03978420201066113,-0.03978420201066113,-0.03978420201066113,0.48907497722767,0.5202779836563763,0.009352960884046357,0.009352960884046357,0.004676480442023179,0.031203006428706326,0.9992343977531777,0.02185004554465997,0.04055596731275268,0.014950352632496396,0.05034602396393594,0.25603947381015607,0.006188488725419086,0.010694443817375091,0.024406918080746937,0.04041057122719055,0.016003653146443614,0.013987078157755128,0.06867599693522686,0.05468891877747173,-0.023192212291066078,0.08550166221002761,0.10869387450109369,-0.035395671331439546,0.06529637659643234,0.10069204792787188,0.02708827493630921,0.022347998945697344,0.02684248675707545,0.7956168764275483,0.2043831235724517,0.1958409923175234,0.15955614834035975,0.23550562648752768,0.17769857032894157,-0.1958409923175234,-0.15955614834035975,-0.17769857032894157,-0.03966463417000429,-0.07594947814716793,-26.8707278072834,5.241449147462845,-21.629278659820557,-5477.2421875,4509.642578125,-967.599609375,1.9626542818864523,1.9647486776919516,1.9779917749620382,0.13660154614425268,0.13046707248088055,0.8768199196422211,-0.006134473663372136,0.18616556360795078,0.16898431880964698,-0.017181244798303814,-0.001033790911237037,0.007093429001815131,0.008127219913052167,-0.031177773669382097,0.025090563241398356,0.05626833691078042,0.010952923657086396,0.07853827823443287,-0.013243097270086546,-1.8968353257935107,-1.8438080265127632,1.8438080265127632,169.77806233379374,-0.10269621101947742,-0.17531875983612621,-0.0726225488166488,-0.010943053050202475,-0.022967012173516876,-0.012023959123314401,165.81981049246872,-0.07262254881664937,-0.3188941225853987,-0.9182617013335009,-0.5317533994833998,2.084196415708808,SAD,Oxytocin,1,Male,1,45,0.0
N136,phase3_reinstatement,phase3_reinst_memory_fear_network,27,12684,0.031110199686018913,0.03186946834883497,0.021104235117769266,0.04979592139692751,0.054268923430823846,0.05844938440350267,0.9688898003139811,0.0007592686628160594,-0.010765233231065707,-0.004623347952716794,0.0065632325202357455,1.0244054498661022,0.6783700698505293,-0.010005964568249648,-0.010005964568249648,-0.010005964568249648,0.5001898171565851,0.5052758629633994,0.005465680119984551,0.005465680119984551,0.0027328400599922476,0.005465680119984495,0.9999597902467444,0.00037963431317011853,0.010551725926798872,0.010065750612180874,0.01283571284016026,0.789767794928564,0.0003887614805245494,0.0024420416144502652,0.003474749816256034,0.011320428809229094,0.00784567899297306,-0.011485875133779633,0.017510757249099118,0.02899663238287875,0.0023599978210532835,0.025169092716051028,0.022809094894997745,0.0006226229129252664,0.01950887831143648,0.018886255398511215,0.011133628346406242,0.013334348438959535,0.01591020706792117,0.4832916653162009,0.5167083346837991,0.081653572061361,0.07788410374234717,0.08575665738469058,0.07976883790185407,-0.081653572061361,-0.07788410374234717,-0.07976883790185407,-0.004103085323329592,-0.007872553642343419,-0.6748170852661133,5.3572094440460205,4.682392358779907,904.9287109375,-858.8544921875,46.07421875,1.991959949274055,1.988238346987913,1.9916412960378738,0.12377818412800007,0.12233121288935046,0.8799503363789813,-0.0014469712386496053,0.142259903179774,0.13984247283320253,-0.0024174303465714884,-0.0006700539243780607,0.0006214467984551149,0.0012915007228331756,-0.0030302819260701053,0.0010107371354600159,0.004041019061530114,-0.00039692081580643135,0.009386018043451523,-0.003402949049960746,-1.9705370609201045,-1.9571281473018942,1.9571281473018942,163.60748425373686,0.3130462493792736,0.21315023964287488,-0.09989600973639873,0.06835511344928064,0.056465196998551466,-0.01188991645072917,163.49957771917326,-0.09989600973639666,0.02493543737732693,0.5710267745643847,0.18561737754579571,0.9840248963652007,SAD,Placebo,0,Female,0,26,0.0
N137,phase3_reinstatement,phase3_reinst_memory_fear_network,27,12684,0.01119534168108327,0.01259576817937158,0.012666415787765173,0.020562889339374002,0.02210398849540035,0.024282191342307802,0.9888046583189167,0.0014004264982883097,7.064760839359252e-05,0.001435750302485106,0.0026302005794800742,1.1250891028867442,1.1313995440775257,0.0014710741066819022,0.0014710741066819022,0.0014710741066819022,0.5003501065673531,0.5031665616106301,0.00351666817798324,0.00351666817798324,0.00175833408899162,0.00351666817798324,0.9999853570001194,0.0007002131347062512,0.006333123221260228,0.006711361992449379,0.007609956126824961,0.8916064114942988,-0.0011722299831582765,0.0003402378034327012,-0.005058566910184498,0.000723967948605464,0.005782534858789962,-0.00651468387731069,0.010952891467386539,0.017467575344697228,-0.001174473591897679,0.01242989809600692,0.013604371687904598,0.0013548098631945699,0.012067914121704187,0.010713104258509618,0.004195013180467513,0.010901504075571184,0.009233574364482076,0.4095717621880787,0.5904282378119212,0.03786437276106036,0.042485909791934715,0.04516981011306832,0.04017514127649754,-0.03786437276106036,-0.042485909791934715,-0.04017514127649754,-0.007305437352007962,-0.0026839003211336088,6.762331962585449,-15.373772025108337,-8.611440062522888,313.41015625,-878.0732421875,-564.6630859375,1.9960923138820643,1.9961033080934834,1.9956271372251675,0.12079661746136683,0.12100357696800504,0.8803861851014216,0.00020695950663821017,0.12904063472330235,0.13028131145730054,0.0012406767339981986,0.0009049125163239953,0.0007167206659523951,-0.0001881918503716001,0.0038822990472379415,0.002752131757681381,-0.0011301672895565607,0.0006755930892199183,0.00791301061451997,0.00047617086831586164,-1.9829607214374023,-1.9849079664124,1.9849079664124,194.16625257458884,0.09922598855283699,0.027291168332190176,-0.07193482022064682,0.030840348434810073,0.007960830835462882,-0.022879517599347192,192.85833077739397,-0.0719348202206466,-0.037408491286311796,-0.06882686364386245,-0.10634825204257782,0.4225671430765138,SAD,Oxytocin,1,Female,0,27,1.0
N138,phase3_reinstatement,phase3_reinst_memory_fear_network,27,12684,0.001292407862725442,0.001334968051065255,0.001734430603050341,0.0024581431397716624,0.002694448018468798,0.003995297730545189,0.9987075921372746,4.256018833981301e-05,0.00039946255198508585,0.00024229146433235593,0.0008867297347353309,1.0329229342668504,1.3420045119097823,0.00044202274032489886,0.00044202274032489886,0.00044202274032489886,0.5000106400470834,0.5004336075420626,0.00044424758914590745,0.00044424758914590745,0.00022212379457298148,0.00044424758914596296,0.9999997285876074,2.128009416679788e-05,0.000867215084125128,0.0008841468692776383,0.0010956634171308682,0.6581996053323442,0.00022792344783503386,0.00031724191161551046,0.0008271618746443221,0.0015090670117566818,0.0006819051371123597,0.002188288600916688,0.003405947173947821,0.001217658573031133,0.00045743288343511046,0.002478975298320668,0.0020215424148855576,4.38519461129494e-05,0.0017244417924423272,0.0016805898463293778,0.0007488423538250939,0.0017332467454417224,0.0015456213856651826,0.4920496367527988,0.5079503632472012,0.004745433761215154,0.005212947438428955,0.006743553197439106,0.0049791905998220545,-0.004745433761215154,-0.005212947438428955,-0.0049791905998220545,-0.0019981194362239524,-0.0015306057590101507,4.815374374389648,1.2486934661865234,6.064067840576172,-452.537109375,173.54296875,-278.994140625,1.9994750064190743,1.999609318010536,1.9994613868671285,0.119379748949666,0.11944178368199435,0.8807419459990076,6.203473232833934e-05,0.12037994237644188,0.12054164711545401,0.0001617047390121175,-1.3004513450206947e-05,0.00010254585994900141,0.00011555037339920835,-7.593334093207449e-05,0.0005114883046293678,0.0005874216455614353,0.00045541556179283516,0.00047561596305630504,0.00014793114340760916,-1.9977269562640783,-1.9983169101478107,1.9983169101478107,190.79794994066833,-0.05298406319596696,-0.016961266521571358,0.036022796674395605,-0.05039583190246094,-0.013952935347925025,0.03644289655453592,185.74142718779493,0.036022796674395674,0.02108489054744495,0.09794184365546575,0.08499371850212856,0.17825559505185054,SAD,Oxytocin,1,Male,1,30,0.0
N141,phase3_reinstatement,phase3_reinst_memory_fear_network,27,12684,0.0335075268737719,0.02680472098521558,0.02472275134810742,0.06774038260865667,0.06330983214936914,0.0682028139337909,0.9664924731262281,-0.006702805888556318,-0.002081969637108161,-0.007743790707110398,-0.001984059567076646,0.799960948672328,0.7378265803673325,-0.008784775525664479,-0.008784775525664479,-0.008784775525664479,0.49832430480160417,0.506180373045799,0.00450467784740316,0.00450467784740316,0.00225233892370158,0.007856068244194825,0.9999408409288482,0.0033513903967916647,0.012360746091597985,0.008143122746765347,0.014494255663086111,0.48449210220759875,-0.0009323883484477689,0.0015159836532777902,-0.001925759676900174,0.00813923469278538,0.010064994369685554,-0.0069297034199996554,0.023019715066605162,0.029949418486604817,-0.006721003177856122,0.026113986179329418,0.03283498935718554,-0.005758123339406035,0.022044368832936728,0.027802492172342763,0.008539190965556677,0.017584101008107228,0.019396686941866883,0.6295655804066618,0.3704344195933382,0.11093015231898247,0.10431638845029723,0.1117941868434383,0.10762327038463984,-0.11093015231898247,-0.10431638845029723,-0.10762327038463984,-0.0008640345244558256,-0.007477798393141069,0.6137933731079102,-7.696044921875,-7.08225154876709,4.21875,371.763671875,375.982421875,1.9900412581462568,1.9892439168359375,1.9922344185007357,0.12392920920975017,0.12265640950617875,0.8797475023756136,-0.0012727997035714284,0.14981299726964956,0.14666097019370333,-0.003152027075946237,0.004067879070517448,0.0016333020489009181,-0.00243457702161653,0.015920282228287758,0.010067082297281371,-0.005853199931006359,-0.0060786270414494165,0.03877164668899058,-0.0029905016647981952,-1.9675116671526283,-1.9557363899621656,1.9557363899621656,166.17250354079476,0.24049412512171064,0.1348035388543956,-0.10569058626731503,0.05040956753916512,0.032864366286409014,-0.017545201252756104,164.18121633791378,-0.10569058626731503,0.03915179414820457,-0.2682934824687426,-0.23983732750168635,0.9052594402758375,SAD,Placebo,0,Female,0,22,0.0
N142,phase3_reinstatement,phase3_reinst_memory_fear_network,27,12684,0.04045807347893193,0.05515769039869911,0.03572366803254734,0.08425954172525535,0.08084500525786831,0.06764653380384872,0.9595419265210681,0.014699616919767178,-0.01943402236615177,0.004982605736691292,-0.010013772194396836,1.3633292943157285,0.8829797400351407,-0.004734405446384593,-0.004734405446384593,-0.004734405446384593,0.5036748380589826,0.5089299673408517,0.012604805399834385,0.012604805399834385,0.0063024026999171645,0.012604805399834329,0.9998654641962852,0.00734967611796522,0.017859934681703438,0.02187625946378119,0.025554378236963243,1.071654131304067,-0.0007825523161475656,0.000917412275642457,0.004695059452416883,0.0033974860704107934,-0.0012975733820060897,-0.04315850477334482,0.0023572273752932027,0.04551573214863802,0.014641577864938415,0.0331572138240378,0.018515635959099386,0.012294048138729974,0.031458470788832404,0.01916442265010243,0.03579051387460312,0.026047223330015655,0.04151369086999273,0.12789278226313647,0.8721072177368635,0.13103262384002445,0.11460767805232443,0.09826831210661839,0.12282015094617443,-0.13103262384002445,-0.11460767805232443,-0.12282015094617443,0.03276431173340606,0.016339365945706036,20.443480491638184,-39.226858139038086,-18.783377647399902,438.8369140625,-489.7880859375,-50.951171875,1.989055557345234,1.9827395446905163,1.984099614660042,0.12539742700353196,0.12473055267802333,0.8796431842400162,-0.0006668743255086318,0.15590660459353614,0.1513329065134373,-0.004573698080098842,-0.0007737322131747776,-2.8775875345723218e-05,0.0007449563378290544,-0.0005918561442694315,-6.945797753282745e-05,0.0005223981667366109,-0.004312498996730536,0.007640607824271231,-0.0013600699695257568,-1.9483759466274946,-1.9422814712115843,1.9422814712115843,170.16385675711587,-0.14146072404870974,0.05499059328580874,0.19645131733451848,-0.026031025827421825,0.010853747293570198,0.036884773120992025,168.8405959504919,0.19645131733451796,-0.010128711923535694,0.30156359318010306,0.34723311392456946,2.2096966457802734,SAD,Oxytocin,1,Female,0,20,0.0
N143,phase3_reinstatement,phase3_reinst_memory_fear_network,27,12684,0.008645370635753324,0.0034741712139289005,0.004890494156685521,0.012110376694973612,0.00624826723662103,0.008145366870700999,0.9913546293642467,-0.005171199421824424,0.0014163229427566204,-0.004463037950446114,-0.004913559641312598,0.4018528923482355,0.5656771358869594,-0.0037548764790678035,-0.0037548764790678035,-0.0037548764790678035,0.4987072030254657,0.5012226211023935,-7.017587214086518e-05,7.017587214086518e-05,-3.508793607043259e-05,0.002515418076927789,0.9999954322403408,0.002585593949068654,0.0024452422047869238,-0.00014588084175646415,0.004963424143660904,-0.024665376326541925,-0.00017781530708287416,-0.0001762208172275377,-0.0006209525891158196,0.0008854774959637102,0.0015064300850795298,-0.0022995666404865833,-0.0013496149336221785,0.0009499517068644048,-0.005419781279975278,0.0052602820498862946,0.010680063329861572,-0.005109304985417368,0.0048175433019044395,0.009926848287321807,0.002989711318404545,0.006036520678658887,0.00864159330959389,1.0287997261863628,-0.02879972618636284,0.008902168361344956,0.009488000514140421,0.0097997752553204,0.009195084437742689,-0.008902168361344956,-0.009488000514140421,-0.009195084437742689,-0.0008976068939754445,-0.0003117747411799793,16.87504470348358,0.048809051513671875,16.923853754997253,1464.966796875,-462.7509765625,1002.2158203125,1.9973496450411035,1.9978689383667314,1.9991058487573636,0.12033902945811052,0.11981161179280155,0.880518526744095,-0.0005274176653089768,0.12222312119327479,0.12181923891272017,-0.0004038822805546051,0.00010017740868861047,-7.612532883031281e-06,-0.00010778994157164175,0.00022439133777242548,0.00018697338896220272,-3.741794881020888e-05,-0.00042259125495970953,0.0006039301995176049,-0.0012369103906322287,-1.9942153546006782,-1.9892235677309782,1.9892235677309782,176.43855762503654,-0.2992518105754568,-0.22558278809247329,0.07366902248298351,-0.1150287372820715,-0.11576921018310433,-0.0007404729010328376,176.4376279774361,0.0736690224829842,0.030236741566255047,0.07075298557141217,0.10904551526869027,0.11712183554988516,SAD,Oxytocin,1,Male,1,23,0.0
N144,phase3_reinstatement,phase3_reinst_memory_fear_network,27,12684,0.07158964356528452,0.06745581406633827,0.05994827795028179,0.108268083095792,0.11729986876060228,0.12359311062996825,0.9284103564347155,-0.004133829498946251,-0.007507536116056479,-0.00788759755697449,0.012178406599493263,0.9422564673374696,0.8373874570522032,-0.01164136561500273,-0.01164136561500273,-0.01164136561500273,0.4989665440969513,0.5149825827274458,0.013949126824397085,0.013949126824397085,0.006974563412198542,0.0160160386304945,0.9996745576856343,0.0020669118060974156,0.029965165454891585,0.02320519942642537,0.032227720990629115,0.6559675196341426,0.0012340242376009433,0.004171228252990557,0.01208249467745462,0.021538960722129352,0.009456466044674733,-0.018908098407862672,0.034375115563397673,0.053283213971260346,0.001725479448724504,0.06149564710391822,0.05977016765519372,-0.004315767890002806,0.050726166742853546,0.05504193463285635,0.02600461816978042,0.04323552949160163,0.031674025762382284,0.5212273616163323,0.4787726383836677,0.14451159375636063,0.1479924884211456,0.15549570639316795,0.14625204108875312,-0.14451159375636063,-0.1479924884211456,-0.14625204108875312,-0.01098411263680732,-0.007503217972022358,-19.876271724700928,24.260518550872803,4.384246826171875,1249.982421875,-1391.439453125,-141.45703125,1.978066746131864,1.975575599382568,1.9792755183890138,0.12965800760185756,0.12793660653095162,0.8784749252104535,-0.0017214010709059313,0.16415964936589755,0.16345474706813162,-0.0007049022977659268,0.004649973669787198,0.0012208354947974918,-0.0034291381749897054,0.01665708255016124,0.004173177845283982,-0.012483904704877265,-0.006946854650204559,0.016468766839412077,-0.003699919006445729,-1.919327240438732,-1.9039859558172836,1.9039859558172836,169.21963578273767,0.1618156298141378,0.30138180519483715,0.13956617538069935,0.022167722069527943,0.045375460797542906,0.023207738728014963,169.21267930246702,0.139566175380697,-0.13139012214594156,-0.7675731225723388,-0.2442203859054724,1.8777460795266472,SAD,Oxytocin,1,Female,0,18,0.0
N145,phase3_reinstatement,phase3_reinst_memory_fear_network,27,12684,0.14132569087759883,0.13420142870060314,0.02639214633938003,0.20519093901422353,0.22722944680679708,0.05470022397344548,0.8586743091224012,-0.007124262176995688,-0.10780928236122311,-0.061028903357607245,-0.06422610362410225,0.949589691522804,0.18674696941526636,-0.1149335445382188,-0.1149335445382188,-0.1149335445382188,0.4982189419888945,0.5065976536255236,0.004816595614418051,0.004816595614418051,0.0024082978072090255,0.008378711636629066,0.9999326225767167,0.003562116022211015,0.013195307251047117,0.009359360161109172,0.015423659377312167,0.3890609496302242,-0.003911302184579582,-0.0012947940380205682,-0.01844527816082664,-0.02291447885596984,-0.0044692006951431995,-0.03277937892733518,0.009084775208330287,0.041864154135665466,-0.010668082835931875,0.00870692464975198,0.019375007485683854,-0.001445443755518555,0.0201641640777369,0.021609607833255454,0.012699005638944336,0.03741955476534584,0.03291280593338631,0.5574821859392178,0.44251781406078217,0.24572384043501616,0.1325916792994229,0.0863600749284078,0.18915775986721953,-0.24572384043501616,-0.1325916792994229,-0.18915775986721953,0.15936376550660836,0.04623160437101509,23.135626792907715,-34.32969379425049,-11.194067001342773,6952.3046875,-7328.208984375,-375.904296875,1.9763485977640234,1.9424401529865822,1.9787626055784198,0.14171545630450053,0.1242951136942919,0.878291381998745,-0.017420342610208625,0.19253591569113315,0.1560762815157346,-0.036459634175398575,0.024751638742208305,-0.0003052327428290412,-0.025056871485037352,0.10863583641918279,-0.015175755221198545,-0.1238115916403813,-0.09836542999558923,0.13895261329232572,-0.03632245259183753,-1.9523704592390398,-1.8011144621089834,1.8011144621089834,184.22230915376403,0.015771019119814947,0.33022975651736713,0.3144587373975522,0.0013772931511006504,0.0689843878823638,0.06760709473126315,184.11164437209493,0.3144587373975525,0.17550096145250405,0.10355743896426067,0.3662374568796828,1.5833169931610338,SAD,Placebo,0,Female,0,34,0.0
N146,phase3_reinstatement,phase3_reinst_memory_fear_network,27,12684,0.03869516742257517,0.034632158480004116,0.03252937288581248,0.07091743492005326,0.07110376619777503,0.06415361871109054,0.9613048325774248,-0.004063008942571056,-0.0021027855941916362,-0.005114401739666874,-0.00328874246562047,0.8949993458306086,0.8406570289256382,-0.006165794536762692,-0.006165794536762692,-0.006165794536762692,0.4989842491616949,0.5081316261872334,0.007115875348928324,0.007115875348928324,0.003557937674464162,0.009147377025538472,0.999903111471877,0.002031501676610148,0.016263252374466797,0.012765890004437189,0.020595191605469826,0.5453772945690015,-0.001971519975326897,-0.003322889343357888,-0.009842497442208664,-0.022759928859357237,-0.012917431417148573,-0.01342504383780252,-0.008951152949901009,0.0044738908879015105,-0.008542167918583449,0.017772734776674876,0.026314902695258324,-0.0036209191974791166,0.029152699206353494,0.03277361840383261,0.018378567685958802,0.022291752368149356,0.029909588405610775,0.5593690754303544,0.4406309245696456,0.10498226525947198,0.11506482773545015,0.09801548487776374,0.11002354649746107,-0.10498226525947198,-0.11506482773545015,-0.11002354649746107,0.00696678038170824,0.017049342857686417,4.30963659286499,7.699612140655518,12.009248733520508,-348.029296875,-160.7705078125,-508.7998046875,1.9878867455403055,1.9873148362419502,1.9893024890843836,0.12470394726720227,0.12381669493144641,0.8795193859847829,-0.0008872523357558587,0.14891823642836893,0.15054378950806543,0.0016255530796965047,0.000533351652260802,0.0006183548015598597,8.500314929905778e-05,0.003367603695648258,0.00569568316274377,0.002328079467095505,0.002789592813244257,0.01157509468307757,-0.0019876528424334072,-1.956773116198571,-1.9486196688193749,1.9486196688193749,158.8808603824045,-0.09665916766293366,-0.017169980306811043,0.07948918735612262,-0.019713202402273894,-0.0038350815868168427,0.01587812081545705,156.48658022451394,0.07948918735612262,0.12053235199022978,0.06541587947949795,0.1121971270958716,1.2879570588572091,SAD,Oxytocin,1,Male,1,33,1.0
N147,phase3_reinstatement,phase3_reinst_memory_fear_network,27,12684,0.028887265912114657,0.015746036637505068,0.01532982579676545,0.04168386647879796,0.032292990520736864,0.024917341306434415,0.9711127340878853,-0.01314122927460959,-0.000416210840739617,-0.013349334694979398,-0.01307870056521232,0.5450855485789001,0.5306774457863116,-0.013557440115349206,-0.013557440115349206,-0.013557440115349206,0.4967147399593633,0.5038323813975464,0.0005471213569097078,0.0005471213569097078,0.0002735606784548539,0.007117641438183053,0.9999632396944017,0.0065705200812733455,0.007664762795092761,0.0010720516444238867,0.013411211102531607,0.07160383298867236,7.158779304844299e-05,-0.0007868561344798239,-0.0017522821439354408,-0.0007364386581222848,0.001015843485813156,0.0032137085321640724,-0.009691161441287899,-0.012904869973451971,-0.013215300530075441,0.014115043417894352,0.027330343947969793,-0.01233915945810772,0.014483262746955494,0.026822422205063215,0.006433263443103098,0.00817745680679924,0.010680512293308152,0.9415655424932452,0.0584344575067548,0.059843289567325625,0.05585878913958199,0.05125509212337871,0.05785103935345381,-0.059843289567325625,-0.05585878913958199,-0.05785103935345381,0.008588197443946913,0.004603697016203279,-9.38204574584961,6.8965301513671875,-2.485515594482422,-1055.6572265625,237.5986328125,-818.05859375,1.992020236030836,1.991628782816397,1.9962945929236704,0.12317065869689127,0.12121603072634547,0.8799567047899567,-0.001954627970545797,0.13649703447157954,0.1335336566325652,-0.002963377839014316,-8.684177720885403e-05,0.0007102139482272215,0.0007970557254360755,-0.0022929485775589342,0.0017176898982320943,0.004010638475791077,-0.0009580586011187775,0.010087049116294006,-0.004665810107273405,-1.9809647671269048,-1.9627415169042823,1.9627415169042823,184.9468011144179,0.6013581283118539,0.2847525051382354,-0.31660562317361846,0.12155536035243103,0.07874858829279849,-0.04280677205963254,183.03982948578997,-0.3166056231736204,-0.0380045608189271,-0.3683969167286223,-0.5008040815379315,0.5109019504484819,SAD,Oxytocin,1,Female,0,18,0.0
N148,phase3_reinstatement,phase3_reinst_memory_fear_network,27,12684,0.02819113663380235,0.015395447847788457,0.03647987890744875,0.04869208727187824,0.03469087096204804,0.0552200990028473,0.9718088633661977,-0.012795688786013892,0.02108443105966029,-0.0022534732561837467,-0.0037366022894305684,0.5461093175021365,1.2940189833821043,0.008288742273646399,0.008288742273646399,0.008288742273646399,0.49680112144931665,0.5091189584708058,0.005920079920122445,0.005920079920122445,0.0029600399600612226,0.012317837021489142,0.999865262514952,0.006397757101366697,0.018237916941611587,0.011143445166058613,0.02502700122720737,0.3952816023239068,0.002628647705588935,0.0010173350100876253,0.017977980205218874,-0.0064874342780732175,-0.02446541448329209,0.006964597402416395,0.02675574518449375,0.019791147782077356,-0.003106021839477835,0.03113818513516789,0.034244206974645724,-0.012095011942087272,0.0343819022742045,0.04647691421629177,0.029128362995467273,0.017731605457853857,0.04270008444802507,0.6726368274576965,0.3273631725423035,0.052856141683508426,0.06377329751783643,0.09891614162807925,0.05831471960067243,-0.052856141683508426,-0.06377329751783643,-0.05831471960067243,-0.04605999994457083,-0.03514284411024282,20.913101077079773,-17.33695685863495,3.576144218444824,511.4453125,1089.822265625,1601.267578125,1.9873121914430474,1.994298456700021,1.9915802965124496,0.12280761394624849,0.12399827372798283,0.8794584900624277,0.0011906597817343406,0.13450704618796544,0.13832578991537617,0.0038187437274107387,-0.0012352554558878817,0.0007897354216890508,0.0020249908775769325,-0.006239170258445087,0.004467683087334695,0.010706853345779803,0.00917217040030064,0.010314866512500452,0.002718160187571428,-1.9551004176050009,-1.9661073200662187,1.9661073200662187,175.44419363267144,0.2312252989245011,-0.008336077746651276,-0.23956137667115238,0.051229731907934055,-0.0016139255667460496,-0.0528436574746801,169.71755577983615,-0.23956137667115296,-0.1518981883793482,-0.778055422774721,-0.6285890880585134,0.9743566004637634,SAD,Placebo,0,Female,0,33,0.0
N149,phase3_reinstatement,phase3_reinst_memory_fear_network,27,12684,0.06361125120150568,0.042333980344078315,0.033227438688518185,0.10564941373672937,0.07096679001401957,0.06329422534281787,0.9363887487984943,-0.021277270857427366,-0.00910654165556013,-0.02583054168520743,-0.038518906058310654,0.6655107844816048,0.5223515154535514,-0.030383812512987496,-0.030383812512987496,-0.030383812512987496,0.4946808829576843,0.5083060954820202,0.002986978439704524,0.002986978439704524,0.001493489219852262,0.013625212524335906,0.9998596431779214,0.010638234084631382,0.01661219096404043,0.006018068114957101,0.023831549971574398,0.21975172517500965,-0.0028381029711440154,-0.0008732468488490197,-0.012247128589733258,-0.003015078977998742,0.009232049611734516,-0.03290932450022577,-0.01397259671906137,0.018936727781164397,-0.023937046151483926,0.028342078597532128,0.052279124749016054,-0.017813481856617297,0.0298496180865315,0.047663099943148796,0.021017145533066557,0.0163023445406772,0.02795416032605172,0.8147701077429594,0.18522989225704056,0.13517862179090545,0.1084621920038907,0.12069122118826785,0.12182040689739808,-0.13517862179090545,-0.1084621920038907,-0.12182040689739808,0.014487400602637604,-0.012229029184377141,-15.604618072509766,17.032773971557617,1.4281558990478516,1471.583984375,-1147.9833984375,323.6005859375,1.9831436268733955,1.979891282553334,1.9902093756162116,0.1282769657078585,0.12379404256009853,0.8790158758186473,-0.004482923147759957,0.160841813190424,0.14909303713672617,-0.011748776053697854,0.00028449624733844884,0.003502939450013286,0.0032184432026748366,0.005387742543330576,0.011250452708325864,0.005862710164995302,-0.008817420971200203,0.02883823615715367,-0.010318093062877676,-1.9569819369276935,-1.9162800313518282,1.9162800313518282,182.91238463867953,0.37030091589308883,0.1697047908716095,-0.20059612502147933,0.0516390579840723,0.032766220682947,-0.018872837301125295,177.8064314329234,-0.20059612502148025,0.26291630911360825,0.763360758700053,0.1810842543285463,2.4057475385909566,SAD,Placebo,0,Female,0,18,0.0
N150,phase3_reinstatement,phase3_reinst_memory_fear_network,27,12684,0.02254781290702501,0.019195668658738785,0.02166349241511667,0.041793110670053424,0.04301069211034014,0.06582819502731324,0.977452187092975,-0.0033521442482862263,0.002467823756377885,-0.002118232370097284,0.012626332898773268,0.8513313563749062,0.9607797836822277,-0.0008843204919083414,-0.0008843204919083414,-0.0008843204919083414,0.4991619647226695,0.5054156613048326,0.004577626027502113,0.004577626027502113,0.0022888130137510565,0.006253696582163126,0.9999566726011905,0.0016760705546610133,0.01083132260966524,0.008368923599768582,0.013754633698677743,0.6152262615140104,0.0027839759551168833,0.0015616038493727997,0.010529111637140348,0.008546617195909961,-0.001982494441230387,0.025757890731458843,0.007288929033622549,-0.018468961697836295,0.0022406289222199616,0.024035082693842358,0.021794453771622396,-0.0030239268963502125,0.019761774095887377,0.02278570099223759,0.009894291076985978,0.004448077417841487,0.010702133458820748,0.5631850744930744,0.4368149255069256,0.08768975230844918,0.08477829544707888,0.08937376227715682,0.08623402387776402,-0.08768975230844918,-0.08477829544707888,-0.08623402387776402,-0.001684009968707642,-0.004595466830077943,-6.180755138397217,4.8354363441467285,-1.3453187942504883,355.5771484375,400.115234375,755.6923828125,1.9922397036440076,1.9930966895386317,1.9934526792376976,0.1223299442859364,0.12219684034088027,0.8799798858578172,-0.0001331039450561261,0.1421705458336741,0.14135789509426455,-0.0008126507394095352,-1.4213099657885803e-05,0.0004009741756672668,0.0004151872753251526,-0.00010807102731338891,-0.00045685313845875153,-0.0003487821111453557,-0.000987041794982213,0.014662005197280144,-0.00035598969906591726,-1.971789186822581,-1.9705488766316068,1.9705488766316068,194.2276442303959,-0.02437151706950616,-0.22096866049891728,-0.19659714342941112,-0.0057140794971615744,-0.052519625829809055,-0.04680554633264748,180.0238652257015,-0.19659714342941192,-0.20819301770442186,-1.8094292005199264,-1.1013117436893751,1.4708805229083808,SAD,Placebo,0,Female,0,19,0.0
N151,phase3_reinstatement,phase3_reinst_memory_fear_network,27,12684,0.062046683303573325,0.05967875902902009,0.09388202217715513,0.1270489363727213,0.11494083629567498,0.14311316427516602,0.9379533166964267,-0.0023679242745532347,0.034203263148135044,0.014733707299514287,0.001978063912699196,0.9618362534975435,1.5130866316730593,0.03183533887358181,0.03183533887358181,0.03183533887358181,0.49940801920796796,0.5234532819628892,0.022861301170857162,0.022861301170857162,0.011430650585428581,0.02404526275492125,0.9992056394696562,0.001183961584064086,0.04690656392577841,0.03817479373873312,0.06178578958513196,0.5737207400412108,0.012897650888438457,0.0068282908119537845,0.04913997333032827,0.019123413531496686,-0.030016559798831582,0.05210448380102617,0.13016117507925673,0.07805669127823056,0.022232301227615492,0.08824897968076323,0.06601667845314774,-0.0023376854375486422,0.07868727291501489,0.08102495835256353,0.08628142380443356,0.06435700674039053,0.13755118260790844,0.5765070816150467,0.4234929183849533,0.1616151170367219,0.14374592643869963,0.15921719037258236,0.15268052173771077,-0.1616151170367219,-0.14374592643869963,-0.15268052173771077,0.0023979266641395436,-0.015471263933882734,-42.390520095825195,-9.80031967163086,-52.190839767456055,2106.7548828125,2958.2294921875,5064.984375,1.9720107688634854,1.9830233186402548,1.9722092006475456,0.12775269837228728,0.1325811354546812,0.8778269256166888,0.004828437082393916,0.16758328608903228,0.167032691399723,-0.0005505946893092917,-0.0004291475382370479,0.00026940921516167344,0.0006985567533987214,0.0013340060244887708,-0.0028001899804492025,-0.004134196004937987,-0.0026176926917782853,0.029266959467904006,0.01081411799270926,-1.8783271784703905,-1.9209766353366815,1.9209766353366815,164.46371747514766,0.48035336800513595,0.5102269771748513,0.029873609169715376,0.07691430963008432,0.06620875714304236,-0.010705552487041956,155.2165791169393,0.02987360916971643,0.3615618453172182,1.4664789306340822,0.7631130744867575,1.9498763446099745,SAD,Oxytocin,1,Female,0,22,1.0
N153,phase3_reinstatement,phase3_reinst_memory_fear_network,27,12684,0.01427601248369692,0.011027983330882507,0.013788425075439537,0.026008563784175653,0.02230177804580391,0.02396135862517368,0.9857239875163031,-0.0032480291528144134,0.0027604417445570295,-0.0018678082805358986,-0.0028769954486868587,0.7724829057586844,0.9658450097837675,-0.0004875874082573839,-0.0004875874082573839,-0.0004875874082573839,0.49918799342566456,0.5034470516560532,0.002635045081717746,0.002635045081717746,0.001317522540858873,0.004259058230388635,0.999981906275372,0.0016240131486708886,0.006894103312106381,0.005042574895563284,0.009592529085702378,0.48142798454225477,0.0012976015341803508,-0.0009226101444410077,0.004874198319245737,-0.0032156550323431676,-0.008089853351588905,0.00204734636244841,-0.011207253740103673,-0.013254600102552083,-0.0006734415254321946,0.011587862960010048,0.012261304485442243,-0.003110540685055063,0.013195690476181632,0.016306231161236695,0.010280592564538229,0.006178180938507959,0.012362208364192578,0.6184164321523282,0.3815835678476718,0.04437513791443361,0.04405707470650588,0.051774161994323054,0.044216106310469745,-0.04437513791443361,-0.04405707470650588,-0.044216106310469745,-0.007399024079889446,-0.00771708728781717,-7.117081165313721,-2.1039419174194336,-9.221023082733154,-428.919921875,222.0947265625,-206.8251953125,1.994986411415142,1.9958807071844857,1.9960735773214229,0.12114788043198259,0.12107545006285746,0.8802696775496108,-7.243036912513157e-05,0.13085410833641392,0.13070427199773843,-0.00014983633867548043,0.0002907203385407387,0.000565571907015826,0.0002748515684750873,0.003525527099537268,0.0027212853941138704,-0.0008042417054233628,-0.0005519571913871618,0.006027159554634483,-0.00019287013693713995,-1.9822851522459835,-1.9816046947007888,1.9816046947007888,192.329925220142,0.15402690040835032,-0.010651738272404173,-0.1646786386807545,0.045032208709011846,-0.0031587381285563287,-0.04819094683756817,181.54812192805736,-0.16467863868075416,0.004772259507297033,0.2028603480923926,-0.06324846463455788,0.8102782276655481,SAD,Placebo,0,Female,0,25,0.0
N154,phase3_reinstatement,phase3_reinst_memory_fear_network,27,12684,0.031806365142605264,0.027120361086883205,0.031214654466254266,0.05622908379504982,0.0495755173544985,0.0624407062247756,0.9681936348573947,-0.0046860040557220595,0.004094293379371061,-0.002638857366036529,-0.0002209720054127673,0.8526706034651194,0.9813961611878752,-0.0005917106763509983,-0.0005917106763509983,-0.0005917106763509983,0.4988285011297783,0.5078030300502988,0.006631531180077088,0.006631531180077088,0.003315765590038544,0.00897452892052053,0.9999101746897072,0.002342997740443442,0.015606060100597619,0.011924233891531327,0.02066810809016388,0.5574990730846502,0.004547824855986982,0.0017936881420272759,0.015682672973414524,0.010537636396861172,-0.005145036576553352,0.045594375761837336,0.01047744743158463,-0.035116928330252706,0.0037225821307226292,0.03323604033747787,0.029513458206755244,-0.004118754355984633,0.027967222139047287,0.03208597649503192,0.015317157190316505,0.017535111526788952,0.01937175824100413,0.5693894152046002,0.4306105847953998,0.09055490504739551,0.10529830027899645,0.09803497403137545,0.09792660266319597,-0.09055490504739551,-0.10529830027899645,-0.09792660266319597,-0.007480068983979946,0.007263326247620994,5.095457553863525,-4.8033766746521,0.2920808792114258,-1298.984375,200.31640625,-1098.66796875,1.9888349531770557,1.990402064244955,1.990562961208778,0.12361910550903235,0.12353759303097486,0.8796198266883893,-8.151247805748829e-05,0.14414072281035806,0.14770992017098916,0.003569197360631087,-0.00040228054293837636,0.00132914635270497,0.0017314268956433465,-0.000863420371172513,0.005439376301346582,0.006302796672519088,0.006720595696890631,0.0030679091347732613,-0.00016089696382315388,-1.9593483067425237,-1.9585956991023497,1.9585956991023497,182.29371221620397,-0.3018286179656261,-0.22634084967303691,0.07548776829258919,-0.058998135293054754,-0.04478959181225604,0.014208543480798717,180.3817635489267,0.07548776829258902,-0.007434822353549256,-0.11730092206553588,0.016837307259821077,1.087799575136323,SAD,Oxytocin,1,Male,1,19,1.0
N155,phase3_reinstatement,phase3_reinst_memory_fear_network,27,12684,0.06325000649945223,0.035177149834567545,0.06939125538101465,0.14048937707733083,0.06764640851950565,0.12518925355741556,0.9367499935005478,-0.028072856664884682,0.034214105546447104,-0.01096580389166113,-0.04407154603887023,0.5561603266122815,1.097094660546304,0.006141248881562422,0.006141248881562422,0.006141248881562422,0.49298224671006496,0.5173408561736172,0.010323102883682211,0.010323102883682211,0.005161551441841106,0.024358609463552283,0.999495033533347,0.014035506579870072,0.034681712347234495,0.018203664753218878,0.04302602247634226,0.36206133134106827,-0.0018370831577342822,-0.0019317945953876135,-0.010664371165912845,-0.0025708255671003932,0.008093545598812452,0.019745769752490983,-0.03636802413392992,-0.056113793886420904,-0.030154543306079806,0.05994427444601094,0.09009881775209075,-0.024822357723123384,0.06122968722956114,0.08605204495268452,0.035429812254813765,0.0406796462992219,0.04369675835268779,0.6972937238799023,0.3027062761200977,0.11291424911931068,0.11363795863273506,0.20891329373171816,0.11327610387602287,-0.11291424911931068,-0.11363795863273506,-0.11327610387602287,-0.09599904461240748,-0.0952753350989831,-6.812679290771484,-7.82862663269043,-14.641305923461914,-1610.33984375,453.6171875,-1156.72265625,1.974802608553405,1.9854444603282198,1.9832684501001479,0.12761705599478984,0.12854589574777975,0.8781260258345928,0.0009288397529899073,0.15399998634248557,0.15506491506773584,0.0010649287252502866,0.003527560298258654,0.0011163712268292244,-0.00241118907142943,0.01791345982014983,0.008211871149662126,-0.00970158867048767,-0.003785865609993548,0.014217079078340347,0.0021760102280719007,-1.913877194719133,-1.9221944538287676,1.9221944538287676,169.42142778064206,0.6530128368324821,0.7548518878761113,0.10183905104362923,0.09724422077437103,0.1074429457724788,0.01019872499810777,165.03288620049827,0.10183905104363111,-0.04955292461527614,-0.640338104851583,-0.21833000138216035,1.1169981616346856,SAD,Oxytocin,1,Female,0,26,1.0
N156,phase3_reinstatement,phase3_reinst_memory_fear_network,27,12684,0.04335400788315569,0.030718869227746803,0.048538674973475304,0.07591750734372887,0.07221620544127355,0.10139094537016269,0.9566459921168443,-0.012635138655408884,0.0178198057457285,-0.0037252357825446336,0.010886068061989246,0.7085587617400967,1.1195888488188774,0.005184667090319617,0.005184667090319617,0.005184667090319617,0.4968412573596135,0.5121322868615745,0.008973544221188012,0.008973544221188012,0.004486772110594006,0.01529102950196104,0.9997732306247895,0.0063174852807730275,0.024264573723149052,0.01504558555290185,0.02709600348757714,0.4310741301009518,-0.0017211866083599934,0.0058712976690128,-0.006599020015873647,0.006461893245645722,0.013060913261519369,0.00084060979604339,0.05785797214833854,0.05701736235229515,-0.014077478818777078,0.044100086539466815,0.05817756535824389,-0.010777968810840255,0.040869139916643954,0.05164710872748421,0.020917223681246305,0.04672113836188058,0.04583325388672386,0.62598001601568,0.37401998398432,0.11561556383666481,0.1391688107659213,0.1304838567189633,0.12739218730129306,-0.11561556383666481,-0.1391688107659213,-0.12739218730129306,-0.014868292882298476,0.008684954046958016,-8.660355567932129,2.3722896575927734,-6.2880659103393555,116.412109375,-344.97265625,-228.560546875,1.9826675983233923,1.9888862511976808,1.9872914474239711,0.12504133929829103,0.12578494151098946,0.8789652424922544,0.0007436022126984243,0.1519193935068351,0.15865814630001676,0.00673875279318167,0.0013569401190911396,0.0026042455350517267,0.0012473054159605871,0.006019405950247608,0.0060188252515711305,-5.806986764986255e-07,0.006738462443843421,0.020470934954495177,0.0015948037737096854,-1.9387527724504958,-1.945532243314525,1.945532243314525,160.8737121837929,-0.16180191654663462,-0.3615748586780715,-0.19977294213143687,-0.031114516959084324,-0.06514048637711485,-0.03402596941803053,157.41946994930186,-0.1997729421314389,0.014500960038669667,0.021141970208965438,-0.1892019570269562,1.6751149305875357,SAD,Placebo,0,Male,1,19,1.0
N157,phase3_reinstatement,phase3_reinst_memory_fear_network,27,12684,0.050528505271590696,0.041827983054583684,0.04488710982975397,0.09187738438353693,0.06776533190194639,0.06736216495898262,0.9494714947284093,-0.008700522217007012,0.0030591267751702844,-0.00717095882942187,-0.024313635953072427,0.8278094622364883,0.8883520441573598,-0.005641395441836727,-0.005641395441836727,-0.005641395441836727,0.4978248831669274,0.5112198936513458,0.009044776818273204,0.009044776818273204,0.004522388409136602,0.01339501048441838,0.9998115440236091,0.004350233666145176,0.022439787302691583,0.016022050086873928,0.033352657101272894,0.45595216654833526,-0.0032251319609191815,0.00030868976641872434,-0.006918750829811943,-0.015023803253519485,-0.008105052423707543,-0.04905137455841979,0.010043869462929678,0.05909524402134947,-0.011820115940087222,0.032892939072169364,0.044713055012256586,-0.008360740525181251,0.040404840698929106,0.04876558122411036,0.03262031076306759,0.03545629816664107,0.03373632873481332,0.5934615869919662,0.40653841300803384,0.12540714008204723,0.09660203124090457,0.10024690118943372,0.11100458566147589,-0.12540714008204723,-0.09660203124090457,-0.11100458566147589,0.025160238892613512,-0.003644869948529153,-4.725254684686661,-1.1407658159732819,-5.866020500659943,683.99609375,-185.0,498.99609375,1.983257897835209,1.9842704678967684,1.9863687667227252,0.12633697962570814,0.12548517125375386,0.8790280276624084,-0.0008518083719542824,0.15606607797920236,0.14760177529813434,-0.008464302681068021,-0.0032207650979027068,0.0008119949562676214,0.004032760054170329,-0.017635455105431186,0.001871378360744913,0.01950683346617607,0.0012891140520200142,0.038564031199933305,-0.0020982988259568014,-1.9414816568929711,-1.9337419626251777,1.9337419626251777,167.82806024024475,0.12436922108454897,-0.17783653066408173,-0.3022057517486307,0.02084991014685425,-0.03139085862584666,-0.05224076877270091,166.94047117830237,-0.3022057517486312,0.1302775711976197,0.419043460995192,-0.0926840212510352,0.7484486094614763,SAD,Oxytocin,1,Female,0,20,0.0
N158,phase3_reinstatement,phase3_reinst_memory_fear_network,27,12684,0.04085165582345862,0.05415644010856191,0.04646750525323018,0.10812977724529493,0.09962621916603814,0.10484944392120726,0.9591483441765414,0.013304784285103288,-0.0076889348553317305,0.009460316857437423,-0.00589194570167223,1.3256849877946266,1.1374690435890797,0.005615849429771558,0.005615849429771558,0.005615849429771558,0.5033261470059612,0.5116147864731556,0.014940933479116847,0.014940933479116847,0.0074704667395584234,0.014940933479116847,0.9997893972021696,0.006652294011922466,0.023229572946311228,0.02132384309314412,0.022963739813339705,0.6600348190984755,-0.0002996569337821746,0.009971900921655221,-0.002807153270899837,0.03728502136861017,0.04009217463951001,-0.012065859394049139,0.0460823781629478,0.05814823755699694,0.010672198868000027,0.04921442136714338,0.03854222249914335,0.012075775503449945,0.030571910682838294,0.01849613517938835,0.019717686495213823,0.05416841203726622,0.06081055045668413,0.3857998212647451,0.6142001787352549,0.10636893539656951,0.16605850060722244,0.14561248183996373,0.13621371800189597,-0.10636893539656951,-0.16605850060722244,-0.13621371800189597,-0.039243546443394214,0.02044601876725871,-39.064523696899414,35.56180381774902,-3.5027198791503906,-155.412109375,1205.876953125,1050.46484375,1.9864151734336355,1.984101873124687,1.9819461709626056,0.12529122034874354,0.12614541374102017,0.8793633636852605,0.0008541933922766309,0.14984574622560567,0.16679206519567252,0.01694631897006684,0.0032382155399649317,0.009811150514378662,0.006572934974413731,0.012374739964260473,0.03358772700807777,0.021212987043817258,0.02755281249197547,0.05049764251309559,0.0021557021620814965,-1.9354786657093754,-1.9432502173012285,1.9432502173012285,181.4629484840459,-0.2738907131378264,0.07041441916340876,0.34430513230123516,-0.047160906792552665,0.01147917883963715,0.058640085632189816,179.1455663633481,0.3443051323012356,-0.17690831548523286,-0.6715175686505095,0.008546347975980806,1.0218556276637925,SAD,Placebo,0,Male,1,18,0.0
N201,phase3_reinstatement,phase3_reinst_memory_fear_network,27,12684,0.022441150437928048,0.020477521141092137,0.032256217502442563,0.041378263123125925,0.03722259974410691,0.05380452295254268,0.977558849562072,-0.0019636292968359115,0.011778696361350427,0.003925718883839302,0.004135298225198869,0.9124983174436405,1.437368517179084,0.009815067064514515,0.009815067064514515,0.009815067064514515,0.4995090928335293,0.5080633552521198,0.007572448085649053,0.007572448085649053,0.0037862240428245264,0.008554262418590475,0.9999058475484992,0.000981814332941422,0.016126710504239528,0.014062009543841354,0.024471732430024894,0.5040630396187066,0.0069021805577057635,-0.007189873592834664,0.029667307153163902,-0.029887823534813368,-0.05955513068797727,0.04261281646193171,-0.05785239192675917,-0.10046520838869089,0.013381575449689792,0.014632185447168183,0.0012506099974783913,-0.001452078126892159,0.029576097214574867,0.031028175341467026,0.017484918777540725,0.026837150545033363,0.041244260443302705,0.5254070108737933,0.47459298912620673,0.0739828724575913,0.07256182380807369,0.061810995308532846,0.0732723481328325,-0.0739828724575913,-0.07256182380807369,-0.0732723481328325,0.012171877149058458,0.010750828499540843,-1.9658660888671875,8.406208038330078,6.440341949462891,-1510.666015625,362.8203125,-1147.845703125,1.9901665833782631,1.9940112375272445,1.990657652522965,0.12222034396939074,0.12364015311777356,0.8797607601308295,0.001419809148382814,0.13891016706498596,0.13992512721551997,0.0010149601505340042,-0.002766702276302338,-0.0010540363828554552,0.0017126658934468828,-0.01269977827573357,-0.0028872481448222187,0.009812530130911323,0.005921225215989666,0.012933558335441341,0.0033535850042796245,-1.9584014350205223,-1.9715700870893165,1.9715700870893165,186.59846787621797,0.22656133950421495,0.38284206417254774,0.1562807246683328,0.05139288017442435,0.07254414867272856,0.021151268498304204,185.01610998102754,0.15628072466833373,0.14417109161154043,0.6781582961792966,0.49535987275798204,1.7754610571820957,HC,Placebo,0,Male,1,45,0.0
N203,phase3_reinstatement,phase3_reinst_memory_fear_network,27,12684,0.032657332541490836,0.032163904192516246,0.03669944218146748,0.060060123076306426,0.06312413697769448,0.06214977968908042,0.9673426674585092,-0.0004934283489745894,0.004535537988951233,0.0017743406455010269,0.0025768352570810227,0.98489043165874,1.123773072926592,0.004042109639976643,0.004042109639976643,0.004042109639976643,0.49987664291525924,0.5091738309213524,0.009050473836611617,0.009050473836611617,0.004525236918305808,0.009297188006093138,0.9998785552108048,0.00024671416948152114,0.018347661842704754,0.016047856152408425,0.020880531671409665,0.6865354503782141,-0.0009155779841218721,-0.0017530216935386328,0.003255429901310225,-0.0042462492103688965,-0.0075016791116791215,0.003262714846100856,-0.04214482891294813,-0.045407543759048985,0.0015739371089951437,0.03002636554129237,0.028452428432297228,-5.3777841659968795e-05,0.03214949014647682,0.03220326798813679,0.021157109027826117,0.030747295849569277,0.044280976838827396,0.4881595705966156,0.5118404294033845,0.09200684433466895,0.1050035519155578,0.08887721550544009,0.09850519812511338,-0.09200684433466895,-0.1050035519155578,-0.09850519812511338,0.0031296288292288615,0.01612633641011771,-2.9210128784179688,-7.9448957443237305,-10.8659086227417,-1062.724609375,-223.1552734375,-1285.8798828125,1.9879332645893657,1.9895531811056242,1.9884770829033993,0.12380338078791585,0.1243596538956233,0.8795243152904485,0.0005562731077074501,0.1447410475166484,0.1484234129624295,0.0036823654457810856,-0.0010835143171986032,9.894872365409118e-06,0.001093409189564012,-0.007806814406172702,0.00021688703641697948,0.008023701442589723,0.007694216167075947,0.009383018057759372,0.0010760982022248733,-1.9517776407219318,-1.9568958485641335,1.9568958485641335,171.98013327473674,-0.06122162257710058,-0.47397535535847723,-0.41275373278137667,-0.013584906327104558,-0.09740096885416935,-0.08381606252706479,158.1268385559579,-0.4127537327813756,0.3131598217891809,1.522744766777704,0.34861865060747643,1.1315396006654814,HC,Oxytocin,1,Female,0,22,1.0
N204,phase3_reinstatement,phase3_reinst_memory_fear_network,27,12684,0.035063185989046786,0.03931234845683018,0.03580889506074736,0.07838393635236318,0.07453601150295353,0.07564105323978115,0.9649368140109532,0.004249162467783396,-0.003503453396082823,0.0024974357697419847,-0.0032954039809958424,1.1211855436427063,1.0212672875551194,0.0007457090717005732,0.0007457090717005732,0.0007457090717005732,0.5010622890186102,0.5089512672853069,0.010013556303917093,0.010013556303917093,0.005006778151958546,0.010013556303917093,0.9998827695939924,0.002124578037220326,0.01790253457061386,0.017585440953028914,0.021582190778039592,0.9597086836599343,0.0020566517443915927,-0.00044555896825509186,0.0021057773015396575,-0.007220152410595648,-0.009325929712135306,0.024476797595663013,0.004511917483542183,-0.01996488011212083,0.004739092871104522,0.02787460148042531,0.023135508609320787,0.0036862042203346934,0.031484677685723134,0.02779847346538844,0.020964758022282187,0.014691022610299184,0.029702744736247885,0.40199838936242926,0.5980016106375707,0.12009435420158691,0.11909341767394534,0.10790443345040782,0.11959388593776613,-0.12009435420158691,-0.11909341767394534,-0.11959388593776613,0.012189920751179098,0.011188984223537521,0.7159252166748047,-15.75621747970581,-15.040292263031006,-566.568359375,34.7451171875,-531.8232421875,1.9885385682090446,1.9873434729144197,1.9871620874984726,0.1243049289078889,0.1244058812771074,0.8795884393123095,0.00010095236921850437,0.1522450139654133,0.1520912996521785,-0.0001537143132348054,7.186086070429353e-05,-0.0016712197662152994,-0.001743080626919593,-0.0007316645352596629,-0.004909379575864431,-0.004177715040604768,-0.0022425718335371894,0.009905726396883726,0.00018138541594714397,-1.9513531924377252,-1.9522802869253728,1.9522802869253728,171.0602086716381,0.10828586910391996,0.014708088437076907,-0.09357778066684305,0.021682009876157527,0.0029060932703638565,-0.01877591660579367,167.935445446663,-0.09357778066684239,-0.10864533666041828,-0.7353342670701755,-0.4612449142019301,0.8095388543270073,HC,Placebo,0,Female,0,28,0.0
N206,phase3_reinstatement,phase3_reinst_memory_fear_network,27,12684,0.36195965097930005,0.050701936945064974,0.35315179432094757,0.3764674751817838,0.08315213467660182,0.37541192286296426,0.6380403490207,-0.3112577140342351,0.3024498573758826,-0.16003278534629378,-0.14718544641200076,0.14007620851419833,0.975666165023687,-0.008807856658352486,-0.008807856658352486,-0.008807856658352486,0.42280777486270693,0.5873816715993692,0.01018944646207609,0.01018944646207609,0.005094723231038045,0.16457389673666223,0.9802964709859053,0.15438445027458614,0.17476334319873832,0.016682509552047017,0.2951060585499933,0.05420334283147859,0.006520265175983401,0.005287456413048561,0.02024060506866665,-0.0025215892229336623,-0.022762194291600313,0.06329947355112553,0.07679252904023393,0.013493055489108396,-0.2683032464636129,0.3105277734905734,0.5788310199541863,-0.27842354899794625,0.31178856810204025,0.5902121170999866,0.06752525363379817,0.0596249248147624,0.10706483844928594,0.9429785303302604,0.057021469669739644,0.10660969220866709,0.11523588803141764,0.36635147237245225,0.11092279012004236,-0.10660969220866709,-0.11523588803141764,-0.11092279012004236,-0.25974178016378513,-0.2511155843410346,-92.02364873886108,-7.9254536628723145,-99.9491024017334,-10963.7802734375,1044.8271484375,-9918.953125,1.8543003656372075,1.9366315609319458,1.9403126235986636,0.17155139360470298,0.16978372339760267,0.8646312249969256,-0.001767670207100308,0.19679788905941858,0.19699294188956096,0.00019505283014237956,-0.0008709985571176501,0.0016033304865202876,0.002474329043637938,-0.005103540855117605,0.006016657699269956,0.011120198554387575,0.005755152107336167,0.009477768531955538,-0.0036810626667178603,-1.5871608292777162,-1.5746719099526456,1.5746719099526456,162.38186391332397,2.5401587658889495,2.381176267020443,-0.15898249886850646,0.14632889562902754,0.13863240478463737,-0.007696490844390169,160.95253199841684,-0.15898249886850793,0.009071110354706237,-0.29376047869866884,-0.3058627382178424,0.9435827963909682,HC,Placebo,0,Male,1,38,0.0
N207,phase3_reinstatement,phase3_reinst_memory_fear_network,27,12684,0.08729513382812715,0.037958093008183535,0.07937586948507158,0.15115341002451566,0.07958663334979038,0.12055277523404706,0.9127048661718729,-0.04933704081994361,0.041417776476888046,-0.02862815258149959,-0.051083705732596935,0.43482479486966785,0.9092816164133072,-0.007919264343055565,-0.007919264343055565,-0.007919264343055565,0.48766824113286267,0.519833554974489,0.007501796107351688,0.007501796107351688,0.003750898053675844,0.03216531384162635,0.9992129221023212,0.024663517734274665,0.03966710994897804,0.01214453744667704,0.05550988232951054,0.18907486978515342,-0.00673045904200908,0.00751591707061316,-0.039294052972253635,0.037069303809610654,0.07636335678186429,-0.01074935921766651,0.04258740639729186,0.05333676561495837,-0.06301237136896032,0.08618907168099291,0.14920144304995323,-0.0433653448828335,0.06765441977618758,0.11101976465902108,0.05648278702742476,0.0163857855676912,0.058716552246545234,0.8320390965473482,0.1679609034526518,0.1170514069115145,0.14778759092049304,0.17302087352450435,0.13241949891600377,-0.1170514069115145,-0.14778759092049304,-0.13241949891600377,-0.05596946661298985,-0.02523328260401131,-15.69256067276001,0.9857711791992188,-14.706789493560791,-94.1875,616.462890625,522.275390625,1.9671832688683517,1.9805948761311725,1.9832125132310054,0.13086869252296734,0.1296748579243378,0.8773082465790369,-0.0011938345986295396,0.15826550284984872,0.16505911660516323,0.006793613755314506,0.0007892440777897962,-0.001656508225800886,-0.002445752303590682,0.0013380302903356067,-0.003289139673676028,-0.004627169964011614,0.004480028773308699,0.022482782986986083,-0.002617637099832981,-1.903836643745934,-1.8932997423030453,1.8932997423030453,155.6293558999814,0.281187883680046,0.3925211881974098,0.11133330451736378,0.03784097666798904,0.055584500716355754,0.017743524048366717,155.40165723404291,0.11133330451736409,-0.05124509781806137,-0.1372679471385782,0.04269933094807497,0.6163706043338937,HC,Placebo,0,Male,1,38,1.0
N209,phase3_reinstatement,phase3_reinst_memory_fear_network,27,12684,0.02517256746778529,0.011067803599060677,0.02715499639686214,0.039164557033012415,0.02368148288954791,0.03828503844935721,0.9748274325322147,-0.014104763868724612,0.016087192797801464,-0.0060611674698238804,-0.008181296363559853,0.4396770101601532,1.0787531166251791,0.0019824289290768515,0.0019824289290768515,0.0019824289290768515,0.4964738674913074,0.5067883319648335,0.003262199456140924,0.003262199456140924,0.001631099728070462,0.01031446447352613,0.9999155784199791,0.007052265017385206,0.013576663929667054,0.006074814569968945,0.01990028613267665,0.26858298136648656,0.0029845534914681436,0.000681586442514028,0.011234459670507652,0.0036141560189720534,-0.007620303651535598,0.018903439171103154,0.014914314662870742,-0.003989124508232411,-0.007832651464168339,0.02740658844884608,0.03523923991301442,-0.013449881299422164,0.025599510439360054,0.03904939173878222,0.008519020818845735,0.0173345502509067,0.02092747068154202,0.7797476882236057,0.22025231177639426,0.04535745786765233,0.052675532489104684,0.045513789277489544,0.04901649517837851,-0.04535745786765233,-0.052675532489104684,-0.04901649517837851,-0.00015633140983721538,0.00716174321161514,-15.940332412719727,-0.48610973358154297,-16.42644214630127,-586.7109375,634.013671875,47.302734375,1.9895372556969715,1.9949662282859701,1.994289746181154,0.12241105140993672,0.12269697603737247,0.8796941728261324,0.0002859246274357491,0.13234871781889818,0.13430576837686764,0.001957050557969471,0.0003082729190399668,-0.000667476020838735,-0.0009757489398787018,0.00012404351671657654,-0.0036179713735146612,-0.0037420148902312517,8.604311285384525e-05,0.002667551156925466,0.0006764821048161895,-1.9671347497842917,-1.9697936608181847,1.9697936608181847,207.9827236258685,-0.13064402231238667,-0.041315309520437334,0.08932871279194934,-0.026242772617698612,-0.008004495186837003,0.018238277430861607,198.07634664054328,0.08932871279194979,-0.12429370333771014,-0.5653662896337236,-0.193354432024912,0.3818985343623374,HC,Placebo,0,Female,0,37,1.0
N210,phase3_reinstatement,phase3_reinst_memory_fear_network,27,12684,0.04943351100024851,0.058636581530031595,0.07768031626644611,0.07987166653889105,0.10268964949286685,0.11495207448276246,0.9505664889997515,0.009203070529783086,0.01904373473641452,0.018724937897990346,0.028949195448923604,1.186170443528326,1.5714097376566722,0.028246805266197605,0.028246805266197605,0.028246805266197605,0.5023007513936681,0.5194103195179134,0.02171107091158153,0.02171107091158153,0.010855535455790766,0.02171107091158153,0.9994486760105623,0.004601502787336287,0.038820639035826776,0.03325987518038744,0.036814958230913346,0.841634587042366,-0.001154097845158727,-0.0008697618590155366,-0.006446856200065937,-0.002688694303936756,0.0037581618961291807,0.013230233114727374,-0.05826039022653795,-0.07149062334126532,0.004599736083692935,0.057352239025080604,0.05275250294138767,0.007823164183725903,0.05869658617704898,0.05087342199332308,0.026833933377317935,0.05958267673729574,0.060313877797337656,0.4458496444271691,0.5541503555728309,0.12036292335064595,0.17008044653992754,0.07233533212076082,0.14522168494528676,-0.12036292335064595,-0.17008044653992754,-0.14522168494528676,0.04802759122988513,0.09774511441916672,-8.329166412353516,-6.4253692626953125,-14.754535675048828,-1870.330078125,3484.939453125,1614.609375,1.9780755734903617,1.9844432191435692,1.9749116873126398,0.12619711728619612,0.13042214953778042,0.8784758675872414,0.004225032251584299,0.15442069881141426,0.17300042760611628,0.01857972879470203,-0.0008354724396132249,-0.006941469746397263,-0.006105997306784039,-0.006431423775198092,-0.0408188733391861,-0.034387449563987996,0.0013860040127080323,0.07116687107474946,0.009531531830929474,-1.8972313710461937,-1.9350097081433209,1.9350097081433209,169.17819697846227,0.13847433901910297,0.2553565702824424,0.11688223126333944,0.02297585162027657,0.0337117119568386,0.010735860336562028,169.0618460683298,0.1168822312633385,0.06094886522721135,-0.050808606711370524,0.09147792790765324,1.6989762595965667,HC,Oxytocin,1,Male,1,22,0.0
N211,phase3_reinstatement,phase3_reinst_memory_fear_network,27,12684,0.03288429676326088,0.030579907511370297,0.04533721290174042,0.07322392601751038,0.06494301969082655,0.08317304876052606,0.9671157032367391,-0.0023043892518905817,0.014757305390370123,0.00507426344329448,0.000834108208165929,0.9299240434508684,1.3786884190118376,0.012452916138479542,0.012452916138479542,0.012452916138479542,0.49942390294196026,0.5113323621877839,0.010756265129744147,0.010756265129744147,0.0053781325648720735,0.011908459245823622,0.9998142309145868,0.0011521941160794746,0.02266472437556777,0.019041482295531452,0.02669457263509186,0.659052579575059,0.003970363986574315,-0.00047603687995719836,0.01960517624361796,-0.009682088292482433,-0.029287264536100394,0.011526623201517538,0.011934990420133684,0.0004083672186161458,0.007621970337012257,0.03542253822961841,0.027800567892606154,-0.0021806177847967234,0.04026358237585963,0.04244420016065635,0.019432413984360936,0.032807894789361254,0.03929665879934068,0.5531418413328856,0.4468581586671144,0.11740777746794594,0.10900049355250238,0.11377385510016097,0.11320413551022415,-0.11740777746794594,-0.10900049355250238,-0.11320413551022415,0.003633922367784967,-0.004773361547658589,-9.861083984375,0.5346469879150391,-9.326436996459961,-806.462890625,-169.341796875,-975.8046875,1.9859955984359872,1.9909288550003004,1.9865858269417114,0.1236788270767475,0.12551074729232425,0.8793188466417018,0.0018319202155767517,0.15099240920540818,0.1507389131775591,-0.00025349602784905875,0.0005699693360743765,0.0008208992397789003,0.00025092990370452386,0.005625311351894952,-0.0002549980609903857,-0.005880309412885344,-0.003193650734291731,0.018846052595702302,0.0043430280585889935,-1.941248614039971,-1.9580445582370394,1.9580445582370394,165.45304969251134,-0.0025769512648823774,0.31361176646259337,0.31618871772747575,-0.0005380072276144115,0.05604797535872226,0.056585982586336674,165.45302557969583,0.3161887177274759,0.06567641746126925,0.10544955239556703,0.3689134939252594,0.7194267232388701,HC,Placebo,0,Male,1,35,0.0
N212,phase3_reinstatement,phase3_reinst_memory_fear_network,27,12684,0.01605979323510076,0.014509533093832738,0.019430438646403148,0.03364741318156095,0.029483646665625696,0.03503685626933273,0.9839402067648992,-0.0015502601412680228,0.004920905552570409,0.0009101926350171818,-0.001387161714081736,0.903468920597999,1.2098802433603562,0.0033706454113023865,0.0033706454113023865,0.0033706454113023865,0.4996124350423028,0.5048574568380868,0.004469891880389598,0.004469891880389598,0.002234945940194799,0.005245021795784011,0.9999657425358262,0.0007751299153944124,0.009714913676173609,0.008355093849690853,0.014104295525636773,0.5350709633428908,0.0006405758924421391,0.000753769545125571,-0.0027811148591836976,0.006290668279884615,0.009071783139068312,0.008139179993176815,0.01007357222145322,0.0019343922282764048,-0.0029474119855877057,0.02141237639531987,0.024359788380907577,-0.0015568545559958569,0.018267042255377564,0.01982389681137342,0.012963053540502383,0.017157853754194565,0.02402181086267797,0.5436309838976054,0.45636901610239455,0.05905947564569168,0.05671694051801997,0.055959432749946136,0.057888208081855824,-0.05905947564569168,-0.05671694051801997,-0.057888208081855824,0.0031000428957455445,0.0007575077680738312,0.48351383209228516,-1.6355199813842773,-1.1520061492919922,-217.828125,1436.462890625,1218.634765625,1.99374284565988,1.9953242712547103,1.9942195245965717,0.12139726680072052,0.12187542137138734,0.8801385499791726,0.0004781545706668139,0.1344391132099269,0.13441175062231134,-2.7362587615552963e-05,0.00019548210834322902,0.0012691842439760946,0.0010737021356328656,0.0009218091920036586,0.005501259080796295,0.0045794498887925875,0.0022623623567807408,0.004044378219663981,0.0011047466581386445,-1.9747890859501687,-1.9792644780196096,1.9792644780196096,191.30214195497572,0.2696265733249762,0.16164660334247183,-0.10797996998250436,0.07255068433116571,0.03949257525269874,-0.03305810907846697,185.2735005603907,-0.10797996998250431,0.13224660462834018,0.3838617359752754,0.08395089800513339,0.7777119442222077,HC,Oxytocin,1,Female,0,25,0.0
N213,phase3_reinstatement,phase3_reinst_memory_fear_network,27,12684,0.007624837024860831,0.008600908403375906,0.009693859897515589,0.018443640448211007,0.015800397389714116,0.019081310691104636,0.9923751629751392,0.0009760713785150754,0.0010929514941396823,0.0015225471255849166,-0.0010027864078016313,1.1280106178304463,1.2713513944487984,0.0020690228726547577,0.0020690228726547577,0.0020690228726547577,0.5002440178252554,0.5024234459966211,0.0026674638218766034,0.0026674638218766034,0.001333731910938274,0.002667463821876548,0.9999914409834418,0.00048803565051080966,0.004846891993242286,0.005173443418659135,0.005890996817480287,0.9043225274733013,-0.0004898845821678073,-0.00019278705801361622,-0.0005527733126673429,-0.000211263326451272,0.00034150998621607087,-0.00788076867345644,-0.010644717129513315,-0.002763948456056875,0.0006729709921683424,0.00929189752559062,0.008618926533422278,0.0009493576485020139,0.009397529188816256,0.008448171540314242,0.0042677758400295855,0.006721154433195623,0.007188990535361705,0.44634942783362436,0.5536505721663756,0.024218657618015005,0.02624702154312296,0.028172810082983737,0.025232839580568982,-0.024218657618015005,-0.02624702154312296,-0.025232839580568982,-0.003954152464968733,-0.0019257885398607788,-7.939643323421478,-2.3450410962104797,-10.284684419631958,-53.49609375,806.73828125,753.2421875,1.9971094150474582,1.9974818914541683,1.9967562435497581,0.12027198623670395,0.12056799488522944,0.880493250880876,0.0002960086485254976,0.12547534743172672,0.12622223141471597,0.0007468839829892198,0.00042838332232481924,0.00018542289535114365,-0.00024296042697367556,0.001555088606761637,0.0009913576905075383,-0.0005637309162540675,0.00046501852486218603,0.0019990928338942107,0.0007256479044102093,-1.9870623836522425,-1.9898570544293075,1.9898570544293075,228.61816346641933,-0.06959107999031855,0.2003920405636337,0.26998312055395224,-0.02564099101268596,0.06578689319377107,0.09142788420645703,196.54922654646356,0.2699831205539527,-0.0713489676319911,-0.23012195305663213,0.15492214402563664,0.5203714948877479,HC,Oxytocin,1,Male,1,20,0.0
N214,phase3_reinstatement,phase3_reinst_memory_fear_network,27,12684,0.06404239744663609,0.06333389702110448,0.06749076340756721,0.1121221415351793,0.09981441146341097,0.11391909654570986,0.9359576025533639,-0.0007085004255316107,0.004156866386462732,0.0013699327676997552,-0.005255387530618882,0.988936855221722,1.0538448833892526,0.0034483659609311212,0.0034483659609311212,0.0034483659609311212,0.4998228749010264,0.5168662891711852,0.01668916407221155,0.01668916407221155,0.008344582036105774,0.017043414270158763,0.9995894709439864,0.0003542501979472146,0.03373257834237031,0.024854099700208673,0.052037332436054226,0.4553969015918199,-0.0005202208090230283,-0.003199437944131636,-0.039517807609959654,-0.007997004774727479,0.031520802835232176,0.07361284068740348,0.008659756721366652,-0.06495308396603683,-0.02934628003302922,0.055297073241103,0.08464335327413222,-0.009587376228049393,0.05929557562846674,0.06888295185651613,0.0573076876231946,0.05290523027775925,0.06921472372484104,0.4973618314917062,0.5026381685082938,0.15837199703819188,0.1287562279782653,0.1397274574835421,0.1435641125082286,-0.15837199703819188,-0.1287562279782653,-0.1435641125082286,0.018644539554649786,-0.010971229505276792,2.2428563833236694,7.748024940490723,9.990881323814392,1105.537109375,-1490.880859375,-385.34375,1.9775194892095214,1.9795120608416035,1.9772809038040078,0.12836760996203347,0.12900443061550984,0.878416489748543,0.0006368206534763665,0.16456243380983476,0.15948482865602542,-0.005077605153809339,0.011852571743445336,0.0019763991880604776,-0.009876172555384859,0.04513820433911098,0.01094005557044539,-0.034198148768665615,-0.022176679538142147,0.032637659789227794,0.002231157037595688,-1.9097901403964406,-1.9154696633949673,1.9154696633949673,156.14158687773562,-0.3860020298702139,0.503966437958918,0.889968467829132,-0.059996404077319834,0.07829603367733207,0.1382924377546519,155.9699154002605,0.8899684678291324,0.3449818202138296,0.46999352249565995,1.1249652290769625,3.139385720237905,HC,Placebo,0,Male,1,19,0.0
N215,phase3_reinstatement,phase3_reinst_memory_fear_network,27,12684,0.029462860541082936,0.031095476832047053,0.03068863950269607,0.05588078068843744,0.06546077632042924,0.06040981770036247,0.9705371394589171,0.0016326162909641173,-0.00040683732935098416,0.0014291976262886252,0.007054516321958415,1.0554123295178457,1.0416038539049997,0.0012257789616131332,0.0012257789616131332,0.0012257789616131332,0.5004081539820819,0.5076715578004307,0.00807971178251271,0.00807971178251271,0.004039855891256328,0.008079711782512655,0.9999148496888526,0.000816307964163876,0.015343115600861434,0.01445226479473298,0.01883008939150886,0.716430994539056,0.0008608711493138111,-0.0031612556228336184,0.002946009493396018,-0.007147563981824145,-0.010093573475220163,-0.00967730277786838,-0.02910953753092682,-0.01943223475305844,0.002631095579660375,0.02417265676559152,0.021541561185931146,0.0011580908329623663,0.027746438756503594,0.026588347923541228,0.02107690802279454,0.0218960142527406,0.021582925439544345,0.43720962427969745,0.5627903757203025,0.11625550762038324,0.09811560887889915,0.09375256701737976,0.1071855582496412,-0.11625550762038324,-0.09811560887889915,-0.1071855582496412,0.02250294060300348,0.0043630418615193955,-3.8916473388671875,10.461894989013672,6.570247650146484,237.7919921875,79.1259765625,316.91796875,1.9899989050944382,1.9898320762890962,1.9895967368680625,0.12342709550772062,0.12358526506575744,0.8797430216965034,0.00015816955803682475,0.1502751388672658,0.14607675858204217,-0.0041983802852236345,0.0021328418087356894,-0.0007923173306961567,-0.0029251591394318455,0.006363496147225062,-0.00116491714618841,-0.007528413293413465,-0.007962586931930367,0.013420795364682044,0.00023533942103370897,-1.9589080973653665,-1.9603692157480133,1.9603692157480133,166.09579360426474,0.11407769089697534,-0.18209382067891028,-0.2961715115758856,0.02593206416293098,-0.040159420277735586,-0.06609148444066656,162.2148004352422,-0.2961715115758854,-0.17802978442315595,-0.4881527304195228,-0.5402478767856468,1.6106062491613082,HC,Oxytocin,1,Male,1,25,0.0
N216,phase3_reinstatement,phase3_reinst_memory_fear_network,27,12684,0.02117409499224121,0.021010067326824644,0.023827734572251735,0.04186880625905698,0.04440117587862136,0.04906543654878892,0.9788259050077588,-0.00016402766541656622,0.0028176672454270912,0.0012448059572969794,0.00486449995464816,0.9922529114937007,1.1253242855356997,0.002653639580010525,0.002653639580010525,0.002653639580010525,0.4999589930837378,0.5059566518162129,0.005915644899950667,0.005915644899950667,0.0029578224499753336,0.005997658732475042,0.9999488070892152,8.201383252437466e-05,0.011913303632425709,0.010601993624976686,0.013719381141355957,0.7433855200506579,0.0020278507347922365,7.437846516233253e-05,0.004682558366365913,0.002385706162171347,-0.002296852204194566,0.015694489599157868,0.0007156827790916198,-0.014978806820066248,0.001929296055428048,0.022808823458793953,0.020879527403365905,-0.00041198312775490853,0.02161597037770828,0.022027953505463188,0.0076021140878533644,0.0152699503278797,0.017468176314336392,0.4760117526642298,0.5239882473357702,0.07473932006650948,0.07533852250361156,0.06419102891407238,0.07503892128506051,-0.07473932006650948,-0.07533852250361156,-0.07503892128506051,0.010548291152437092,0.011147493589539176,-10.354560852050781,-23.154190063476562,-33.508750915527344,1178.5234375,-3161.990234375,-1983.466796875,1.9922463159214283,1.9932741872314272,1.992393910066868,0.12216349505912343,0.12254297709649138,0.8799805842136358,0.0003794820373679564,0.1394886208574258,0.13960995514183938,0.00012133428441358368,0.005001518383575777,0.0012773265254806074,-0.0037241918580951695,0.02017284512452011,0.006482565035843962,-0.013690280088676149,-0.006723805759924491,0.03495179827365292,0.0008802771645592955,-1.9685661754946162,-1.972100092239186,1.972100092239186,176.25771643217746,-0.17701262403403223,-0.1676552609363074,0.009357363097724836,-0.04589273375281384,-0.04096371240317336,0.004929021349640475,167.41957332203881,0.009357363097724447,-0.10496181288051698,-0.2607643297238099,-0.12102480176418048,0.9994619118521333,HC,Placebo,0,Male,1,20,0.0
N217,phase3_reinstatement,phase3_reinst_memory_fear_network,27,12684,0.03252072245876969,0.045941521870459745,0.04185637977582024,0.06797779019374878,0.07965436485659078,0.08225863548631257,0.9674792775412303,0.013420799411690054,-0.0040851420946395045,0.011378228364370302,0.012978709977702896,1.4126841063221791,1.2870675600214858,0.00933565731705055,0.00933565731705055,0.00933565731705055,0.503355149492879,0.5104625674916037,0.013817716984482697,0.013817716984482697,0.006908858492241321,0.013817716984482642,0.9998258228204043,0.006710298985757923,0.02092513498320736,0.025225226447596137,0.029260294955997516,1.0511277512398782,-0.001007875481469534,0.002519853263227284,-0.0029365908599175705,0.01626391790525017,0.01920050876516774,-0.03364632198113271,-0.008657155334027,0.02498916664710571,0.010937366175443858,0.046176750242414716,0.03523938406697086,0.012405661605402643,0.03804479128978963,0.025639129684386988,0.030448651150761296,0.03030548884220437,0.035786701512112475,0.3223577198291925,0.6776422801708075,0.09611567090279986,0.09249344205392,0.10776808691118975,0.09430455647835993,-0.09611567090279986,-0.09249344205392,-0.09430455647835993,-0.011652416008389885,-0.015274644857269745,16.952686309814453,-17.164573669433594,-0.21188735961914062,51.171875,-945.787109375,-894.615234375,1.988263388654663,1.987017262177974,1.9843347805134397,0.12406388347081691,0.1253758307621241,0.8795592912811586,0.0013119472913071945,0.1461446918647879,0.1465451459256935,0.0004004540609056015,0.0013357146354929929,9.680283397776185e-05,-0.001238911801515231,0.0045335850622396645,0.0028500292012093587,-0.0016835558610303475,-0.00044132386960957226,0.018007393866662336,0.002682481664534331,-1.9424784007376195,-1.9544965397192042,1.9544965397192042,176.94606908091563,-0.19681987736230241,-0.633063545935498,-0.4362436685731955,-0.040531766745512544,-0.11246002233696731,-0.07192825559145477,170.3956533154748,-0.43624366857319685,-0.08713122588668895,0.3672909929330166,-0.25259817210668856,1.5546564376062186,HC,Placebo,0,Female,0,18,0.0
N219,phase3_reinstatement,phase3_reinst_memory_fear_network,27,12684,0.06593377960399516,0.045009223549898336,0.059427018865262804,0.11543589185928421,0.09226768747631764,0.1194429690995833,0.9340662203960048,-0.02092455605409682,0.014417795315364468,-0.013715658396414587,-0.009580563571333744,0.6826427514667088,0.9013135635337715,-0.006506760738732353,-0.006506760738732353,-0.006506760738732353,0.49476905184365716,0.5148523839533966,0.009621435797053768,0.009621435797053768,0.004810717898526884,0.02008333210973945,0.9996422273851301,0.010461896312685681,0.029704767906793217,0.016907485217614704,0.03451348281699476,0.44755536469571117,0.0010698685925610402,-0.0017314247755641499,0.005199359619513733,-0.001561830222807481,-0.0067611898423212136,0.018655229548892538,-0.010597152086669004,-0.029252381635561542,-0.015006317789623191,0.050640052923205725,0.06564637071282892,-0.017605997599380058,0.051420968034609466,0.06902696563398952,0.015024681555809485,0.01823079265053794,0.017569464850753717,0.6937000686596688,0.3062999313403312,0.14621840770552808,0.1312335493051256,0.17070316058722296,0.13872597850532684,-0.14621840770552808,-0.1312335493051256,-0.13872597850532684,-0.024484752881694882,-0.03946961128209736,-14.515777587890625,6.905466079711914,-7.610311508178711,1587.8447265625,299.1142578125,1886.958984375,1.977135896357729,1.9815898619054704,1.9839340427851966,0.12834675311365643,0.12735981702473487,0.8783755157164121,-0.0009869360889215584,0.1631961735955849,0.15843788911955337,-0.004758284476031514,0.0026367374445629473,0.0003742657158755215,-0.0022624717286874258,0.007663832448489671,0.008946781670944787,0.0012829492224551015,-0.004116809864803964,0.025128731743134174,-0.00234418087972621,-1.9245070239199338,-1.9156560823014752,1.9156560823014752,168.54708878133698,0.4331374157902213,0.24582442168742635,-0.18731299410279495,0.06241158274211736,0.037205991590381716,-0.025205591151735644,168.50778847050483,-0.1873129941027944,-0.10423769617739412,-0.20481551706550138,-0.2897207526355451,0.9951528175806017,HC,Oxytocin,1,Male,1,19,1.0
N220,phase3_reinstatement,phase3_reinst_memory_fear_network,27,12684,0.06993759387880172,0.0464932242705125,0.04531709296221831,0.12103158012785542,0.08853480909216321,0.09665615970140595,0.9300624061211983,-0.023444369608289217,-0.0011761313082941927,-0.024032435262436314,-0.028436095731070837,0.6647814865245152,0.647964620588811,-0.02462050091658341,-0.02462050091658341,-0.02462050091658341,0.494139176039993,0.5113273347856089,0.0054665108256019,0.0054665108256019,0.00273325541280095,0.017188158745615856,0.9997653174684125,0.011721647920013956,0.022654669571217756,0.009507365979554379,0.03013043474830899,0.2915392609996897,-0.000984064014544761,-0.0005950242242644994,-0.004580866735738376,-0.0022740307117825875,0.0023068360239557884,-0.020890132291034647,-0.012572087188514991,0.008318045102519656,-0.022913502136623798,0.038500785371972074,0.06141428750859587,-0.02062306876875461,0.03963780072786337,0.06026086949661798,0.020407429921256905,0.01139988532175187,0.019808600993929174,0.823594481903574,0.17640551809642602,0.1278367639641264,0.12694657804662235,0.15513624466442602,0.12739167100537438,-0.1278367639641264,-0.12694657804662235,-0.12739167100537438,-0.02729948070029961,-0.02818966661780367,26.570430278778076,-15.65181016921997,10.918620109558105,-1255.685546875,649.3583984375,-606.3271484375,1.9794081553157716,1.9789759936884073,1.9872059256553487,0.1290889214673308,0.1254404951473894,0.878618056981849,-0.003648426319941417,0.1595161459888676,0.155242322736283,-0.004273823252584599,0.0032581914298527173,0.00091040957662171,-0.0023477818532310073,0.010730405896244521,-0.001740689669171902,-0.012471095565416417,-0.010509371035292807,0.017912521939464243,-0.00822993196694144,-1.9418888326931305,-1.9090383998096057,1.9090383998096057,178.40706705437887,0.19694942359402462,0.20204200310180181,0.005092579507777195,0.02621659550316191,0.03356118989465224,0.007344594391490329,176.91662001417927,0.0050925795077790825,-0.17014576458186478,-1.0865698607971817,-0.5381923508908117,2.2269875559365926,HC,Placebo,0,Female,0,20,0.0
N221,phase3_reinstatement,phase3_reinst_memory_fear_network,27,12684,0.012615031287970813,0.025547738484314353,0.02177304755457632,0.037514638755277996,0.03713889362713696,0.03653017337361436,0.9873849687120292,0.01293270719634354,-0.0037746909297380338,0.011045361731474523,-0.0006801052549023356,2.0251807268102744,1.72595927809909,0.009158016266605506,0.009158016266605506,0.009158016266605506,0.5032331317361136,0.5054430468602368,0.008676178596350337,0.008676178596350337,0.004338089298175196,0.008676178596350392,0.9999421759777612,0.006466263472227229,0.010886093720473555,0.01632033737019775,0.018842420788702074,1.1203759682505645,-0.0010853526629454934,-0.001177294806411614,-0.00536183418894412,0.001934436862455674,0.007296271051399794,-0.006773540188837801,-0.006222345681575536,0.0005511945072622648,0.009204113973266842,0.02172286210388444,0.012518748130617596,0.011885031067738902,0.0207556436726566,0.0088706126049177,0.02130890053423579,0.0191416172448071,0.020289011467997213,0.16066342829745595,0.839336571702544,0.06434763973160229,0.04541287819059768,0.06909012714015056,0.054880258961099986,-0.06434763973160229,-0.04541287819059768,-0.054880258961099986,-0.004742487408548268,-0.02367724894955288,7.370265960693359,-22.700074672698975,-15.329808712005615,442.248046875,-337.0947265625,105.1533203125,1.9951676993118572,1.9939057564391929,1.9908808689012893,0.12118131308281625,0.12248474788478289,0.8802887830653161,0.001303434801966638,0.135491906837299,0.13244559717658058,-0.003046309660718411,0.0004977897700556755,0.00044615570506853166,-5.163406498714382e-05,-0.000611349178981202,0.0030340694709903304,0.0036454186499715255,-0.0012236003357326483,0.009305243779735876,0.003024887537903531,-1.969107821346713,-1.9812907251512222,1.9812907251512222,207.4392220529261,0.006415370234392986,-0.012075961393900766,-0.01849133162829375,0.001752499630448123,-0.002504194052407886,-0.004256693682856009,206.38730420218266,-0.01849133162829382,-0.012627767958085493,0.11101662631710539,0.03701698153025887,0.6539110341757993,HC,Placebo,0,Male,1,29,0.0
N222,phase3_reinstatement,phase3_reinst_memory_fear_network,27,12684,0.029923327300200087,0.039868806752275,0.03118351300540101,0.05730145443754453,0.07068398055961922,0.06546622058937646,0.9700766726997999,0.009945479452074912,-0.00868529374687399,0.005602832578637917,0.010773646136953308,1.3323649816295193,1.0421134745953786,0.0012601857052009224,0.0012601857052009224,0.0012601857052009224,0.5024863493687871,0.5077952465793134,0.01028159594810052,0.01028159594810052,0.00514079797405026,0.01028159594810052,0.9999034111489286,0.0049726987375742215,0.015590493158626817,0.017898018798461784,0.021685454668216933,0.7556861219915042,-0.0005085984225586418,-0.0008092358233419404,-0.0011195379036768593,-0.001334631627378624,-0.00021509372370176472,0.022018882082203484,0.030586282007725174,0.00856739992552169,0.008881011354746449,0.02568794147664938,0.01680693012190293,0.009440780306584878,0.02635525729033869,0.016914476983753812,0.029313148008529317,0.04127631951107115,0.028783325969313645,0.313914332860497,0.686085667139503,0.10391084237346934,0.11420282776263536,0.09625044153880853,0.10905683506805236,-0.10391084237346934,-0.11420282776263536,-0.10905683506805236,0.0076604008346608105,0.017952386223826833,-5.5308074951171875,-17.087291717529297,-22.618099212646484,-1943.939453125,1385.7734375,-558.166015625,1.9907349884024819,1.9879397797312495,1.9874752225639416,0.1236818732829656,0.12386893032911339,0.879820874039881,0.00018705704614779828,0.14748757387078454,0.1511942091005125,0.0037066352297279656,-0.0007760093298001288,-0.0026937413789813714,-0.0019177320491812425,-0.00694156297107934,-0.01006404022046603,-0.0031224772493867042,0.0021453966050346135,0.03773604004622292,0.00046455716730786634,-1.9562917095585406,-1.9580164524310493,1.9580164524310493,167.19312770202012,-0.14283378626896076,-0.07585111967103865,0.06698266659792211,-0.03246163362940408,-0.01692546919325779,0.01553616443614629,159.90199322473563,0.0669826665979219,-0.20051920112443036,-1.3196726555686982,-0.5928536611864271,1.8233056817609998,HC,Placebo,0,Male,1,26,1.0
N224,phase3_reinstatement,phase3_reinst_memory_fear_network,27,12684,0.06391801201042491,0.050184615848793745,0.08087019243864524,0.10487642281521942,0.08980965138167074,0.11941311773585067,0.9360819879895751,-0.013733396161631162,0.030685576589851493,0.0016093921332945849,-0.0002650382564587106,0.7851403136443855,1.2652173814993128,0.01695218042822033,0.01695218042822033,0.01695218042822033,0.4965667049211422,0.5202065367674654,0.01677324168860761,0.01677324168860761,0.008386620844303805,0.023639831846323234,0.999393775287805,0.006866590157715624,0.04041307353493084,0.02877136683536017,0.04855924310408768,0.5029626030563488,0.004211786215127502,-0.011164946416018376,0.0006585898506353549,-0.031213637842320174,-0.03187222769295553,0.05350376931272971,-0.0589964473723642,-0.11250021668509391,-0.013313904767068674,0.0555791144419466,0.06889301920901528,-0.013643199692386351,0.07118593336310669,0.08482913305549304,0.04071892691483047,0.06643148650489202,0.07422729289573307,0.5883192550875068,0.4116807449124932,0.1137999234046126,0.11687134449358974,0.13569690213789676,0.11533563394910118,-0.1137999234046126,-0.11687134449358974,-0.11533563394910118,-0.021896978733284153,-0.018825557644307017,-3.0929625034332275,2.9055299758911133,-0.18743252754211426,-742.6123046875,-284.349609375,-1026.9619140625,1.973232512378443,1.9834718248627845,1.9775840815824988,0.1279113302424535,0.13048084953028125,0.8779578932445915,0.002569519287827754,0.15426759676991303,0.15795785967801237,0.003690262908099356,-0.0005235847118836795,-0.002754766866165752,-0.0022311821542820723,-0.0033794337945121378,-0.007862441757117172,-0.004483007962605014,0.001448758926796849,0.008545581821270735,0.00588774328028574,-1.8967138891438535,-1.9195538128523597,1.9195538128523597,167.213691401853,0.10433020208278643,0.31903090881860885,0.21470070673582242,0.015366921646575205,0.04185727005213796,0.026490348405562757,166.75649650945917,0.21470070673582187,-0.09691275624181472,-0.8756196492609243,-0.22310911789464022,1.2466963081451634,HC,Oxytocin,1,Male,1,24,1.0
N225,phase3_reinstatement,phase3_reinst_memory_fear_network,27,12684,0.052072013479473545,0.05558808844081242,0.051187264220620365,0.1009439619963266,0.10543630353612599,0.11499003041332251,0.9479279865205265,0.0035160749613388775,-0.004400824220192057,0.0013156628512428492,0.009269204978397644,1.0675231098465932,0.9830089326334333,-0.0008847492588531791,-0.0008847492588531791,-0.0008847492588531791,0.5008790178347426,0.512794022670502,0.013673040505244705,0.013673040505244705,0.0068365202526223245,0.013673040505244649,0.9997627090458843,0.0017580356694852917,0.025588045341004007,0.02253761098846787,0.027388193685162508,0.7868053922630436,0.0007649400306585375,0.0012142408581206948,0.008399737660836376,0.02533768956324961,0.016937951902413234,0.01991175984992788,-0.007257790284443955,-0.027169550134371834,0.007414278460626034,0.0545296571283527,0.047115378667726665,0.0032144096302078456,0.041860812346727894,0.03864640271652005,0.02425491786058981,0.0426242708587656,0.0433642773805652,0.5038558448192698,0.4961441551807302,0.14014142690214534,0.14557038775548192,0.16051320227459964,0.14285590732881365,-0.14014142690214534,-0.14557038775548192,-0.14285590732881365,-0.020371775372454298,-0.01494281451911772,14.974832534790039,5.151859283447266,20.126691818237305,153.265625,-1778.52734375,-1625.26171875,1.9827703392866662,1.9820532831770419,1.9817423629242463,0.12675265329773464,0.12668915182290466,0.8789761721995156,-6.350147482997448e-05,0.15950904112223774,0.16198798151320815,0.0024789403909703835,0.005103088697042626,0.003552242025696181,-0.0015508466713464457,0.015281607047442747,0.028473481587886096,0.013191874540443356,0.009074877661192061,0.0451476354745584,0.0003109202527955546,-1.930555098703626,-1.9299812696975684,1.9299812696975684,186.335191888395,-0.7026399468528476,-0.08792486602432567,0.6147150808285219,-0.11071773223883763,-0.014315644142776508,0.09640208809606113,171.43933444393622,0.6147150808285222,0.5820630693846127,2.081833460870013,1.6556318112635287,2.255346921310188,HC,Oxytocin,1,Male,1,41,0.0
N226,phase3_reinstatement,phase3_reinst_memory_fear_network,27,12684,0.025891568526544395,0.12511385189879265,0.13208230655150477,0.0519097099307263,0.19979859262913913,0.20493623885734785,0.9741084314734556,0.09922228337224825,0.006968454652712119,0.10270651069860431,0.1504577058125172,4.832221865906099,5.101361680829625,0.10619073802496037,0.10619073802496037,0.10619073802496037,0.5247852398279262,0.5329726545520098,0.05775789437993606,0.05775789437993606,0.02887894718996803,0.05775789437993606,0.9975437463925695,0.049570479655852484,0.06594530910401963,0.05056978849937034,0.09309545041347435,0.3923154814450284,0.005362312921235503,0.014665682771956158,0.05649222509336141,0.1680803554234975,0.11158813033013609,-0.004682277247953226,0.03235184978334715,0.03703412703130038,0.11780102126462055,0.09562484599254958,-0.02217617527207097,0.08955490871793985,0.011584668280800833,-0.07797024043713902,0.06832537684007574,0.25104837030682114,0.19993694667888834,0.13063182523026537,0.8693681747697346,0.09881606018800941,0.2247144917215715,0.12505742825131716,0.16176527595479046,-0.09881606018800941,-0.2247144917215715,-0.16176527595479046,-0.02624136806330775,0.09965706347025435,-4.227532386779785,9.034410014748573,4.806877627968788,485.4501953125,2117.72265625,2603.1728515625,1.978642452381764,1.9808374494123742,1.9446232397967589,0.12401506089935593,0.14033131129476084,0.8785363723372664,0.016316250395404908,0.1465993387876109,0.18445100608449239,0.0378516672968815,-0.0005182751537477278,0.005225996477544122,0.00574427163129185,-0.0032649721301661605,0.08031456228698708,0.08357953441715327,0.07964143450545813,0.14645037619112922,0.03621420961561528,-1.8125409332452542,-1.9549458808858298,1.9549458808858298,181.54447507337025,0.5088181180665643,1.0891808255206383,0.580362707454074,0.10718344844558589,0.10126789425311816,-0.005915554192467726,181.54301911057524,0.5803627074540749,-0.12265636541922399,0.46685022998998693,0.8137878224490683,2.9282620945757265,HC,Oxytocin,1,Male,1,19,1.0
N227,phase3_reinstatement,phase3_reinst_memory_fear_network,27,12684,0.024818714632612093,0.03353431820346986,0.03303158476550616,0.05614660087031487,0.08172091281130806,0.061670328350772796,0.9751812853673879,0.008715603570857766,-0.0005027334379636983,0.008464236851875917,0.015549019710725559,1.3511700822614137,1.330913866625615,0.008212870132894068,0.008212870132894068,0.008212870132894068,0.5021788871000596,0.5082571454339941,0.010436032534053785,0.010436032534053785,0.005218016267026893,0.010436032534053785,0.9998947826433231,0.004357774200119291,0.01651429086798828,0.01796077645029017,0.024838072880060062,0.6776395095429875,-0.0018247602268421635,-0.0018856571474518016,-0.012821229942657664,0.0012317787187199614,0.014053008661377625,-0.02887280542791404,0.016700226538048812,0.04557303196596285,0.00023240061132207002,0.02989442667728942,0.02966202606596735,0.006643015582650902,0.02927853731792944,0.022635521735278538,0.036986160797439896,0.04347657847490384,0.0683569917607481,0.3755557990478158,0.6244442009521842,0.09653748001820113,0.11816309585980148,0.09101604487802908,0.10735028793900131,-0.09653748001820113,-0.11816309585980148,-0.10735028793900131,0.005521435140172046,0.02714705098177239,-4.945760488510132,2.7729055881500244,-2.1728549003601074,-136.0302734375,1444.75390625,1308.7236328125,1.9909560830098194,1.9907595951816206,1.9876632676115609,0.12282554491934519,0.12404919793815511,0.8798442497590947,0.001223653018809917,0.14499541108655217,0.15180737114731258,0.0068119600607603956,0.0005113272353413389,-0.0027334927202347687,-0.0032448199555761077,0.00225860469769687,-0.008472385441868707,-0.010730990139565535,0.0014464649909776278,0.012694132637782738,0.0030963275700597315,-1.9546316828460548,-1.9659408805490086,1.9659408805490086,180.1017812984625,0.12719266908869767,0.7007864671757961,0.5735937980870984,0.02943003993763631,0.1414802371087796,0.1120501971711433,171.4250171276739,0.5735937980870989,-0.47179190098698925,-1.6499247020483976,-0.2513685529370999,2.8390661211660846,HC,Placebo,0,Male,1,38,1.0
N228,phase3_reinstatement,phase3_reinst_memory_fear_network,27,12684,0.00033348632535668,0.00046470630169614946,0.0005433152338524261,0.0010974051354568637,0.0008004656894181617,0.0014330096668426773,0.9996665136746433,0.00013121997633946947,7.860893215627662e-05,0.00017052444241760778,1.9332542673555775e-05,1.393437547472639,1.629149086639384,0.0002098289084957461,0.0002098289084957461,0.0002098289084957461,0.5000328049940379,0.5001358288051219,0.000168633799159712,0.000168633799159712,8.431689957988375e-05,0.0001686337991597675,0.9999999718304673,6.560998807580987e-05,0.00027165761024372514,0.0003358350183566561,0.0005884229586773926,0.49929472938382663,-0.0001283114007251779,1.9574763377061016e-05,-0.0002786697366982116,0.0004914052022045312,0.0007700749389027428,-0.0008227812273190471,-0.00035796890100114886,0.00046481232631789826,-9.55250425113685e-06,0.0007875902737176088,0.0007971427779687457,0.00012978236409796895,0.0005418876726153432,0.00041210530851737426,0.0008689280758312036,0.0007543313016999435,0.0006881761494147361,0.3822645555317459,0.6177354444682541,0.0018740050816575121,0.001884976116079698,0.002470853456284741,0.001879490598868605,-0.0018740050816575121,-0.001884976116079698,-0.001879490598868605,-0.0005968483746272291,-0.0005858773402050432,-7.221897125244141,-1.1602821350097656,-8.382179260253906,175.705078125,376.7890625,552.494140625,1.9998568900099516,1.9998830326464385,1.999812874620981,0.11925022488205346,0.11927963493524647,0.8807820515280664,2.941005319301304e-05,0.11964453507052399,0.1196761357181598,3.160064763579884e-05,6.0967174323310975e-05,2.606552148543078e-05,-3.4901652837880194e-05,0.0001931827715432599,0.00018092937028735268,-1.2253401255921115e-05,2.5473947007838282e-05,0.0003158540056063498,7.015802545762284e-05,-1.9992695593871286,-1.9995495463210817,1.9995495463210817,190.79167438285268,0.008393317983379188,0.03235804149321351,0.02396472350983432,0.015360946346736647,0.04638163606278508,0.031020689716048433,190.30166355325346,0.02396472350983428,-0.0033606038226212612,-0.00527847160974455,0.021325487704962006,0.03404391930003315,HC,Oxytocin,1,Male,1,27,0.0
N230,phase3_reinstatement,phase3_reinst_memory_fear_network,27,12684,0.037863868198121375,0.02846068498724763,0.03209162745586369,0.08655715374767292,0.060486796773853546,0.07657372138172419,0.9621361318018786,-0.009403183210873745,0.0036309424686160607,-0.007587711976565714,-0.018026894669884053,0.7516579479346549,0.8475525747242638,-0.005772240742257684,-0.005772240742257684,-0.005772240742257684,0.49764922151854696,0.508022218387239,0.005671439905786002,0.005671439905786002,0.002835719952893001,0.010372996868692086,0.9998991773593637,0.004701556962906084,0.016044436774478088,0.010070108066405584,0.018880093966012923,0.4534092185955975,-0.0009551462616654281,-0.0007540556769811598,-0.00015203397834159804,-0.0017963784121763082,-0.0016443444338347102,-0.000871029617125485,-0.008321496910060011,-0.007450467292934526,-0.008600133686835765,0.02776614362438798,0.036366277311223744,-0.008524116697664966,0.028664332830476133,0.0371884495281411,0.011954787663676936,0.025257525441506865,0.02509602569621602,0.6489339338774676,0.35106606612253244,0.09930388257818543,0.097499089225101,0.12210759332895989,0.09840148590164322,-0.09930388257818543,-0.097499089225101,-0.09840148590164322,-0.02280371075077446,-0.024608504103858883,-3.143125534057617,-3.841619372367859,-6.984744906425476,-441.4921875,-149.65234375,-591.14453125,1.9875947035563322,1.988797376851477,1.9906205407738429,0.12445160424306341,0.12362634109063216,0.8794884363154315,-0.0008252631524312548,0.1473018498749318,0.14589188004125442,-0.0014099698336773846,-0.0010853895286883626,4.550948007493066e-05,0.0011308990087632934,-0.010133818568601238,0.00011789506997575416,0.010251713638577,0.003715886985611115,0.010911597559304235,-0.0018231639223658114,-1.9585289133179793,-1.9509335086533557,1.9509335086533557,181.7127995481299,0.07891818634391362,0.30524116725077144,0.22632298090685782,0.014322662114011921,0.06049123612004954,0.04616857400603762,177.4850545359293,0.2263229809068572,0.04921191232795828,0.36048780484449183,0.4065668833291031,0.8673543258043254,HC,Oxytocin,1,Male,1,22,1.0
N231,phase3_reinstatement,phase3_reinst_memory_fear_network,27,12684,0.02861268765136893,0.01962020929754338,0.01899056300601909,0.04715987643139952,0.036647527834357096,0.033351475258386054,0.9713873123486311,-0.00899247835382555,-0.0006296462915242884,-0.009307301499587695,-0.012160374885027941,0.6857168637716576,0.663711029187439,-0.009622124645349839,-0.009622124645349839,-0.009622124645349839,0.4977518955608746,0.5047474980736334,0.002499393634508018,0.002499393634508018,0.001249696817254009,0.0069956025127587695,0.9999601916187411,0.0044962088782507514,0.009494996147266788,0.004977170462819883,0.018840424544522352,0.2348454604043974,-0.0006348947128402267,-0.001745681253228568,-0.0010360202984058542,-0.006609606634859461,-0.0055735863364536065,-0.013809322292814175,-0.01997743282423714,-0.006168110531422966,-0.008633008413386017,0.014764535872393125,0.023397544285779143,-0.00811499826418309,0.018069339189822856,0.026184337454005946,0.031130109524929984,0.009863448850082359,0.03099495175326812,0.7195003683854546,0.2804996316145454,0.07421135522130023,0.04698327792952009,0.056281830008649086,0.06059731657541016,-0.07421135522130023,-0.04698327792952009,-0.06059731657541016,0.01792952521265115,-0.009298552079128997,6.975888252258301,-11.807732582092285,-4.831844329833984,11.4326171875,-125.3427734375,-113.91015625,1.991577474815701,1.9913432023353563,1.994587173272432,0.12317184693773159,0.12178902504842887,0.8799099267689877,-0.001382821889302721,0.13996302641441458,0.13208404159492845,-0.00787898481948612,0.002547808067443882,-0.0002586416275192316,-0.002806449694963114,0.012847358736698455,-0.0012002309535164568,-0.014047589690214905,-0.014902779664593573,0.014895048747471315,-0.0032439709370757353,-1.9755966102664129,-1.9627305146839875,1.9627305146839875,204.2869793144505,0.12921766672655233,0.011214142827862697,-0.11800352389868964,0.02410306023696012,0.0025659939630774628,-0.021537066273882657,200.2089218095352,-0.11800352389868932,0.0840532645811609,0.22590875275467753,-0.005049147521350536,0.7643810569945919,HC,Placebo,0,Male,1,18,0.0
N232,phase3_reinstatement,phase3_reinst_memory_fear_network,27,12684,0.04865547721308727,0.03908304449297939,0.0474100890718786,0.08417443237444228,0.06670789608084537,0.07282664618951579,0.9513445227869127,-0.009572432720107882,0.008327044578899212,-0.005408910430658276,-0.014407161239261695,0.8032607775935886,0.9744037473974018,-0.0012453881412086698,-0.0012453881412086698,-0.0012453881412086698,0.4976069100934736,0.5118503026743357,0.009457212767809309,0.009457212767809309,0.004728606383904654,0.014243392580862158,0.9997891216632068,0.004786179813052849,0.023700605348671466,0.016910523987433063,0.02871601771883582,0.5399770276850168,-0.0037223555108857674,-0.0001648213772804293,-0.023402894521459994,-0.00691366276928318,0.016489231752176814,-0.01206960692894854,0.024588164780930732,0.03665777170987927,-0.020094044873242956,0.038756814202737494,0.05885085907598045,-0.008392597612512959,0.042213645587379084,0.05060624319989204,0.02709935532033538,0.025209407581439556,0.03318491695217062,0.5910334649579991,0.40896653504200087,0.09584983766103375,0.09816839354778983,0.10708523333137561,0.09700911560441179,-0.09584983766103375,-0.09816839354778983,-0.09700911560441179,-0.01123539567034186,-0.008916839783585775,-21.825328826904297,-12.057279586791992,-33.88260841369629,713.0390625,1004.1533203125,1717.1923828125,1.9827126728692315,1.9858216297348155,1.986071394729755,0.1259595147549967,0.1257949998264098,0.8789700376814528,-0.0001645149285869063,0.14789895153598498,0.14830057952501038,0.0004016279890253979,-0.000760543827078242,-0.0008291573278000332,-6.861350072179128e-05,0.0006818166966403583,-0.0038280256985563366,-0.004509842395196695,-0.0018532932085729495,0.014284524414349966,-0.00024976499493956084,-1.9386613056578765,-1.937166152521728,1.937166152521728,181.00903377359876,-0.29894741738630776,-0.05829156481997341,0.24065585256633434,-0.04830684604994342,-0.009617553040588216,0.038689293009355204,175.18531954939834,0.24065585256633515,-0.044574747325609454,-0.03115280819601135,0.22507944846832945,1.2127765262240797,HC,Placebo,0,Male,1,28,0.0
N233,phase3_reinstatement,phase3_reinst_memory_fear_network,27,12684,0.014147885540014782,0.015605245439288762,0.020369245985539575,0.030308265698137826,0.028127990103580414,0.03213692218553532,0.9858521144599852,0.00145735989927398,0.004764000546250813,0.0038393601723993864,-0.00017580955357995864,1.103008245654071,1.4397368094730993,0.006221360445524793,0.006221360445524793,0.006221360445524793,0.5003643399103335,0.5050921354343965,0.005456475344729872,0.005456475344729872,0.0027282376723649637,0.0054564753447299275,0.9999623989884809,0.0007286798206669332,0.010184270868792922,0.01025195375705712,0.015942670034666,0.5448139045757865,0.0027891353202914465,0.0010994245937377106,0.005602260035398349,0.007942623345383953,0.0023403633099856047,0.04399814202531949,-0.022031944465723097,-0.06603008649104258,0.003995412865913567,0.023280936338591823,0.019285523472678257,0.0011942828482143925,0.019309624665899847,0.018115341817685454,0.015623453424770775,0.026368840081454403,0.03806194584381858,0.43775225888623454,0.5622477411137654,0.04949964435528639,0.047994847695959394,0.04235480423440122,0.048747246025622894,-0.04949964435528639,-0.047994847695959394,-0.048747246025622894,0.007144840120885176,0.005640043461558178,4.411919593811035,17.261972427368164,21.6738920211792,-1179.9677734375,1626.0712890625,446.103515625,1.9941106164075837,1.9956225763967312,1.9935120328677265,0.12116172276230612,0.12205172097374725,0.8801773424137834,0.0008899982114411314,0.13203203114748033,0.1326401929694358,0.000608161821955451,-7.959330863528911e-05,0.0006119503349133877,0.0006915436435486769,0.00020023288934606365,0.004248741487080543,0.004048508597734479,0.0026324161208226907,0.00852913047982181,0.002110543529004749,-1.973142786882187,-1.9814746908567165,1.9814746908567165,195.32021511932217,0.3368720584318283,0.40011596094228474,0.06324390251045642,0.09553838533596531,0.09470479736868861,-0.0008335879672766999,186.47290753846977,0.06324390251045536,0.06898768099805606,-0.05550059986362942,0.035493602578640655,0.7858961596798607,HC,Oxytocin,1,Male,1,19,1.0
N234,phase3_reinstatement,phase3_reinst_memory_fear_network,27,12684,0.03134289342447971,0.03359892720789526,0.04508982401908046,0.06334325587135586,0.06579480251887254,0.07578823474378926,0.9686571065755203,0.0022560337834155453,0.011490896811185203,0.008001482189008147,0.007448262759975038,1.0719787746802527,1.4385975481730262,0.013746930594600748,0.013746930594600748,0.013746930594600748,0.5005640082066352,0.5112705465644163,0.011834554771051387,0.011834554771051387,0.005917277385525721,0.011834554771051442,0.9998162668941293,0.0011280164132703163,0.022541093128832568,0.02134426313336924,0.027278676236142795,0.7691888868181515,0.005253123506943212,-0.004161266711927127,0.0191222333715948,-0.02542531558883024,-0.04454754896042504,0.0194980200765994,-0.01695317988321654,-0.03645119995981594,0.011344715486036577,0.028192269672084186,0.01684755418604761,0.0017835988002391778,0.040904927466499305,0.03912132866626013,0.028108446325676238,0.02883428100885889,0.04188467894764345,0.4811236158852408,0.5188763841147592,0.0947754057122628,0.10562347777741449,0.09994066795225548,0.10019944174483864,-0.0947754057122628,-0.10562347777741449,-0.10019944174483864,-0.005165262239992682,0.0056828098251590076,-2.8123035430908203,-6.232002258300781,-9.044305801391602,-928.177734375,939.2802734375,11.1025390625,1.9868853859274354,1.9902702593421466,1.9859338793992196,0.12358317806647265,0.12555515748830556,0.879413236546022,0.0019719794218329145,0.1452142253734633,0.1500909530079293,0.004876727634465981,0.0006142263626120192,0.0010192365716795155,0.0004050102090674964,-7.810145409983815e-05,0.005125119034078973,0.00520322048817886,0.0074783378785554105,0.01340528176266279,0.0043363799429270156,-1.9408440553801392,-1.958927365917667,1.958927365917667,171.27653876576912,0.9479016886994358,0.38081629824309443,-0.5670853904563413,0.19400119907467378,0.06499560227164516,-0.12900559680302862,171.25995405835639,-0.5670853904563422,-0.3055720453087184,-1.397155360730625,-1.2656630708216547,1.232897017756366,HC,Placebo,0,Male,1,18,0.0
N235,phase3_reinstatement,phase3_reinst_memory_fear_network,27,12684,0.03232878376471504,0.028246176590519645,0.02352411578886382,0.06806865976001897,0.06506465274984014,0.05562236047349761,0.967671216235285,-0.004082607174195396,-0.004722060801655825,-0.006443637575023309,-0.007725153148350095,0.8737157592730437,0.7276521345049067,-0.008804667975851221,-0.008804667975851221,-0.008804667975851221,0.49897934962410695,0.5058807577566014,0.004860107380708301,0.004860107380708301,0.0024300536903541503,0.006901408132494402,0.9999486027815082,0.0020413007517861015,0.011761515513202703,0.00878918113883747,0.015354361248603308,0.5395522716315987,0.0026489854381920017,-0.000523098029755313,0.01280056349143005,-0.010464187572076983,-0.023264751063507033,0.02448811004693896,0.005706619370377197,-0.018781490676561763,0.002822675057138152,0.01592387518021332,0.013101200123075168,-0.003577606688576873,0.021155968966251812,0.024733575654828685,0.01274589032413973,0.015143229978578284,0.02534376633520822,0.5827739903886484,0.4172260096113516,0.11513167248974006,0.10882315172603793,0.09895887880398381,0.111977412107889,-0.11513167248974006,-0.10882315172603793,-0.111977412107889,0.016172793685756248,0.009864272922054121,-8.656510889530182,9.97327971458435,1.3167688250541687,366.2724609375,-116.1337890625,250.138671875,1.9906799670708455,1.9891433497240518,1.9920112041054923,0.12381219827780073,0.12255148129374474,0.8798150561770748,-0.0012607169840559845,0.1504557067746065,0.14765046607200988,-0.002805240702596589,-0.0012870929919097177,-3.688700364632662e-05,0.001250205988263391,-0.008225242019121809,0.005427646225941135,0.013652888245062923,0.004021203419934873,0.015471698290555344,-0.002867854381440438,-1.9684870883166283,-1.9568145659593368,1.9568145659593368,165.19874337320613,0.019160435549462985,0.14065933042754045,0.12149889487807747,0.00405955718063206,0.035105330549379414,0.031045773368747354,165.04851236753564,0.12149889487807732,-0.029603770417525377,-0.05862096783779286,0.0921884109591809,1.7229285713220062,HC,Placebo,0,Male,1,19,0.0
N236,phase3_reinstatement,phase3_reinst_memory_fear_network,27,12684,0.059458343179010886,0.06156035335736143,0.036753324975092205,0.08969866493538897,0.09388478049499366,0.07586371697543293,0.9405416568209891,0.002102010178350544,-0.024807028382269225,-0.010301504012784068,-0.00482441620017568,1.0353524789363415,0.6181356026534943,-0.02270501820391868,-0.02270501820391868,-0.02270501820391868,0.5005255023510956,0.5091872970783675,0.009712799429463126,0.009712799429463126,0.004856399714731563,0.009712799429463126,0.9998778220080458,0.0010510047021912161,0.018374594156735036,0.016863583903153935,0.022530934463183473,0.7537221667926717,0.0014860692251410447,0.001557876717917858,0.008386984754047727,0.007828414572435605,-0.0005585701816121225,0.010654154152596185,-0.006523763498822666,-0.01717791765141885,0.00622289599334408,0.035611971476205456,0.029389075482861376,0.002029403616320216,0.031697764189987654,0.029668360573667438,0.029524465539504417,0.018355630026463184,0.03633262067284391,0.47087292232712846,0.5291270776728716,0.10927602350258879,0.13380915404019844,0.10966849231016006,0.12154258877139362,-0.10927602350258879,-0.13380915404019844,-0.12154258877139362,-0.0003924688075712668,0.024140661730038385,-6.2127861976623535,3.740522861480713,-2.4722633361816406,1012.9091796875,-802.474609375,210.4345703125,1.9854587432244737,1.9766637994563019,1.9848150465205712,0.12817351844842828,0.12476486156861558,0.8792618654608564,-0.003408656879812705,0.1535396227079463,0.1562875307969167,0.0027479080889704285,0.0009722099577762019,0.0033039919873721047,0.002331782029595903,0.0001677421486142583,0.009140915890943901,0.00897317374232963,0.007234494960135243,0.013965107826965278,-0.008151247064269285,-1.948061721545479,-1.917205456277291,1.917205456277291,196.967951052858,0.5758151821018804,-0.0013567103407188322,-0.5771718924425993,0.08561314185591687,-0.00025420303349623513,-0.08586734488941311,173.15291983981749,-0.5771718924425983,-0.2083882823593917,-1.0000028952810942,-1.0771733400831454,0.6970130919088957,HC,Placebo,0,Female,0,20,1.0
N237,phase3_reinstatement,phase3_reinst_memory_fear_network,27,12684,0.043212420842189014,0.049060666365471794,0.046361167442582674,0.07184969236603556,0.09052268886220455,0.09015059059908498,0.956787579157811,0.00584824552328278,-0.002699498922889121,0.00449849606183822,0.018486947364609208,1.1353368789791165,1.0728664539121344,0.0031487466003936593,0.0031487466003936593,0.0031487466003936593,0.5014620572137193,0.5115882163330201,0.013050273546739377,0.013050273546739377,0.0065251367733696886,0.013050273546739377,0.9998031638871381,0.002924114427438562,0.023176432666040192,0.02030800155386412,0.022713203279242457,0.7317541695914673,0.002292232422385474,0.005573050648470436,0.006831301050174793,0.03753624408313244,0.03070494303295765,0.016714478861737714,0.022639786723024358,0.005925307861286644,0.008562958367864054,0.054236817306517804,0.04567385893865375,0.005147307842776658,0.03546869526495158,0.030321387422174925,0.006137294727761233,0.04480343541331076,0.04580897600662989,0.4617492113834087,0.5382507886165913,0.10110609580018651,0.15593928367357113,0.13637045534787068,0.1285226897368788,-0.10110609580018651,-0.15593928367357113,-0.1285226897368788,-0.03526435954768417,0.01956882832570045,-9.361421585083008,2.2272872924804688,-7.134134292602539,-215.90234375,2211.912109375,1996.009765625,1.9856448868612593,1.9847182555913179,1.9830566680350783,0.12548251803265223,0.12601133969700018,0.8792816251557222,0.0005288216643479504,0.14866792317482946,0.1647563933926664,0.016088470217836947,0.0013172176445682654,0.0036517363853894604,0.0023345187408211946,0.007308972257911939,0.03231215756015568,0.025003185302243748,0.02859006286895882,0.05310453742844587,0.0016615875562395743,-1.9366955005924957,-1.9415058347491287,1.9415058347491287,181.60435153702937,0.16390696150143444,0.8908151521419421,0.7269081906405076,0.027426792973978497,0.14537009592323943,0.11794330294926093,178.28456542510736,0.7269081906405096,0.32924451420433853,1.8590945454405163,1.6564554633607678,2.6958514516972283,HC,Placebo,0,Female,0,22,0.0
N238,phase3_reinstatement,phase3_reinst_memory_fear_network,27,12684,0.033737772451423176,0.027934230725772724,0.028857120472435827,0.06422315230339987,0.051669624498882794,0.05816050141782658,0.9662622275485768,-0.005803541725650452,0.0009228897466631025,-0.0053420968523189005,-0.009308089345045178,0.8279806405768783,0.8553354244306158,-0.004880651978987349,-0.004880651978987349,-0.004880651978987349,0.49854911864085805,0.5072137795287925,0.005762898169650588,0.005762898169650588,0.002881449084825294,0.008664660887934494,0.9999218845841454,0.0029017627182839068,0.014427559057585082,0.01065684524123648,0.017169049514251238,0.582058561573329,-0.0004174109754611963,-0.002563285028001733,-0.006557647182982601,-0.009667972549600834,-0.003110325366618233,0.008350613673924201,-0.012948453480272293,-0.021299067154196494,-0.00842910178653608,0.021629982402717324,0.030059084189253404,-0.00515027819504478,0.02646396867751774,0.03161424687256252,0.010777065446964523,0.010153943374995903,0.014723830373983548,0.6322372273808843,0.3677627726191157,0.09308554037729733,0.08352279363806918,0.1310145203594662,0.08830416700768326,-0.09308554037729733,-0.08352279363806918,-0.08830416700768326,-0.037928979982168876,-0.04749172672139702,14.502737045288086,-10.09478759765625,4.407949447631836,-714.7841796875,740.1845703125,25.400390625,1.9891475946417305,1.9893638284309922,1.9911582806631283,0.12394118875118879,0.12321822495909288,0.8796529279850139,-0.0007229637920959098,0.1450934006014151,0.14207304871930324,-0.0030203518821118568,7.998226380965726e-05,0.0007749261553485995,0.0006949438915389423,-0.0007109347536286559,0.003731932974277985,0.004442867727906634,-0.0007989180181585398,0.004507815213133793,-0.0017944522321360346,-1.9623011601906923,-1.955626055979569,1.955626055979569,194.28945824911355,0.25981992454562974,-0.12792653991319874,-0.3877464644588285,0.0464620820279541,-0.024540069947085075,-0.07100215197503917,192.45962452006148,-0.3877464644588284,-0.0490626887768171,0.37395239557999205,-0.20077026666883235,1.817952689511931,HC,Oxytocin,1,Female,0,45,1.0
N240,phase3_reinstatement,phase3_reinst_memory_fear_network,27,12684,0.08446718010958065,0.07149077753881738,0.057716408705066446,0.14835259324007843,0.12909244224315147,0.11343500021450276,0.9155328198904193,-0.012976402570763268,-0.013774368833750938,-0.019863586987638737,-0.02708887201125132,0.8463733367485203,0.6832997360299309,-0.026750771404514206,-0.026750771404514206,-0.026750771404514206,0.4967559448785803,0.5144250980107969,0.011181042889377268,0.011181042889377268,0.005590521444688634,0.01766915313221662,0.9996845745006975,0.006488110242839351,0.028850196021593888,0.017670277543396694,0.03139630816006502,0.474546573458113,0.0029989342290898985,-0.0015822230996721202,0.010526288312186716,-0.008672400694799437,-0.019198689006986153,0.04694308733168695,-0.035228664668162324,-0.08217175199984927,-0.006119088463896971,0.042386587359384,0.04850567582328097,-0.011382232619990329,0.04672278770678372,0.058105020326774046,0.03257758823841325,0.04039376625470934,0.07061035865048139,0.614467285560676,0.385532714439324,0.16408579604249215,0.17718066412577513,0.1833683649415629,0.17063323008413364,-0.16408579604249215,-0.17718066412577513,-0.17063323008413364,-0.019282568899070734,-0.006187700815787761,-9.376909255981445,-4.591707229614258,-13.968616485595703,1090.998046875,-592.01171875,498.986328125,1.9757983742170948,1.9718411109989116,1.9802633664345661,0.13154418221724498,0.1275778165543332,0.8782325532624743,-0.0039663656629117805,0.17078939950305155,0.17094379151689085,0.00015439201383929055,0.005859961547799883,0.0027821985447782395,-0.0030777630030216436,0.028761105388388164,0.01920169316456305,-0.009559412223825066,-0.004625314098073242,0.03225770442925961,-0.008422255435654558,-1.9225469577294998,-1.887373930889331,1.887373930889331,163.79616314234602,-0.19729277915692076,0.08629596392826314,0.2835887430851839,-0.02561031960507919,0.0137551710973458,0.03936549070242499,163.48498656276334,0.28358874308518484,0.22176792496790193,0.7189094819975518,0.6430434840839607,1.639209744302612,HC,Placebo,0,Male,1,19,0.0
N241,phase3_reinstatement,phase3_reinst_memory_fear_network,27,12684,0.02509760880367229,0.03549944774268399,0.032561929862658046,0.05247066557946256,0.06239592416879941,0.06829917048517808,0.9749023911963277,0.010401838939011698,-0.0029375178800259416,0.008933079998998728,0.012876881747526187,1.414454814234795,1.2974111256281244,0.007464321058985757,0.007464321058985757,0.007464321058985757,0.5026004362879065,0.5081397632765137,0.010740199564420183,0.010740199564420183,0.0053700997822100915,0.010740199564420183,0.9998946530051935,0.005200872575813031,0.016279526553027335,0.019131566250949826,0.019516359733781886,1.1920119742020177,-0.002572451035070614,0.0036354047852634346,-0.011880360205157064,0.011638199553963058,0.023518559759120122,-0.00627963282256816,0.03416604215065433,0.04044567497322249,0.003193968450317053,0.034948083725985596,0.03175411527566854,0.009134148552895585,0.029128983949004067,0.019994835396108482,0.00880218580082035,0.021625108437440917,0.023560846293913362,0.34202322400729224,0.6579767759927078,0.10351353555167984,0.11563262195429365,0.08956273506470716,0.10957307875298675,-0.10351353555167984,-0.11563262195429365,-0.10957307875298675,0.013950800486972684,0.026069886889586488,-4.574644088745117,2.960500717163086,-1.6141433715820312,217.5888671875,70.78125,288.3701171875,1.9911784906277208,1.9902812755967771,1.9873203989948767,0.12290715000077318,0.12403542187088087,0.8798677603383036,0.0011282718701076944,0.14661353171177535,0.15092609599581713,0.004312564284041788,0.0006552129981454426,0.0013270988852661565,0.0006718858871207139,0.0045577953416239825,0.004948957825408856,0.0003911624837848737,0.004508145525934225,0.008623916615699282,0.002960876601900475,-1.9547584691322186,-1.9651836667931049,1.9651836667931049,177.9777721590392,-0.0931295520778051,0.6823754553433664,0.7755050074211716,-0.020686608685831682,0.13479465343194016,0.15548126211777186,177.14692182318126,0.7755050074211717,0.3044429716529526,0.16300174320550576,0.8570058790239246,2.1706054703565476,HC,Oxytocin,1,Female,0,28,1.0
N242,phase3_reinstatement,phase3_reinst_memory_fear_network,27,12684,0.0470804840532697,0.05195822613915557,0.033149545592589647,0.08903191947963252,0.09018433328279302,0.06849036337645664,0.9529195159467303,0.004877742085885872,-0.018808680546565926,-0.004526598187397091,-0.009694571150007686,1.1036040972800096,0.7041036050956104,-0.013930938460680053,-0.013930938460680053,-0.013930938460680053,0.5012194331037056,0.5082866275693924,0.009506060673098005,0.009506060673098005,0.004753030336549002,0.009506060673098005,0.9998987828834872,0.0024388662074112943,0.016573255138784715,0.016697184056942233,0.018159426635306355,0.9850659057327241,-0.00038392287579074236,-0.0013287873013781096,-0.0006732423883674954,0.002105934711818497,0.002779177100185992,-0.008000454535429635,-0.010429580913276393,-0.0024291263778467576,0.003795686665939796,0.03031502760967017,0.026519340943730374,0.0041323078601235436,0.02926206025376092,0.025129752393637378,0.012099235013724261,0.021265867941100646,0.024527368936170142,0.4393466004067271,0.560653399593273,0.12074820558523917,0.10640555390964387,0.10691024397692109,0.11357687974744152,-0.12074820558523917,-0.10640555390964387,-0.11357687974744152,0.013837961608318086,-0.0005046900672772137,-2.7727596759796143,3.7474063485860825,0.9746466726064682,-2815.25,1606.1484375,-1209.1015625,1.9879788126287803,1.9815979945863336,1.9860298040936857,0.12625140259473555,0.12423963479349609,0.8795291415362185,-0.0020117678012394613,0.1544725697084669,0.14877846939868464,-0.005694100309782277,0.001540167293050741,0.00020753097598007759,-0.0013326363170706635,0.004831024992698274,0.00832139329546977,0.00349036830277151,-0.003948916158396522,0.01463528211168975,-0.0044318095073521135,-1.952880258501096,-1.9345175105330639,1.9345175105330639,157.75603695151082,0.30882075368628414,0.5336382396231294,0.22481748593684525,0.058425026131841695,0.1208811551685129,0.06245612903667121,151.81681343679517,0.22481748593684625,-0.1391366137866807,-0.8161012468079157,-0.1832331374671117,0.467760865269573,HC,Placebo,0,Female,0,19,0.0
N243,phase3_reinstatement,phase3_reinst_memory_fear_network,27,12684,0.025804418571210075,0.02876497257637156,0.03726402141860563,0.05269180511546473,0.05872634996839138,0.05870680733512129,0.9741955814287899,0.0029605540051614865,0.00849904884223407,0.007210078426278521,0.0060247735362916055,1.1147300742192972,1.44409403664071,0.011459602847395556,0.011459602847395556,0.011459602847395556,0.5007401379606887,0.5093149274815778,0.010055065442266531,0.010055065442266531,0.0050275327211332654,0.010055065442266531,0.9998740228617483,0.0014802759213774497,0.018629854963155612,0.018631324013744427,0.02383661750238808,0.8301405921855812,0.004026171847064661,-0.004049063889741559,0.02086691176644012,-0.018454355766180153,-0.039321267532620274,0.01594699028407942,-0.03916148528920371,-0.05510847557328313,0.013200135026420201,0.025268791001198637,0.012068655974778436,0.0027666791432001403,0.034495968884288714,0.03172928974108857,0.01859529198987122,0.02036086655895057,0.0316281232949241,0.4732291848924821,0.5267708151075179,0.09674012950549667,0.07818989460238847,0.0793562782868628,0.08746501205394257,-0.09674012950549667,-0.07818989460238847,-0.08746501205394257,0.017383851218633867,-0.0011663836844743314,9.706036567687988,6.567068576812744,16.273105144500732,-552.1376953125,-649.07421875,-1201.2119140625,1.9892474469089894,1.9919127010155457,1.9880697382730825,0.12280751027323358,0.1244655295405577,0.879663498310192,0.0016580192673241179,0.14488430879825043,0.14215843025551989,-0.00272587854273057,-0.0007300708497600474,-0.00011023842678490035,0.000619832422975147,-0.0027064966404960755,-0.0019407196311886366,0.0007657770093074667,-0.0023429900380768365,0.008237045330355554,0.0038429627424632073,-1.950805716854477,-1.9661082824443357,1.9661082824443357,187.99075665801936,0.4623053980446424,0.4237190186804811,-0.03858637936416126,0.09679587442014771,0.07380396077070597,-0.02299191364944174,186.43747479173152,-0.03858637936416087,-0.18711092489852263,-0.4021876138399292,-0.23968018628412546,0.9748375020411165,HC,Oxytocin,1,Female,0,18,0.0
N244,phase3_reinstatement,phase3_reinst_memory_fear_network,27,12684,0.014063407868605826,0.012659856641963119,0.018619344781736547,0.026882637884021954,0.024191480724208847,0.025683950997116956,0.9859365921313942,-0.0014035512266427075,0.005959488139773428,0.0015761928432440064,-0.0019449220233590525,0.900197715821563,1.3239558801207953,0.00455593691313072,0.00455593691313072,0.00455593691313072,0.4996491122509421,0.5046547017218783,0.004303813972820425,0.004303813972820425,0.0021519069864102125,0.005005589470936211,0.9999685641319549,0.0007017754981157864,0.009309403443756636,0.008323465441305564,0.012607752474597986,0.6706190210415328,0.0021447327679609404,-0.0006666222460483975,0.005753932930016997,-0.0006715369548606909,-0.006425469884877688,0.022708676149181706,-0.004092377847725426,-0.02680105399690713,0.0015548500116893682,0.017633278858499912,0.016078428846810544,-0.0013221164533191304,0.017969047335930258,0.019291163789249388,0.00848866376976464,0.009771122496629914,0.010950378159320538,0.5369142967357657,0.46308570326423426,0.04002410109564461,0.03399481468327581,0.03961267297635597,0.03700945788946021,-0.04002410109564461,-0.03399481468327581,-0.03700945788946021,0.00041142811928863987,-0.005617858293080161,0.7392077445983887,1.280226230621338,2.0194339752197266,-518.486328125,846.30859375,327.822265625,1.994093554747829,1.9961348591599137,1.9946189752097472,0.12109819314485161,0.12174592600929547,0.8801755429909527,0.0006477328644438618,0.12982455656778197,0.12912513141615228,-0.0006994251516296533,-0.0002159786315540983,0.00023066571475421937,0.0004466443463083177,-0.0019447257692246367,0.0017357824109407727,0.0036805081801653886,0.001140828938453041,0.0071881709599631305,0.0015158839501665522,-1.9759996304280105,-1.9820714512913078,1.9820714512913078,195.73244199787231,-0.18068617142217008,-0.15029381742587788,0.0303923539962922,-0.05024192432734231,-0.03631891589341928,0.01392300843392303,191.95670594733033,0.030392353996291643,-0.12859984934283028,-0.5043933709882505,-0.2218043314978336,0.25646026441879116,HC,Placebo,0,Female,0,25,0.0
N246,phase3_reinstatement,phase3_reinst_memory_fear_network,27,12684,0.04571594450527916,0.051398518418129036,0.04914874982605688,0.09634910728346363,0.09926521019061124,0.11132438209293194,0.9542840554947208,0.005682573912849875,-0.0022497685920721544,0.004557689616813798,0.00894568885830796,1.1243015479900713,1.0750896565088959,0.003432805320777721,0.003432805320777721,0.003432805320777721,0.5014206396553151,0.5122847146434101,0.013705354298725159,0.013705354298725159,0.006852677149362607,0.013705354298725214,0.9997793432261248,0.0028412793106302736,0.024569429286820155,0.022563129766941505,0.031203100571946453,0.7776120254148609,0.004659176084715751,0.0017693443034858126,0.017388165939845324,0.011037710405521067,-0.006350455534324256,0.05422023774484508,-0.0004026108880617052,-0.054622848632906784,0.01200961750464516,0.047329580201921045,0.035319962697275886,0.0033155345347224974,0.04181072499916051,0.038495190464438014,0.028236085587230085,0.02096717480071197,0.043528986403347285,0.4411086621424335,0.5588913378575665,0.15311051369032513,0.14161839014181798,0.14881759636826813,0.14736445191607156,-0.15311051369032513,-0.14161839014181798,-0.14736445191607156,0.004292917322056999,-0.00719920622645015,-10.447346210479736,12.535863876342773,2.088517665863037,400.3408203125,12.90625,413.2470703125,1.9846728771241184,1.9838555606234278,1.9823111793810284,0.1258523815481084,0.12640095999043088,0.8791784127031795,0.0005485784423224782,0.16215536547609177,0.16001726275254619,-0.0021381027235455943,0.004632711785715568,0.0020920493927834944,-0.002540662392932074,0.018429233701405118,0.011955420424861168,-0.006473813276543908,-0.005375009361817548,0.027140499670723846,0.0015443812423994174,-1.9331624295549714,-1.9381396161181486,1.9381396161181486,169.29057421714646,0.19456845755014518,0.623932945547272,0.4293644879971268,0.03355369264866306,0.10454751159895873,0.07099381895029566,168.67854364624282,0.42936448799712656,0.1330890676089323,-0.11101065536679422,0.37385916031372946,1.592796292263309,HC,Oxytocin,1,Female,0,18,1.0
N247,phase3_reinstatement,phase3_reinst_memory_fear_network,27,12684,0.01556405323772514,0.01504020069238965,0.008538294446662209,0.031263687419892716,0.024557586417628896,0.015461818881629452,0.9844359467622749,-0.0005238525453354903,-0.00650190624572744,-0.0037748056681992104,-0.011253984770263542,0.9663415306572567,0.5485903209366666,-0.0070257587910629304,-0.0070257587910629304,-0.0070257587910629304,0.49986903686666107,0.5021345606437856,0.002003597510446653,0.002003597510446653,0.0010017987552233265,0.002265523777124523,0.9999934018135641,0.0002619262666778699,0.004269121287571176,0.003854018510629255,0.007458122275921832,0.5246707505352446,-0.0014080030081704224,0.0006303329625146612,-0.0064474887526782265,0.0012449565910118143,0.007692445343690041,-0.009817333126125649,0.007837652227018155,0.017654985353143804,-0.0038241335514503927,0.008930904491875696,0.012755038043326089,-0.0006003891751112794,0.00830842619636979,0.008908815371481069,0.009071693525090858,0.003568898399725199,0.009733826519614689,0.5105419618584546,0.4894580381415454,0.03887922072420755,0.029218873514025995,0.03165281998371135,0.03404904711911677,-0.03887922072420755,-0.029218873514025995,-0.03404904711911677,0.0072264007404962,-0.0024339464696853524,-6.532444477081299,11.811181545257568,5.2787370681762695,1006.93359375,-535.529296875,471.404296875,1.9963096370158224,1.9941581113576845,1.9964560715196566,0.12146879191940957,0.12047732579647484,0.8804090687156451,-0.0009914661229347282,0.1299346001200834,0.1267754595749337,-0.0031591405451496975,0.0003509073353478261,1.8882145683206065e-05,-0.00033202518966462006,0.0012504238506511056,4.037249711388857e-05,-0.00121005135353721,-0.0037641662219183025,0.002996885770721393,-0.0022979601619721457,-1.9879177770729943,-1.9785940581199593,1.9785940581199593,176.84571734903662,0.038614878694677855,0.22038176108855478,0.18176688239387692,0.011079152898199034,0.08562090591016824,0.0745417530119692,176.42499264987805,0.18176688239387634,-0.02295251430582191,-0.11909139873382805,0.12222118302696229,0.4161231842833539,HC,Placebo,0,Female,0,21,0.0
N248,phase3_reinstatement,phase3_reinst_memory_fear_network,27,12684,0.05326039078624223,0.04639380125271708,0.04764274376959188,0.09729198969131708,0.08496853653513764,0.09129403784357643,0.9467396092137578,-0.006866589533525147,0.0012489425168747958,-0.006242118275087749,-0.00916070250196005,0.8710749556488717,0.8945246950131578,-0.005617647016650351,-0.005617647016650351,-0.005617647016650351,0.49828335936158796,0.5119084335166103,0.01019179287819827,0.01019179287819827,0.005095896439099135,0.013625074155022343,0.9997911395102512,0.003433281276824074,0.023816867033220612,0.017452271202341836,0.023762478229196853,0.6233948828291243,-0.00016382406694022213,0.004378484227150904,-0.000997154927318472,0.02969361252711361,0.030690767454432083,-0.0064781178965335195,0.016880895142917796,0.023359013039451315,-0.006494756853424738,0.05574752805800598,0.06224228491143072,-0.005996179389765502,0.040900721794449174,0.046896901184214676,0.009427524462161723,0.023973703642851223,0.02496507684972597,0.5835786604052731,0.41642133959472694,0.11936851637865993,0.13166254326931448,0.16230086426405455,0.1255155298239872,-0.11936851637865993,-0.13166254326931448,-0.1255155298239872,-0.042932347885394614,-0.030638320994740065,-9.923717498779297,-2.0252914428710938,-11.94900894165039,158.0234375,134.091796875,292.115234375,1.982624330593219,1.9830551414978863,1.9848126034796225,0.12677329985351535,0.12595910661742876,0.8789606393643766,-0.0008141932360865856,0.15470127796723449,0.15692709576955982,0.002225817802325336,0.0017116066201736768,0.00045390717626508594,-0.0012576994439085908,0.005098083151877625,0.0074544330978016105,0.0023563499459239995,0.003403992775287336,0.01995800245376028,-0.001757461981736208,-1.9371698597100306,-1.9297947507116442,1.9297947507116442,180.8921854277049,0.10370198673798978,0.2515864719089196,0.1478844851709298,0.015617604297845093,0.04023749720189034,0.02461989290404525,179.59876758067168,0.14788448517092845,0.1789616568212399,0.8492198937571711,0.572494432049514,0.7870440322168805,HC,Oxytocin,1,Female,0,26,0.0
N249,phase3_reinstatement,phase3_reinst_memory_fear_network,27,12684,0.049277652182398324,0.03932141347982476,0.04892115621886495,0.08153723823292747,0.07014147287957345,0.08220803525911807,0.9507223478176017,-0.009956238702573561,0.009599742739040185,-0.005156367333053469,-0.005362484163581704,0.7979561476410731,0.9927653637014314,-0.0003564959635333764,-0.0003564959635333764,-0.0003564959635333764,0.4975109608851731,0.5122278504299799,0.009738811315152973,0.009738811315152973,0.004869405657576487,0.014716889544806766,0.9997753282714057,0.004978078229653793,0.02445570085995974,0.01688736015349477,0.02664099819078449,0.522195376544443,0.00217788029494639,-0.0008700327415407503,0.004725657262101057,-0.006453500484592617,-0.011179157746693674,0.013813591845862505,0.004737316719219398,-0.009076275126643107,-0.0065976740730074035,0.03950847276875116,0.046106146841758566,-0.008960502704057932,0.04273522301104747,0.0516957257151054,0.01567415891709283,0.04019402438258394,0.0374010791862588,0.6321025713699419,0.36789742863005814,0.1088474236404108,0.12249212649154609,0.11005775578697888,0.11566977506597845,-0.1088474236404108,-0.12249212649154609,-0.11566977506597845,-0.0012103321465680716,0.01243437070456721,-11.874081373214722,3.7532687187194824,-8.12081265449524,-525.7783203125,-954.21875,-1479.9970703125,1.9827186927314586,1.9855468648537935,1.9855338564826734,0.12605829532905996,0.12602045898509215,0.8789706780832327,-3.783634396781199e-05,0.15138302496280853,0.15474133027585657,0.003358305313048031,0.003075090044615024,-0.000670547684637236,-0.0037456377292522597,0.0114241866180472,-0.003373651372628267,-0.014797837990675494,-0.004040613682289716,0.015785005844375134,1.3008371120060147e-05,-1.9366127002638085,-1.9362692126713952,1.9362692126713952,172.58048718409358,0.48223999512861865,0.6728721708225629,0.19063217569394425,0.07989546961533427,0.11213731437371159,0.032241844758377325,169.09178324844947,0.19063217569394522,-0.008716097457970171,-0.2556030929217471,0.06283062923307167,0.6766015081897573,HC,Placebo,0,Female,0,20,0.0
N250,phase3_reinstatement,phase3_reinst_memory_fear_network,27,12684,0.04440434815048955,0.04327456230830662,0.04841011545463236,0.07787517945213451,0.08332299542667615,0.08936219053572009,0.9555956518495105,-0.0011297858421829288,0.005135553146325744,0.0014379907309799433,0.008467413529063605,0.9745566451303277,1.0902109043118473,0.0040057673041428155,0.0040057673041428155,0.0040057673041428155,0.49971755356949754,0.5121001658547903,0.011817719424287887,0.011817719424287887,0.0059088597121439435,0.012382612285292804,0.9997886335131451,0.0005648928610049175,0.02420033170958069,0.0202699084795801,0.03313352286970579,0.6025514997174473,-0.0008812138826195819,0.0020656017471946107,-0.0008131584441191386,0.014031222815695937,0.014844381259815076,0.030899735831618202,0.014145863458226438,-0.016753872373391765,-0.002173744070932765,0.049322593215881366,0.05149633728681413,-0.0017671648488731956,0.0423069818080334,0.04407414665690659,0.04077407226662773,0.03361983818829788,0.047065648769829035,0.5145435476007213,0.4854564523992787,0.12984697717246202,0.11677354415298917,0.10804137551148779,0.1233102606627256,-0.12984697717246202,-0.11677354415298917,-0.1233102606627256,0.021805601660974228,0.008732168641501378,-6.216341018676758,8.570093154907227,2.3537521362304688,-1516.6923828125,1791.6494140625,274.95703125,1.9842703593807296,1.9855428884287218,1.9844717486276027,0.12552282924423036,0.12608116563969518,0.8791356492403056,0.0005583363954648202,0.15653706604877415,0.1532950903438404,-0.003241975704933741,0.005280590373709615,-0.0007981651691615424,-0.006078755542871158,0.014737402627092805,-0.000636621666269932,-0.01537402429336273,-0.010928987851615106,0.023225694589383436,0.0010711398011191697,-1.9360616331729703,-1.9411385402782324,1.9411385402782324,162.98607919024926,0.6399133682731786,0.2914346685634922,-0.34847869970968637,0.11656490667220462,0.050565115543898295,-0.06599979112830633,162.93626415895653,-0.34847869970968653,-0.1279967719399664,0.0981528148905525,-0.2994022922644103,1.413797681071095,HC,Oxytocin,1,Female,0,19,1.0
N251,phase3_reinstatement,phase3_reinst_memory_fear_network,27,12684,0.0023109323746693944,0.0029355353212028312,0.0029339317556870137,0.004672746248413573,0.006814922671499912,0.005584764841130518,0.9976890676253306,0.0006246029465334368,-1.6035655158175288e-06,0.0006238011637755281,0.0015270975079016424,1.2702762965358632,1.2695823954099006,0.0006229993810176193,0.0006229993810176193,0.0006229993810176193,0.5001561507315568,0.5007334824127732,0.0008896331443299377,0.0008896331443299377,0.0004448165721649966,0.0008896331443299932,0.9999991886576041,0.00031230146311367335,0.001466964825546313,0.0017543841587550485,0.0027349130072148176,0.5464016555014137,6.552105733313916e-05,0.00014248217122794782,-4.9320577326844584e-05,0.0017392518190570139,0.0017885723963838585,-0.0019968977871536175,-0.0014646097354141796,0.0005322880517394379,0.0005932104983898123,0.0037605234399853693,0.003167312941595557,0.0006178707870532346,0.0028908975304568624,0.0022730267434036278,0.0044646397361485365,0.0031737899729448785,0.005679058396293777,0.38232185525015366,0.6176781447498463,0.010020920653232693,0.011516041693350812,0.010921355981432526,0.010768481173291752,-0.010020920653232693,-0.011516041693350812,-0.010768481173291752,-0.0009004353281998334,0.0005946857119182858,1.9073565006256104,7.575769901275635,9.483126401901245,-396.845703125,-32.580078125,-429.42578125,1.9991602199774334,1.999159581939521,1.998952157849342,0.11953419085991333,0.11962161703304476,0.8807088782625317,8.742617313142742e-05,0.12165750032897739,0.12206477180951805,0.00040727148054067047,1.9121094008334932e-05,0.00011770068711646575,9.857959310813082e-05,0.00020015049003266339,0.0010817140452494683,0.0008815635552168119,0.0008480532581490764,0.0012444529507420403,0.00020742409017882046,-1.9960182260936552,-1.9968486495648516,1.9968486495648516,211.6887947983027,0.009067556387189299,0.005010669754055252,-0.004056886633134047,0.005750227154129646,0.0028194447209519877,-0.002930782433177658,208.5935704242101,-0.004056886633134336,0.0181309111246626,0.08590179730875672,0.038894012021244026,0.20524603420215368,HC,Oxytocin,1,Female,0,19,1.0
N252,phase3_reinstatement,phase3_reinst_memory_fear_network,27,12684,0.028376870044686364,0.025640480091724704,0.029061110421762293,0.05801202593163418,0.05505154145134028,0.06860470585710216,0.9716231299553136,-0.0027363899529616598,0.0034206303300375884,-0.0010260747879428656,0.0038160977225870363,0.9035693864634686,1.02411224828094,0.0006842403770759287,0.0006842403770759287,0.0006842403770759287,0.4993159029386264,0.5072647663255638,0.006580669264190209,0.006580669264190209,0.0032903346320951044,0.007948863386937455,0.999923181284899,0.001368194122747246,0.014529532651127663,0.011734457399884976,0.01731771353027657,0.6515053049246381,-0.0018959747680884962,0.0030715754486489127,-0.008377002245043896,0.01642347440674574,0.024800476651789638,-0.005934502407521025,0.009692919446481207,0.015627421854002232,-0.00671975305958844,0.034211903940209315,0.040931656999797755,-0.002531251937066492,0.026000166736836444,0.028531418673902936,0.013150161585139646,0.01392856556126943,0.018312656588894145,0.5495520547436754,0.4504479452563246,0.08289251185872683,0.09020026060000522,0.10254346743671854,0.08654638622936603,-0.08289251185872683,-0.09020026060000522,-0.08654638622936603,-0.019650955577991708,-0.012343206836713319,-3.2920494079589844,-3.1954574584960938,-6.487506866455078,782.16796875,585.544921875,1367.712890625,1.9901201252462482,1.9911517912595311,1.9909057101708825,0.12316705108853637,0.12326755817756113,0.8797558456209175,0.00010050708902475947,0.14191930059082014,0.14379831228321904,0.0018790116923988777,-0.0009908947606843278,0.0028092561768947167,0.003800150937579045,-0.0024603845013343173,0.013820057801766733,0.016280442303101057,0.010019232843949406,0.007481652198662877,0.0002460810886486531,-1.9618445997491203,-1.9627749212148449,1.9627749212148449,170.10145830520278,0.263906446484271,0.2993841262945016,0.035477679810230645,0.058839818522517205,0.06599147421435543,0.007151655691838225,167.41257845391857,0.0354776798102312,0.12278505627554123,0.4116249634168696,0.241290161518666,1.5010322882667935,HC,Placebo,0,Female,0,30,0.0
N253,phase3_reinstatement,phase3_reinst_memory_fear_network,27,12684,0.10631610176515349,0.13254606086181597,0.05812469953088317,0.1764665795651928,0.2144540037045879,0.10326992253781381,0.8936838982348465,0.02622995909666248,-0.0744213613309328,-0.01098072156880392,-0.017604616443991944,1.2467165950782984,0.5467158134909738,-0.04819140223427032,-0.04819140223427032,-0.04819140223427032,0.5065571138314071,0.5145270851566026,0.021084198988009673,0.021084198988009673,0.010542099494004864,0.021084198988009728,0.999633464745352,0.013114227662814226,0.02905417031320523,0.033557267781290305,0.03637322468197048,1.0162179661163713,0.008985607503129186,-0.004053298483584471,0.030107892972153494,-0.015745470440874515,-0.04585336341302801,0.0651044388025801,-0.02951934169905368,-0.09462378050163378,0.03460173807922401,0.03969400874899609,0.005092270669772081,0.019547791593147262,0.04756674396943335,0.028018952376286085,0.029148727315112866,0.06141317994620909,0.07673490296651447,0.23019128909281059,0.7698087109071894,0.23161266624167973,0.15911517510123882,0.15752275490794138,0.19536392067145927,-0.23161266624167973,-0.15911517510123882,-0.19536392067145927,0.07408991133373835,0.0015924201932974447,22.558788776397705,-24.990820288658142,-2.432031512260437,2562.529296875,-1928.21484375,634.314453125,1.9770952021468884,1.9543763414243294,1.96777717771757,0.13610080799539362,0.12901989944630043,0.8783711682067958,-0.0070809085490931845,0.19297798655140325,0.16714863476504238,-0.025829351786360852,0.0027982214170618287,-0.0005127692224936104,-0.0033109906395554396,-0.008636614892064576,-0.003544049660538673,0.005092565231525917,-0.023283069170597893,0.09763755751953386,-0.013400836293240737,-1.909652478186687,-1.8480602396591759,1.8480602396591759,168.79266329575003,-0.626916308644324,0.1637355467903528,0.7906518554346769,-0.06999247806598045,0.02575130257345438,0.09574378063943484,165.4988533385488,0.7906518554346765,-0.3589552602989903,-1.7259171475663853,-0.07230671834851592,2.6975331491880663,HC,Oxytocin,1,Male,1,26,0.0
N254,phase3_reinstatement,phase3_reinst_memory_fear_network,27,12684,0.017974193269756467,0.023120613960565417,0.0169801043914799,0.032703701834297216,0.046723146163705875,0.031639043302418346,0.9820258067302435,0.0051464206908089505,-0.006140509569085517,0.002076165906266192,0.006477392898764894,1.2863220479690658,0.9446930212506695,-0.0009940888782765667,-0.0009940888782765667,-0.0009940888782765667,0.5012866023329956,0.504244924105588,0.005531526438583623,0.005531526438583623,0.0027657632192917836,0.005531526438583567,0.9999716150551057,0.0025732046659912022,0.008489848211175932,0.01015780762846357,0.012859382679559002,0.8558219889994946,0.0007847826333037597,-0.0009370173458635154,0.0044191820788757885,-0.009351924449511106,-0.013771106528386895,0.018857339247874805,-0.00401177311949974,-0.022869112367374544,0.007027578621086411,0.010821665450523071,0.0037940868294366603,0.004817987581648517,0.015497627675278625,0.010679640093630108,0.016630017801782047,0.014832590224161992,0.021771752711196336,0.3169039750045217,0.6830960249954783,0.06823438491108422,0.0789738050832415,0.06043587995363346,0.07360409499716286,-0.06823438491108422,-0.0789738050832415,-0.07360409499716286,0.007798504957450755,0.018537925129608043,6.47990246117115,-15.488253310322762,-9.008350849151611,-1272.3896484375,2006.65625,734.2666015625,1.9947776099142596,1.9927176182521849,1.9930835518661862,0.12188030817485573,0.12173482592629672,0.8802476691737972,-0.00014548224855900904,0.13717477290252772,0.13954109464129702,0.0023663217387693176,-0.001368560456023834,-0.0007169344083900448,0.0006516260476337892,-0.0069696143737897065,-0.005626143213557755,0.0013434711602319307,0.003038057318885283,0.01777474339176982,-0.00036593361400139024,-1.9761034474747063,-1.9747434249824285,1.9747434249824285,174.84167107643478,0.05275039396092293,-0.03842052381101717,-0.0911709177719401,0.014290806731926228,-0.010681776862729026,-0.024972583594655255,174.35227670183508,-0.09117091777194046,-0.00609540350399153,0.1669956066901496,-0.007673114426865663,0.913838864558375,HC,Oxytocin,1,Female,0,37,1.0
N255,phase3_reinstatement,phase3_reinst_memory_fear_network,27,12684,0.008281572986058583,0.010307114285716512,0.009614250136815383,0.01568663559429767,0.019690242650833856,0.02643466112313514,0.9917184270139414,0.002025541299657929,-0.0006928641489011289,0.0016791092252073647,0.0073758162926868265,1.244582624248016,1.1609193741100277,0.0013326771507568003,0.0013326771507568003,0.0013326771507568003,0.5005063851517806,0.5024035440201723,0.0029099291719529297,0.0029099291719529297,0.001454964585976437,0.002909929171952874,0.9999912955397621,0.0010127703035611724,0.004807088040344576,0.005580274530641284,0.0072300350418176215,0.8633085098916354,-0.0021260298733500288,0.00011033889340424823,-0.010434144802774575,-6.043636227104354e-05,0.010373708440503532,-0.012158430771161632,-0.0043447946760178935,0.007813636095143739,-0.003299521022352675,0.009212779501112434,0.012512300523465109,0.0019175513790346127,0.009242997682247955,0.007325446303213343,0.0038982210481519402,0.0076722342533865565,0.006788157889854641,0.3889587578108993,0.6110412421891007,0.03623388168805258,0.03818083946282749,0.04522569862183194,0.03720736057544004,-0.03623388168805258,-0.03818083946282749,-0.03720736057544004,-0.008991816933779359,-0.007044859159004449,-1.731450080871582,-4.469007253646851,-6.200457334518433,274.873046875,148.4267578125,423.2998046875,1.997164664386927,1.9969324224620788,1.9964871579118175,0.1203996691917301,0.12058808671335375,0.8804990643641125,0.00018841752162364334,0.12824918127033053,0.12889606602624926,0.0006468847559186995,0.00010269518975975474,-0.0005135109964812181,-0.0006162061862409728,0.0004478260914564658,-0.0037002066879147366,-0.0041480327793711955,-0.0014271316337668982,0.006123887726643481,0.00044526455026128176,-1.9868729077750023,-1.9886508494760202,1.9886508494760202,198.70805893304262,0.029357814540471656,0.03880289456561714,0.009445080025145484,0.010336541577342888,0.012679130432084811,0.0023425888547419227,198.01163098989034,0.009445080025144825,-0.1275931329073434,-0.41299184144227885,-0.1970508406959946,0.6456112088096521,HC,Oxytocin,1,Female,0,29,1.0
N257,phase3_reinstatement,phase3_reinst_memory_fear_network,27,12684,0.02229138552976162,0.022531061259751795,0.027037124220237074,0.04548900676719836,0.04459782386261191,0.0457185133288609,0.9777086144702384,0.00023967572999017417,0.00450606296048528,0.002492707210232814,-0.0003308381714619557,1.010751490622029,1.2128950914777565,0.004745738690475454,0.004745738690475454,0.004745738690475454,0.5000599189322107,0.5067588693288576,0.006818788261068298,0.006818788261068298,0.003409394130534149,0.006818788261068298,0.9999340871642917,0.00011983786442137934,0.013517738657715217,0.012785832730057824,0.019749043993421957,0.6255763133299858,-0.0016126379391452987,6.095518690908884e-05,-0.007994346739294472,-0.00450306267586198,0.0034912840634324926,-0.00195884537535429,0.013176176922572114,0.015135022297926404,-0.004212773203075781,0.023535733955613203,0.027748507158688984,-0.00021559983342854527,0.025787265293544193,0.026002865126972738,0.01692004320538896,0.019289953583392964,0.029574757664718766,0.5030378190180607,0.49696218098193934,0.06980506467053119,0.060103296449527666,0.06388205146329197,0.06495418056002943,-0.06980506467053119,-0.060103296449527666,-0.06495418056002943,0.005923013207239217,-0.003778755013764304,-18.7895450592041,24.235116958618164,5.4455718994140625,-1501.166015625,-229.8232421875,-1730.9892578125,1.9917319876524262,1.9929005435788931,1.9913132274849927,0.1223234722990566,0.12300501972859053,0.8799262529421752,0.0006815474295339269,0.13795589467798702,0.13642369423890136,-0.0015322004390856368,-0.0005789763195406746,0.0002243668977429983,0.0008033432172836729,5.7576398722059e-06,-0.0002715915174769934,-0.0002773491573491785,-0.001670875017760226,0.00818473499581756,0.0015873160939003927,-1.9642761032647558,-1.9706091580491316,1.9706091580491316,198.16072387643715,1.0013428563757811,0.8971807725921671,-0.10416208378361402,0.20895799964216014,0.1708810170587061,-0.038076982583454044,198.03584266281868,-0.10416208378361058,-0.23082486240001168,-1.3910590631948487,-0.799691615381035,1.3871443910023138,HC,Placebo,0,Female,0,18,0.0
N258,phase3_reinstatement,phase3_reinst_memory_fear_network,27,12684,0.09372676774383115,0.067717197408247,0.09795899267410246,0.1970494095646501,0.13380464137763015,0.18536747978663476,0.9062732322561688,-0.026009570335584153,0.030241795265855465,-0.010888672702656421,-0.03746334898251766,0.722495737486334,1.0451548109531577,0.004232224930271311,0.004232224930271311,0.004232224930271311,0.4934979739624694,0.5244701833802944,0.017968157342763802,0.017968157342763802,0.008984078671381901,0.03097220941782497,0.9990747900459963,0.013004052075061168,0.04894036676058877,0.025118760376621786,0.04875052744617824,0.4095105600293032,-0.0015977550136587193,0.0032678135282610795,-0.010384987211680019,0.0012137890499509252,0.011598776261630944,-0.005024268945854504,0.08289599179035645,0.08792026073621095,-0.02718138246242735,0.07283330413480638,0.10001468659723373,-0.02198888885658734,0.07222640960983091,0.09421529846641825,0.03721488825745279,0.07534463279514261,0.10762403451207365,0.6855751221498495,0.3144248778501505,0.15171836038722053,0.20106641310101436,0.21316673397249977,0.17639238674411745,-0.15171836038722053,-0.20106641310101436,-0.17639238674411745,-0.06144837358527924,-0.01210032087148541,-45.37925338745117,26.195056915283203,-19.18419647216797,2166.0625,-2002.171875,163.890625,1.9646391552223177,1.9746215148213593,1.9729857495258285,0.13228613484938634,0.1329611555711332,0.8770341390631753,0.0006750207217468551,0.16926124545779136,0.18384842892358233,0.014587183465790975,0.002298972461228122,0.005651432801478628,0.003352460340250506,0.005800228261531704,0.018124006560804706,0.01232377829927301,0.02074907261542748,0.06422688182041607,0.0016357652955307778,-1.875026756851726,-1.8808947470775281,1.8808947470775281,184.63714739190473,0.24227228993382222,0.4310051029321136,0.18873281299829137,0.026549320844443353,0.04634649943567833,0.01979717859123498,183.48473921604273,0.18873281299829048,-0.006088762855854653,-0.3759070293152983,0.0007792983406413323,1.2373159903109165,HC,Placebo,0,Female,0,19,1.0
N259,phase3_reinstatement,phase3_reinst_memory_fear_network,27,12684,0.027848435866537402,0.038354935919370226,0.04190569212738626,0.05951280724196184,0.06400811556425984,0.07072361646930159,0.9721515641334626,0.010506500052832823,0.003550756208016037,0.012281878156840842,0.007853058774818872,1.3772738379435883,1.5047766876549473,0.01405725626084886,0.01405725626084886,0.01405725626084886,0.5026266008514703,0.5104748901751427,0.013101491026612955,0.013101491026612955,0.006550745513306477,0.013101491026612955,0.9998317378779504,0.005253201702940524,0.020949780350285385,0.02398349531339098,0.028170527931825624,1.1718161231112616,-0.0009340462621374181,-0.001879953017515282,0.005289817486048565,-0.010018254262145448,-0.015308071748194013,-0.034331436505169566,-0.00819637072420254,0.026135065780967026,0.012065846677823955,0.033536925560909564,0.02147107888308561,0.009420937934799672,0.03854605269198229,0.029125114757182616,0.027831983138617417,0.006964035716120534,0.03124903374561914,0.37486324024836276,0.6251367597516373,0.09882041775690946,0.07957532959805283,0.12127023212595248,0.08919787367748114,-0.09882041775690946,-0.07957532959805283,-0.08919787367748114,-0.022449814369043017,-0.04169490252789965,-4.31757926940918,5.499429702758789,1.1818504333496094,-57.662109375,-394.9033203125,-452.5654296875,1.9887086483813738,1.9899836916753362,1.985051529336216,0.12323614964137326,0.1253026601581274,0.8796064517854795,0.002066510516754147,0.14580285329595344,0.14331199228796337,-0.0024908610079900917,0.0004949109840405939,-0.0001715090410804141,-0.0006664200251210081,0.0013093171906398693,-0.0022743291331026594,-0.0035836463237425564,-0.00428268416986137,0.010290708623988632,0.004932162339120083,-1.9431458372088297,-1.9621352558087988,1.9621352558087988,151.7721691881131,-0.11545918100430617,0.22739522357051867,0.34285440457482486,-0.029498709783270752,0.04774232331778153,0.07724103310105229,146.8586588568733,0.3428544045748245,-0.11137535554693312,-0.41543748837766337,0.13513566038599276,0.564543557583721,HC,Oxytocin,1,Female,0,23,1.0
N260,phase3_reinstatement,phase3_reinst_memory_fear_network,27,12684,0.0029282010303043338,0.001690175776029812,0.0022775109830505125,0.005807458609717597,0.0026877298702775443,0.003644509197979484,0.9970717989696957,-0.0012380252542745218,0.0005873352070207005,-0.0009443576507641716,-0.002641339075589083,0.5772042241962831,0.7777823932361211,-0.0006506900472538213,-0.0006506900472538213,-0.0006506900472538213,0.4996904937259632,0.5005693774996466,0.0002598712256097757,0.0002598712256097757,0.00012993561280488786,0.0008788837736833921,0.9999993940897998,0.0006190125480736164,0.0011387549992931678,0.0005184357222265401,0.00174830730448014,0.26821501739237413,-0.00011194867863689728,8.472927844839164e-05,-0.0005902791620662762,0.0006367411116785515,0.0012270202737448277,-0.0015088943582569625,-0.0006619812439110362,0.0008469131143459263,-0.001525011163286738,0.002585113582545956,0.004110124745832694,-0.0012298715822536,0.00226674302670668,0.00349661460896028,0.0008755356284046005,0.001309260010150495,0.0010943591837716223,0.7716151618759741,0.22838483812402588,0.006237743869038914,0.005102053349877109,0.005410033557253238,0.0056698986094580114,-0.006237743869038914,-0.005102053349877109,-0.0056698986094580114,0.000827710311785676,-0.0003079802073761295,2.511922389268875,-4.0533545315265656,-1.5414321422576904,-833.02734375,72.5546875,-760.47265625,1.9990309171665155,1.9992265163950598,1.999443055592606,0.11959212333413381,0.11950084301848682,0.880695292943496,-9.128031564699379e-05,0.12090967253190615,0.12057762890723522,-0.0003320436246709302,-7.259178145638307e-05,4.86053962846635e-05,0.00012119717774104656,-0.000519265301587371,7.357356726242492e-05,0.0005928388688497752,-3.56241902460426e-05,0.0007054953473004064,-0.0002165391975461617,-1.9971655446095555,-1.9962983153647555,1.9962983153647555,197.35643061619416,0.00670060934673387,0.024120329730480915,0.017419720383747044,0.004281233667023226,0.017481238743937016,0.013200005076913789,183.8581058821728,0.01741972038374706,-0.016018674568519235,-0.04255509998501583,-0.0038578296087608613,0.20559830532616524,HC,Placebo,0,Female,0,32,0.0
N101,phase3_reinstatement,phase3_reinst_schaefer_tian,24,41570,1.4225842982323722,1.5634132961593594,1.5106924868514424,1.147132578899123,1.146521153425966,1.1703967049189203,-0.4225842982323722,0.14082899792698722,-0.052720809307917005,0.11446859327302872,0.011326350273320296,1.098995178782742,1.0619352948779175,0.08810818861907022,0.08810818861907022,0.08810818861907022,0.5351491764398442,0.8191638106880682,0.3543129871279124,0.3543129871279124,0.17715649356395619,0.35431298712791237,0.839167581867115,0.07029835287968833,0.6383276213761364,0.2506492764621114,0.2995726269456334,0.8879092187894305,0.04884866209305665,-0.05446668844124,0.24587327908119888,-0.17077019613077854,-0.41664347521197753,0.13288592859527704,-0.3444957735768772,-0.47738170217215425,0.16035632475906803,0.3784937696403648,0.2181374448812968,0.037419685218468585,0.4638788677057541,0.4264591824872856,0.23342745457302402,0.1656083733625189,0.27105716285673487,0.45887143364263683,0.5411285663573632,0.6939363032771395,0.6938685438823624,0.7057871151600185,0.693902423579751,-0.6939363032771395,-0.6938685438823624,-0.693902423579751,-0.011850811882878953,-0.011918571277656054,-11.763813018798828,-0.8823208808898926,-12.64613389968872,310.458984375,-1158.87890625,-848.419921875,,,,,,,,,,,,,,,,,,,,,,,,,,,,,,,,,,,,SAD,Placebo,0,Female,0,21,0.0
N103,phase3_reinstatement,phase3_reinst_schaefer_tian,24,41570,1.5773310052787095,1.4766313951933299,1.4426226847741634,1.2830544727523714,1.1764613478984223,1.2214959317377043,-0.5773310052787095,-0.10069961008537964,-0.03400871041916642,-0.11770396529496274,-0.08407583293430809,0.9361582197332332,0.9145972980942472,-0.13470832050454606,-0.13470832050454606,-0.13470832050454606,0.4748463495842654,0.8088604606746742,0.2837068102589396,0.2837068102589396,0.1418534051294698,0.3340141110904088,0.8510114179176453,0.05030730083146917,0.6177209213493484,0.19486910939694407,0.2591953108501916,0.7154597709253183,0.0330390165008077,-0.03809121321906163,0.07004676627352086,-0.11136368854745798,-0.18141045482097884,0.22529923770504046,-0.33137488116845526,-0.5566741188734957,0.0058586673798828315,0.36322109027703675,0.3573624228971539,-0.029164715756877596,0.41890293455076577,0.44806765030764334,0.1474672614517553,0.13809795876894526,0.21822935710045163,0.5593386459253565,0.44066135407464346,0.7319238584441141,0.7071544626133328,0.6871476777064807,0.7195391605287235,-0.7319238584441141,-0.7071544626133328,-0.7195391605287235,0.04477618073763345,0.02000678490685215,0.9537467956542969,-6.903621673583984,-5.9498748779296875,-527.427734375,-596.421875,-1123.849609375,,,,,,,,,,,,,,,,,,,,,,,,,,,,,,,,,,,,SAD,Oxytocin,1,Female,0,23,0.0
N104,phase3_reinstatement,phase3_reinst_schaefer_tian,24,41570,1.5299898484761305,1.4406382323977418,1.5277064741156905,1.087157470986694,1.153908889371971,1.1766829386294924,-0.5299898484761305,-0.08935161607838871,0.08706824171794869,-0.04581749521941436,0.0781384430140375,0.9415998572909609,0.9985075820288677,-0.002283374360440016,-0.002283374360440016,-0.002283374360440016,0.47767694573961694,0.8216704961423926,0.29934744188200957,0.29934744188200957,0.14967372094100478,0.3439935504027757,0.8374853150908022,0.044646108520766115,0.6433409922847853,0.20945420123884256,0.2642553370264932,0.7438548207517895,0.004509660605989683,-8.0071583344806e-05,0.058454487582802306,-0.04129292773615073,-0.09974741531895293,-0.14909996322268748,-0.013302379908018858,0.13579758331466862,0.0015802854548381262,0.42590889694617273,0.4243286114913347,-0.027646958336563027,0.4465553608142481,0.4742023191508112,0.17329982361171348,0.28167611001683646,0.39662950362581795,0.5482372252510627,0.45176277474893733,0.7064026095125793,0.7043814091120729,0.7016033071310284,0.705392009312326,-0.7064026095125793,-0.7043814091120729,-0.705392009312326,0.004799302381550907,0.002778101981044556,4.8206742182374,-6.234957970678806,-1.4142837524414062,-1589.591796875,-235.68359375,-1825.275390625,,,,,,,,,,,,,,,,,,,,,,,,,,,,,,,,,,,,SAD,Oxytocin,1,Male,1,33,0.0
N105,phase3_reinstatement,phase3_reinst_schaefer_tian,24,41570,1.3460955192508304,1.5560685560942367,1.5873187632269898,1.1326636794658271,1.2388167044602874,1.2990630716908722,-0.3460955192508304,0.2099730368434063,0.03125020713275317,0.22559814040978288,0.13627620860975265,1.1559867203186291,1.1792021656222367,0.24122324397615946,0.24122324397615946,0.24122324397615946,0.5523012425501361,0.8302385373703587,0.3825397799204948,0.3825397799204948,0.1912698899602474,0.3825397799204948,0.8246258024428594,0.10460248510027226,0.6604770747407174,0.2622488676162943,0.33268178580670865,0.8756645522784919,0.029542765840029572,-0.020054495701480192,0.15721961877175858,-0.1583283908372699,-0.3155480096090285,0.2107863821343382,-0.051113883470623844,-0.26190026560496205,0.12823536083667308,0.3957079883631598,0.2674726275264867,0.049625551450793795,0.47487218378179474,0.42524663233100096,0.3788143554867779,0.2716395750898145,0.33083207400666365,0.35006869979001926,0.6499313002099807,0.7277398279866956,0.6989098701898362,0.7427008213145752,0.7133248490882659,-0.7277398279866956,-0.6989098701898362,-0.7133248490882659,-0.01496099332787959,-0.043790951124738964,-1.3408981561660767,-14.620212078094482,-15.961110234260559,-257.5078125,1105.58984375,848.08203125,,,,,,,,,,,,,,,,,,,,,,,,,,,,,,,,,,,,SAD,Oxytocin,1,Female,0,21,0.0
N106,phase3_reinstatement,phase3_reinst_schaefer_tian,24,41570,1.3395956838162275,1.5944930069676653,1.5544270283811268,0.9467060786841769,1.3331551375211403,1.0671646659471352,-0.3395956838162275,0.25489732315143776,-0.04006597858653849,0.2348643338581684,0.2534538230499609,1.1902792867490406,1.1603702785523966,0.21483134456489927,0.21483134456489927,0.21483134456489927,0.563381529689756,0.8255522128327669,0.38893374252252294,0.38893374252252294,0.19446687126126144,0.3889337425225229,0.8280782511522656,0.12676305937951193,0.6511044256655338,0.2828846911097829,0.31249502551788566,0.993771571126485,-0.009108895413860023,-0.042157969883632976,-0.12386023594816503,-0.1324861367015202,-0.008625900753355231,-0.07181166367883574,-0.2838808102942283,-0.21206914661539256,0.028452512374176786,0.4091436835205464,0.38069117114636963,0.0903826303482593,0.4753867518713066,0.38500412152304725,0.22807261822550676,0.36995721208736365,0.4512820103859085,0.303817474761681,0.696182525238319,0.6431091339930506,0.6978270562445075,0.6771788809293641,0.670468095118779,-0.6431091339930506,-0.6978270562445075,-0.670468095118779,-0.03406974693631348,0.020648175315143402,-11.169527053833008,22.7383975982666,11.568870544433594,1712.30859375,-4083.119140625,-2370.810546875,,,,,,,,,,,,,,,,,,,,,,,,,,,,,,,,,,,,SAD,Oxytocin,1,Female,0,22,0.0
N108,phase3_reinstatement,phase3_reinst_schaefer_tian,24,41570,1.4473120083331052,1.4609523332802994,1.5875037702049741,1.204095446471924,1.1748726347027247,1.2507065374614488,-0.44731200833310525,0.013640324947194138,0.12655143692467474,0.07691604340953151,0.008694139610162743,1.0094245848679568,1.0968635305283585,0.14019176187186888,0.14019176187186888,0.14019176187186888,0.503410028364909,0.8302646111248261,0.3336746394897351,0.3336746394897351,0.16683731974486754,0.3336746394897351,0.8285327749998614,0.006820056729818003,0.6605292222496522,0.315802425154232,0.41278516221609635,0.7830274735672749,0.055317583253208714,-0.06739781018900762,0.3399429243246368,-0.3884897337038091,-0.7284326580284459,0.08077631222760606,-0.08898423443377868,-0.16976054666138474,0.24206177184056646,0.36526967377831143,0.12320790193774497,0.07209030967824806,0.559514540630216,0.4874242309519679,0.4301124776770297,0.3013450538971994,0.5350038489423794,0.4921358774679666,0.5078641225320334,0.7681135673187531,0.6468918150319511,0.6529746195114678,0.7075026911753521,-0.7681135673187531,-0.6468918150319511,-0.7075026911753521,0.11513894780728529,-0.006082804479516701,1.7477073669433594,-3.224346160888672,-1.4766387939453125,-562.291015625,418.78125,-143.509765625,,,,,,,,,,,,,,,,,,,,,,,,,,,,,,,,,,,,SAD,Oxytocin,1,Male,1,22,1.0
N109,phase3_reinstatement,phase3_reinst_schaefer_tian,24,41570,1.4317268938252865,1.3689684538396594,1.6790670706628683,1.1395955622864418,1.1733758577031836,1.3424444840171867,-0.4317268938252865,-0.06275843998562713,0.31009861682320894,0.09229086842597733,0.11831460857374343,0.9561659071866645,1.1727565265252324,0.2473401768375818,0.2473401768375818,0.2473401768375818,0.484315537596144,0.842780956369963,0.32709649396610696,0.32709649396610696,0.16354824698305348,0.358465418773819,0.8134524951993465,0.03136892480771203,0.685561912739926,0.26596369697301614,0.3625429175623285,0.7512726190427741,0.004750070420296961,-0.009337053474721854,-0.08143629597870117,-0.10788665405061548,-0.026450358071914537,0.11772755589959416,0.003262163422678266,-0.1144653924769159,-0.04241152338075563,0.4796774423121296,0.5220889656928851,-0.0016933753914050442,0.5336207693374373,0.5353141447288423,0.4029416851840764,0.35184213959446836,0.27160937504050364,0.5629167170986232,0.43708328290137677,0.7402323189672884,0.6819508433494809,0.6503003628665434,0.7110915811583847,-0.7402323189672884,-0.6819508433494809,-0.7110915811583847,0.089931956100745,0.031650480482937504,-12.973712295293808,-0.5205698013305664,-13.494282096624374,-1046.939453125,-458.853515625,-1505.79296875,,,,,,,,,,,,,,,,,,,,,,,,,,,,,,,,,,,,SAD,Oxytocin,1,Female,0,33,1.0
N110,phase3_reinstatement,phase3_reinst_schaefer_tian,24,41570,1.4189131154674872,1.5987098740916479,1.4764907661655042,1.157735362326537,1.1573474542504165,1.1125529775570038,-0.4189131154674872,0.17979675862416067,-0.12221910792614366,0.11868720466108873,-0.022785146422826807,1.126714416405813,1.0405786934129932,0.05757765069801701,0.05757765069801701,0.05757765069801701,0.5448284909215694,0.8140419464434877,0.3588704373650571,0.3588704373650571,0.17943521868252854,0.3588704373650571,0.8435663854454278,0.08965698184313875,0.6280838928869754,0.24158855485839112,0.3000006457406817,0.8410084952788587,-0.007235333749817903,-0.03775756877412766,-0.09153175099229324,-0.22088116854620554,-0.12934941755391222,0.06603845589955193,-0.25699103632427633,-0.32302949222382826,0.00423000691981687,0.322740643027716,0.31851063610789915,0.04999588241596349,0.43318122730081876,0.38318534488485523,0.27505551293338665,0.2506024781538206,0.4535531771089088,0.3425186411648585,0.6574813588351416,0.6961889022402581,0.7021208739354783,0.7093984899186669,0.6991548880878682,-0.6961889022402581,-0.7021208739354783,-0.6991548880878682,-0.013209587678408852,-0.007277615983188657,-4.783688068389893,-16.19528031349182,-20.978968381881714,-1579.849609375,2084.232421875,504.3828125,,,,,,,,,,,,,,,,,,,,,,,,,,,,,,,,,,,,SAD,Placebo,0,Female,0,21,0.0
N111,phase3_reinstatement,phase3_reinst_schaefer_tian,24,41570,1.320756770095263,1.669821930404773,1.4884381896326329,1.1630875387028592,1.3740826904647225,1.2952118862957,-0.32075677009526293,0.34906516030951007,-0.18138374077214015,0.2583732899234401,0.171559749677352,1.2642917723915321,1.1269585831884017,0.16768141953736992,0.16768141953736992,0.16768141953736992,0.586390864386253,0.8158437376628228,0.40223460204907585,0.40223460204907585,0.2011173010245379,0.4022346020490758,0.8337211297730286,0.17278172877250597,0.6316874753256456,0.35136154282589116,0.3864753083642486,1.2288118056261763,0.008549818878807226,4.472987073947123e-05,0.12883814308601604,-0.04917619437710896,-0.17801433746312512,-0.13377864550184038,0.12429050529281183,0.2580691507946522,0.1796940192786634,0.5628600407275725,0.383166021448909,0.11527494773565539,0.5874481379161269,0.4721731901804715,0.30554852912444985,0.11609590930740306,0.3759940115364651,0.25764560066543424,0.7423543993345658,0.6784058546894145,0.6049332062634009,0.7083458049268179,0.6416695304764077,-0.6784058546894145,-0.6049332062634009,-0.6416695304764077,-0.029939950237403368,-0.10341259866341701,-10.11508822441101,12.292073011398315,2.1769847869873047,-1150.9609375,958.6953125,-192.265625,,,,,,,,,,,,,,,,,,,,,,,,,,,,,,,,,,,,SAD,Placebo,0,Male,1,19,0.0
N112,phase3_reinstatement,phase3_reinst_schaefer_tian,24,41570,1.4668950950857589,1.4271080372032485,1.6001814356622859,1.1327498238311473,1.1557495890825575,1.2120104886625525,-0.4668950950857589,-0.03978705788251036,0.17307339845903735,0.04674964134700832,0.05113021504140769,0.9728766782678818,1.090862891364502,0.133286340576527,0.133286340576527,0.133286340576527,0.4900545474739719,0.8320437417425264,0.3220982892164983,0.3220982892164983,0.16104914460824915,0.34198919426855445,0.8263613611872533,0.01989090505205615,0.6640874834850528,0.25014353125213895,0.32767789369493916,0.8157888833352454,-0.013885159812240025,-0.013282765267711882,-0.017307772512093172,-0.07316147347438634,-0.05585370096229314,-0.12802017230221763,-0.15693456878817735,-0.028914396485959726,-0.026914644031071105,0.4819670835421093,0.5088817275731804,-0.01826075777502452,0.5185478202793025,0.536808578054327,0.29929297418528833,0.11379896945346496,0.35705237397328193,0.5220713997326838,0.4779286002673162,0.6827455736491319,0.6771886751529635,0.7827920290913541,0.6799671244010477,-0.6827455736491319,-0.6771886751529635,-0.6799671244010477,-0.10004645544222224,-0.1056033539383906,-4.5242917239665985,1.9402844905853271,-2.5840072333812714,-1530.71484375,979.01953125,-551.6953125,,,,,,,,,,,,,,,,,,,,,,,,,,,,,,,,,,,,SAD,Placebo,0,Male,1,22,1.0
N113,phase3_reinstatement,phase3_reinst_schaefer_tian,24,41570,1.4851895956046504,1.541473894257459,1.4724134836782932,1.1623130006634355,1.1591348162570136,1.129083315271195,-0.48518959560465036,0.056284298652808706,-0.0690604105791659,0.021754093363225868,-0.018203934899331253,1.037897039166184,0.9913976492441477,-0.012776111926357192,-0.012776111926357192,-0.012776111926357192,0.5140673611670331,0.8134239465239721,0.3274913076910052,0.3274913076910052,0.1637456538455026,0.3274913076910052,0.8468412789747687,0.02813472233406622,0.6268478930479442,0.22265048484186356,0.27274750148654997,0.8511361936789794,-0.03092496084670584,-0.01965240224974884,-0.14976987313091675,0.0016052028918075445,0.15137507602272426,-0.33491198316289017,-0.32149200275783296,0.013419980405057208,-0.05541475145696759,0.4266333860211401,0.4820481374781077,0.019470185108490787,0.4258307845752363,0.4063605994667456,0.18829879001035973,0.25561607902957684,0.3443720651094066,0.48228422937139853,0.5177157706286015,0.6672357253078435,0.7108490709279862,0.6671585720722868,0.6890423981179148,-0.6672357253078435,-0.7108490709279862,-0.6890423981179148,7.715323555668174e-05,0.04369049885569942,-8.180463790893555,1.333754539489746,-6.846709251403809,-417.90625,1763.4375,1345.53125,,,,,,,,,,,,,,,,,,,,,,,,,,,,,,,,,,,,SAD,Oxytocin,1,Male,1,20,0.0
N114,phase3_reinstatement,phase3_reinst_schaefer_tian,24,41570,1.4429054856628634,1.52702110430221,1.5285300074986239,1.219755791997557,1.084273003180607,1.2541627708414493,-0.44290548566286336,0.08411561863934658,0.0015089031964139465,0.08487007023755355,-0.05053790498652888,1.0582959929754128,1.0593417324233179,0.08562452183576053,0.08562452183576053,0.08562452183576053,0.5210165143684033,0.821791134952809,0.3428076493212124,0.3428076493212124,0.17140382466060616,0.3428076493212123,0.8374340780933334,0.0420330287368067,0.643582269905618,0.22572286507078443,0.3238320957154776,0.7308916542340395,0.06863551153920742,-0.007397371061006667,0.23161742683669717,-0.0671638248404825,-0.2987812516771798,0.5359660131312793,0.09104917270050783,-0.4449168404307715,0.11322998064651713,0.4204425504931591,0.30721256984664197,-0.00257873277183146,0.4540244629134004,0.4566031956852318,0.3038929757364315,0.25507712222589446,0.5143941248097151,0.3726507808502801,0.6273492191497199,0.7275825381393715,0.7063828156282782,0.7062511392087512,0.7169826768838248,-0.7275825381393715,-0.7063828156282782,-0.7169826768838248,0.021331398930620304,0.00013167641952704923,10.009204864501953,-20.017776489257812,-10.00857162475586,2785.5703125,-5805.275390625,-3019.705078125,,,,,,,,,,,,,,,,,,,,,,,,,,,,,,,,,,,,SAD,Placebo,0,Male,1,23,0.0
N115,phase3_reinstatement,phase3_reinst_schaefer_tian,24,41570,1.5988053089177252,1.4508049881574268,1.4449521140380956,1.2738135773403523,1.1862338651822728,1.1707966792112905,-0.5988053089177252,-0.14800032076029845,-0.0058528741193311085,-0.150926757819964,-0.09529830514357074,0.9074306740107145,0.9037698942709442,-0.15385319487962956,-0.15385319487962956,-0.15385319487962956,0.4630673099741732,0.8092203435016632,0.2722876534758364,0.2722876534758364,0.1361438267379182,0.34615303352748994,0.8495801338754395,0.07386538005165355,0.6184406870033263,0.18102323254179153,0.2574217297503024,0.6065461878048908,0.017512019084591247,-0.03740290268397647,0.00017303540897425917,-0.05086071133615416,-0.05103374674512845,-0.022487715799127672,-0.34402490800594665,-0.321537192206819,-0.032286344638667,0.3689889717586601,0.40127531639732705,-0.03237286234315413,0.3944193274267372,0.4267921897698913,0.2792527572519843,0.24402977236912127,0.4370817417371607,0.606141792805244,0.39385820719475595,0.7216911951789138,0.7169032079094976,0.6934162444641299,0.7192972015442056,-0.7216911951789138,-0.7169032079094976,-0.7192972015442056,0.02827495071478392,0.023486963445367715,-0.2951698303222656,4.688564300537109,4.393394470214844,1187.296875,-110.513671875,1076.783203125,,,,,,,,,,,,,,,,,,,,,,,,,,,,,,,,,,,,SAD,Oxytocin,1,Male,1,20,0.0
N117,phase3_reinstatement,phase3_reinst_schaefer_tian,24,41570,1.4283970604510734,1.5403400699673397,1.5288432566056351,1.0509862707305129,1.167302618596565,1.2199444558272028,-0.4283970604510734,0.11194300951626635,-0.011496813361704605,0.10619460283541393,0.1426372664813711,1.0783696647325913,1.0703209130237448,0.10044619615456174,0.10044619615456174,0.10044619615456174,0.527956564279296,0.8218370058061444,0.34979357008544043,0.34979357008544043,0.17489678504272022,0.34979357008544043,0.8368927583125647,0.055913128558592096,0.6436740116122888,0.2544177066110218,0.2781633106668984,1.008863232567202,-0.005528449541910346,-0.022802529445818273,-0.022279597787423278,-0.1523809776289502,-0.13010137984152692,-0.012992112099511566,-0.09047643446061993,-0.07748432236110836,0.030828916782168092,0.39067620873168885,0.35984729194952075,0.04196871567587973,0.46686669754616394,0.4248979818702842,0.10225530987640463,0.20809449028201918,0.22381792284420884,0.41377449672498995,0.5862255032750101,0.679973173986171,0.6999034297109176,0.7111479956151838,0.6899383018485443,-0.679973173986171,-0.6999034297109176,-0.6899383018485443,-0.03117482162901286,-0.011244565904266257,-0.13644027709960938,9.939914882183075,9.803474605083466,-2519.39453125,2302.29296875,-217.1015625,,,,,,,,,,,,,,,,,,,,,,,,,,,,,,,,,,,,SAD,Placebo,0,Male,1,19,1.0
N118,phase3_reinstatement,phase3_reinst_schaefer_tian,24,41570,1.5456802494721926,1.4292912741270718,1.5225915286874572,1.1476936597453091,1.2108162981051789,1.0460873567361761,-0.5456802494721926,-0.11638897534512083,0.09330025456038538,-0.06973884806492814,-0.019241832324631725,0.9247004775846304,0.985062414659666,-0.02308872078473545,-0.02308872078473545,-0.02308872078473545,0.4709355586220314,0.8209197794107574,0.29185533803278885,0.29185533803278885,0.14592766901639442,0.34998422078872604,0.8378109937144772,0.058128882755937195,0.6418395588215149,0.2046114421945287,0.25844118974321395,0.7641131978608232,-0.00892021114111112,-0.03385282120144132,-0.02404492423532467,-0.15036864924160281,-0.12632372500627814,-0.03291693675542806,-0.07747475306250284,-0.04455781630707478,-0.04820040036767265,0.37021649801826634,0.41841689838593904,-0.03617793825001031,0.4454008226390678,0.4815787608890781,0.11447672968296523,0.11025595963527678,0.13702380528223693,0.612910928162164,0.38708907183783603,0.681169474783913,0.7106551926374598,0.7199527904887661,0.6959123337106864,-0.681169474783913,-0.7106551926374598,-0.6959123337106864,-0.03878331570485316,-0.00929759785130635,-16.322714805603027,13.510476112365723,-2.8122386932373047,-310.47265625,977.1328125,666.66015625,,,,,,,,,,,,,,,,,,,,,,,,,,,,,,,,,,,,SAD,Oxytocin,1,Male,1,21,1.0
N121,phase3_reinstatement,phase3_reinst_schaefer_tian,24,41570,1.4999452985509012,1.4146413346951816,1.5808008131201778,1.1952347290667622,1.136775417186739,1.2300160103178033,-0.4999452985509012,-0.08530396385571959,0.16615947842499623,-0.002224224643221362,-0.011839015314491164,0.9431286105103847,1.0539056351643856,0.08085551456927664,0.08085551456927664,0.08085551456927664,0.4786869316536051,0.8293179027457124,0.3080048343993175,0.3080048343993175,0.15400241719965874,0.3506309710921073,0.8289758378944623,0.04262613669278981,0.6586358054914248,0.24043950415766185,0.31150284858308985,0.8101622234939303,0.006745665730007028,-0.003965283638140064,0.04314148459041253,-0.02321084390039413,-0.06635232849080658,0.011701648195210135,-0.1146433959286901,-0.12634504412390024,-0.003082016522047093,0.49392634518238004,0.49700836170442714,-0.02465275881725336,0.5055317671325771,0.5301845259498305,0.18804971397730444,0.10993388684028393,0.22171947827786084,0.5167470609197469,0.48325293908025313,0.7213932031941324,0.6805952448831931,0.6555509057353817,0.7009942240386627,-0.7213932031941324,-0.6805952448831931,-0.7009942240386627,0.0658422974587507,0.025044339147811456,-0.004573822021484375,-10.88668441772461,-10.891258239746094,846.853515625,-485.837890625,361.015625,,,,,,,,,,,,,,,,,,,,,,,,,,,,,,,,,,,,SAD,Oxytocin,1,Male,1,20,1.0
N122,phase3_reinstatement,phase3_reinst_schaefer_tian,24,41570,1.432852452158421,1.5883452360205284,1.4742666211949813,1.1427967155914547,1.1894349252022212,1.1691253439659492,-0.43285245215842094,0.1554927838621074,-0.11407861482554704,0.09845347644933389,0.03648341899263041,1.1085197380530556,1.0289032961385116,0.041414169036560367,0.041414169036560367,0.041414169036560367,0.5387950618429173,0.8137050253995527,0.35250008724246995,0.35250008724246995,0.17625004362123498,0.35250008724246995,0.8446545627379979,0.07759012368583451,0.6274100507991054,0.25417434249859444,0.3388939762747539,0.8245241253967468,0.009069564763048708,0.01837787301267323,-0.021512162286866254,0.023542778568568568,0.045054940855434766,-0.23275054154682695,0.360115416314842,0.592865957861669,0.03878578103414615,0.47057821210389394,0.43179243106974774,0.04954186217757928,0.4588068228196096,0.40926496064203033,0.4872982968148379,0.22521648334978586,0.6230138090521697,0.39308027893777314,0.6069197210622268,0.6837778373432118,0.6971469680580107,0.7180384792237261,0.6904624027006112,-0.6837778373432118,-0.6971469680580107,-0.6904624027006112,-0.03426064188051425,-0.020891511165715415,-3.9478039741516113,3.0957088470458984,-0.8520951271057129,-728.2236328125,-914.044921875,-1642.2685546875,,,,,,,,,,,,,,,,,,,,,,,,,,,,,,,,,,,,SAD,Oxytocin,1,Female,0,21,0.0
N123,phase3_reinstatement,phase3_reinst_schaefer_tian,24,41570,1.5410767448960994,1.4324674596087326,1.5242650328963223,1.2614030782913341,1.2504647335230763,1.307819397605199,-0.5410767448960994,-0.1086092852873668,0.09179757328758975,-0.06271049864357181,0.01773898727280354,0.9295237599669789,0.9890909249352019,-0.016811711999777046,-0.016811711999777046,-0.016811711999777046,0.47287433791091005,0.8211656699776706,0.29404000788858065,0.29404000788858065,0.14702000394429032,0.34829133206676055,0.8376981128020691,0.054251324178179905,0.6423313399553412,0.21348933291061822,0.35548644986255007,0.6138152456404781,-0.051395436719860875,0.06400800865189202,-0.1093962079474626,0.2848284086497463,0.3942246165972089,-0.5188697952160417,0.3684691608144186,0.8873389560304603,-0.08590107350986018,0.6005958396822384,0.6864969131920986,-0.031202969536128874,0.4581816353573652,0.4893846048934941,0.44660618446220246,0.17340882554222925,0.4824519483558888,0.5645340519663046,0.4354659480336954,0.7161340191840018,0.699979541491285,0.6837196331971458,0.7080567803376434,-0.7161340191840018,-0.699979541491285,-0.7080567803376434,0.032414385986855976,0.016259908294139258,15.431621551513672,12.508293151855469,27.93991470336914,-3217.896484375,-2444.265625,-5662.162109375,,,,,,,,,,,,,,,,,,,,,,,,,,,,,,,,,,,,SAD,Placebo,0,Female,0,22,0.0
N124,phase3_reinstatement,phase3_reinst_schaefer_tian,24,41570,1.548160479907828,1.5918854517382082,1.3496870427271304,1.245150950115925,1.2754726423029985,1.1796817613094754,-0.5481604799078279,0.043724971830380266,-0.2421984090110778,-0.07737423267515853,-0.017573748309688053,1.0282431712444642,0.8718004699935767,-0.19847343718069754,-0.19847343718069754,-0.19847343718069754,0.5109295016946656,0.7940784588052419,0.30500796049990747,0.30500796049990747,0.1525039802499537,0.3050079604999074,0.8666347719362726,0.02185900338933111,0.5881569176104837,0.1818118801522548,0.25888336554002545,0.7037174708658009,-0.0014045366542160846,-0.00845841562044193,0.11500093467092765,-0.08902358263721927,-0.2040245173081469,-0.12516003861310443,-0.22190702526568584,-0.09674698665258141,0.06066917441418562,0.3159432619071782,0.2552740874929926,0.0031687070787217997,0.36045505322578786,0.357286346147066,0.30795682872336105,0.33490871457071986,0.5844190307867074,0.5037160854541003,0.4962839145458997,0.7201512182312004,0.7325252730538087,0.7325883184251414,0.7263382456425045,-0.7201512182312004,-0.7325252730538087,-0.7263382456425045,-0.012437100193940953,-6.304537133272614e-05,-10.833462238311768,6.21132230758667,-4.622139930725098,-597.38671875,-1207.84765625,-1805.234375,,,,,,,,,,,,,,,,,,,,,,,,,,,,,,,,,,,,SAD,Oxytocin,1,Female,0,25,1.0
N125,phase3_reinstatement,phase3_reinst_schaefer_tian,24,41570,1.223129008176136,1.5983205425452494,1.6475536262896155,1.1624331754146815,1.399241036639504,1.3761604610254539,-0.2231290081761359,0.37519153436911346,0.04923308374436619,0.39980807624129655,0.22526757341779735,1.3067473004021921,1.3469990506368321,0.42442461811347965,0.42442461811347965,0.42442461811347965,0.5927128380009941,0.8385601418536611,0.43127297985465524,0.43127297985465524,0.2156364899273276,0.4312729798546552,0.8063985364839141,0.18542567600198812,0.6771202837073222,0.3827014834833714,0.4240709858372659,1.11184158887168,-0.019089988782060262,-0.00984226737667656,-0.15072126422716592,-0.052863339883110205,0.09785792434405566,0.1489597223428325,0.13164459390646244,-0.017315128436370064,0.03327916918342169,0.6303314957281831,0.5970523265447614,0.10863980129700465,0.6567631656697382,0.5481233643727336,0.324981108467171,0.17642137805767616,0.3956451094168438,0.3036525198043165,0.6963474801956835,0.7367486691645984,0.5997965644281644,0.6658595492796213,0.6682726167963814,-0.7367486691645984,-0.5997965644281644,-0.6682726167963814,0.07088911988497704,-0.0660629848514569,5.194179534912109,-12.473888397216797,-7.2797088623046875,259.9609375,-1185.291015625,-925.330078125,,,,,,,,,,,,,,,,,,,,,,,,,,,,,,,,,,,,SAD,Placebo,0,Female,0,19,0.0
N127,phase3_reinstatement,phase3_reinst_schaefer_tian,24,41570,1.6665669760255266,1.4500840337044334,1.3656610792425337,1.2788999534678247,1.2466412509494402,1.130981149726439,-0.6665669760255266,-0.21648294232109322,-0.08442295446189974,-0.2586944195520431,-0.09008875312988507,0.8701024596452811,0.8194456572666177,-0.30090589678299295,-0.30090589678299295,-0.30090589678299295,0.4460896419540489,0.7966782310489576,0.2427678730030065,0.2427678730030065,0.12138393650150325,0.35058858909490875,0.86005994027328,0.10782071609190225,0.5933564620979153,0.17099299464235895,0.2674621959922838,0.5858492159794251,-0.00649533072224223,-0.027995011654168935,0.01603374267104027,-0.0625394409411214,-0.0785731836121617,-0.03669588864655138,-0.3569708832711421,-0.32027499462459075,-0.07543197473408259,0.39416511488375994,0.4695970896178425,-0.08344884606960272,0.4254348353543207,0.5088836814239234,0.15633955425361784,0.24794374916111458,0.2029556233791459,0.6734649384479723,0.3265350615520277,0.676335441783212,0.6891135578885286,0.6679750012515154,0.6827244998358704,-0.676335441783212,-0.6891135578885286,-0.6827244998358704,0.0083604405316966,0.02113855663701314,-2.5089778900146484,7.4123430252075195,4.903365135192871,-1357.498046875,584.568359375,-772.9296875,,,,,,,,,,,,,,,,,,,,,,,,,,,,,,,,,,,,SAD,Oxytocin,1,Female,0,41,0.0
N128,phase3_reinstatement,phase3_reinst_schaefer_tian,24,41570,1.387006668499814,1.4558278553818347,1.644302695924121,1.2301331662210362,1.270572762546092,1.2785141582504562,-0.3870066684998139,0.06882118688202077,0.18847484054228625,0.1630586071531639,0.04441029417723796,1.049618489909838,1.1855045266996107,0.257296027424307,0.257296027424307,0.257296027424307,0.5171985090681698,0.8381195560185545,0.35531806508672426,0.35531806508672426,0.17765903254336213,0.35531806508672426,0.8189678102398005,0.03439701813633955,0.676239112037109,0.23407639111419398,0.31908923703005865,0.7161799551407344,-0.06010109811691583,0.010415140802025028,-0.3129593134040868,-0.060746578968940035,0.2522127344351468,-0.18767750551793583,-0.17595905456813732,0.011718450949798509,-0.14347537335448302,0.42477520939635754,0.5682505827508406,0.013004283347560375,0.45514849888082753,0.4421442155332672,0.17827641337297837,0.4499319956686039,0.5308136839523216,0.5002662619904577,0.49973373800954235,0.727775672789787,0.7204064465182745,0.7054560476368354,0.7240910596540308,-0.727775672789787,-0.7204064465182745,-0.7240910596540308,0.022319625152951605,0.014950398881439009,9.800728797912598,4.871002554893494,14.671731352806091,-516.9013671875,866.546875,349.6455078125,,,,,,,,,,,,,,,,,,,,,,,,,,,,,,,,,,,,SAD,Placebo,0,Male,1,25,1.0
N129,phase3_reinstatement,phase3_reinst_schaefer_tian,24,41570,1.3232563464117963,1.5702313735189986,1.5930489193309252,1.1421692094222655,1.352140592908841,1.208635968952859,-0.32325634641179635,0.2469750271072022,0.02281754581192663,0.2583838000131655,0.13821907150858448,1.186641852057232,1.20388533303608,0.26979257291912884,0.26979257291912884,0.26979257291912884,0.5614318124627176,0.8310446323513778,0.3924764448140954,0.3924764448140954,0.1962382224070477,0.3924764448140954,0.8221964357197522,0.12286362492543512,0.6620892647027556,0.25579351179274457,0.3004828174627969,0.9155160792413738,0.043776559035845444,0.07576344664095284,0.16626541297128208,0.33747080581244704,0.17120539284116498,0.21920398183946088,0.2666452894335868,0.0474413075941259,0.15858157458814193,0.6048735583892118,0.4462919838010698,0.07544886810250089,0.43613815548298823,0.36068928738048733,0.24026288520227754,0.27052445499180683,0.17727801773005006,0.37940733716583824,0.6205926628341618,0.7269957535168058,0.7243418302816091,0.7139892336412788,0.7256687918992075,-0.7269957535168058,-0.7243418302816091,-0.7256687918992075,0.013006519875527034,0.010352596640330392,-5.258903503417969,-2.36480712890625,-7.623710632324219,878.6640625,691.84375,1570.5078125,,,,,,,,,,,,,,,,,,,,,,,,,,,,,,,,,,,,SAD,Oxytocin,1,Female,0,26,1.0
N130,phase3_reinstatement,phase3_reinst_schaefer_tian,24,41570,1.4482816632386344,1.477846847974861,1.5710236515157177,1.1844876009079068,1.1751564415245856,1.16345440541619,-0.4482816632386344,0.029565184736226602,0.09317680354085667,0.07615358650665494,-0.015182177437519151,1.0204139673121135,1.0847500735147804,0.12274198827708327,0.12274198827708327,0.12274198827708327,0.5073907578366892,0.8279294889218546,0.3353202467585438,0.3353202467585438,0.16766012337927189,0.33532024675854377,0.8311308849369492,0.014781515673378376,0.6558589778437092,0.24196574280311772,0.2991987551196129,0.8686457334096708,-0.0285743489355426,0.04274792798574624,-0.1587777706620202,0.1907758053498151,0.34955357601183523,-0.19785778298533874,0.0676082063305039,0.26546598931584264,-0.06737687899590245,0.5673073819460354,0.6346842609419378,0.012012006335107656,0.4719194792711278,0.45990747293602013,0.16757199114642224,0.17692479148465062,0.22009166831600466,0.5257487390470869,0.47425126095291315,0.6973693967815262,0.6975417803368023,0.710153476256298,0.6974555885591642,-0.6973693967815262,-0.6975417803368023,-0.6974555885591642,-0.012784079474771781,-0.012611695919495736,-17.004820823669434,-6.675815582275391,-23.680636405944824,910.013671875,-293.93359375,616.080078125,,,,,,,,,,,,,,,,,,,,,,,,,,,,,,,,,,,,SAD,Placebo,0,Male,1,23,0.0
N131,phase3_reinstatement,phase3_reinst_schaefer_tian,24,41570,1.5129178409562154,1.3921123940677986,1.5885702653134568,1.2373850095454402,1.1907577309070985,1.1521242222482888,-0.5129178409562154,-0.12080544688841677,0.19645787124565817,-0.022576511265587795,-0.06594403296774654,0.9201506831239624,1.0500043107492099,0.0756524243572414,0.0756524243572414,0.0756524243572414,0.46983531453233207,0.8304148543199484,0.3002501688522805,0.3002501688522805,0.15012508442614025,0.36057953978761637,0.8270639260629222,0.06032937093533586,0.6608297086398969,0.24252448958009154,0.319221499254824,0.7279234350944289,-0.005922991900433459,-0.01768745461742653,0.03492784151880793,-0.009221570020363723,-0.044149411539171624,0.03552927606814682,-0.10392765839172424,-0.13945693445987106,-0.012153358390434521,0.5100554732998397,0.5222088316902742,-0.029617279149838485,0.5146662583100216,0.54428353745986,0.22352065835830057,0.4033165920967949,0.363900499285126,0.5746023882297321,0.4253976117702679,0.724806863533787,0.6769323634062074,0.7559204774554567,0.7008696134699972,-0.724806863533787,-0.6769323634062074,-0.7008696134699972,-0.03111361392166967,-0.07898811404924921,-9.126167297363281,-1.5410881042480469,-10.667255401611328,-3195.521484375,1670.8671875,-1524.654296875,,,,,,,,,,,,,,,,,,,,,,,,,,,,,,,,,,,,SAD,Placebo,0,Female,0,26,1.0
N132,phase3_reinstatement,phase3_reinst_schaefer_tian,24,41570,1.61229015385891,1.2097607711039862,1.6446092668331862,1.200901238349859,1.0756583459888327,1.1269878638052648,-0.6122901538589101,-0.4025293827549239,0.43484849572920004,-0.18510513489032387,-0.0995781334528103,0.7503368799376061,1.0200454630926499,0.03231911297427614,0.03231911297427614,0.03231911297427614,0.4007047804827928,0.8381611457660629,0.23886592624885572,0.23886592624885572,0.11943296312442786,0.43745636528327014,0.8050259785548549,0.19859043903441442,0.6763222915321259,0.1692051055579405,0.37110843988872977,0.4384341355224614,0.030254510227615668,0.005803423153979581,-0.005387042968892725,-0.013870838734689861,-0.008483795765797053,0.49951728635822845,0.1185954522037872,-0.38092183415444125,-0.16962091221843373,0.49840218248252344,0.6680230947009572,-0.16692739073398738,0.5053376018498683,0.6722649925838556,0.3315258255696587,0.12702857156663647,0.3382804447182729,0.6864996289783779,0.3135003710216221,0.71563178742832,0.7084664755324432,0.7991764436198443,0.7120491314803816,-0.71563178742832,-0.7084664755324432,-0.7120491314803816,-0.08354465619152429,-0.09070996808740106,2.548917770385742,-7.624971389770508,-5.076053619384766,-8703.2109375,798.03125,-7905.1796875,,,,,,,,,,,,,,,,,,,,,,,,,,,,,,,,,,,,SAD,Oxytocin,1,Female,0,19,0.0
N133,phase3_reinstatement,phase3_reinst_schaefer_tian,24,41570,1.5219582908170453,1.4710788820698815,1.5065145971505274,1.1918756335775376,1.2425449197410718,1.2408132271093941,-0.5219582908170453,-0.05087940874716379,0.03543571508064591,-0.033161551206840834,0.04980343984769542,0.9665697682256802,0.9898527419192582,-0.015443693666517877,-0.015443693666517877,-0.015443693666517877,0.48728289110825196,0.8185440957993971,0.3058269869076491,0.3058269869076491,0.15291349345382454,0.3312612046911452,0.8413924970038611,0.025434217783496083,0.6370881915987943,0.18978117697487237,0.22683065094570948,0.8000722375154823,0.0012803855600275744,0.027660974303078883,0.03659068554412809,0.12020330283860586,0.08361261729447778,-0.02795005027225428,0.16302376821397446,0.19097381848622874,-0.0015479438199467177,0.45950729196105844,0.46105523578100516,-0.01984328659201076,0.39940564054175554,0.41924892713376627,0.11038598109329735,0.18200595804849148,0.17728526746354858,0.5320509053120169,0.46794909468798307,0.7295586320438157,0.7349343608367633,0.741678067942944,0.7322464964402895,-0.7295586320438157,-0.7349343608367633,-0.7322464964402895,-0.012119435899128339,-0.006743707106180663,2.219287872314453,-3.1503124237060547,-0.9310245513916016,342.1875,-629.42578125,-287.23828125,,,,,,,,,,,,,,,,,,,,,,,,,,,,,,,,,,,,SAD,Placebo,0,Male,1,33,1.0
N134,phase3_reinstatement,phase3_reinst_schaefer_tian,24,41570,1.5079466196541846,1.418246242605639,1.5699814681028412,1.0561336383913593,1.1461793390568227,1.2838085012501939,-0.5079466196541846,-0.08970037704854561,0.1517352254972022,-0.013832764299944511,0.15886028176214895,0.940514879449602,1.0411386167313381,0.06203484844865659,0.06203484844865659,0.06203484844865659,0.4775899299695444,0.8277809663816184,0.30537089635116277,0.30537089635116277,0.15268544817558138,0.35019103641207394,0.8306531700644387,0.04482014006091117,0.6555619327632367,0.25772064471301953,0.374688717984788,0.7131950429815893,-0.001298740189869069,0.025055407853947786,-0.0953024326286282,0.04854548334574926,0.1438479159743774,0.3940229431276865,0.3498667687733604,-0.04415617435432606,-0.06792596078945662,0.5599887755740562,0.6279147363635128,-0.02027474447514252,0.5357160339011815,0.555990778376324,0.43453356422913025,0.3002210192230359,0.5182040182511312,0.5169395018144765,0.48306049818552355,0.6942306100931463,0.6573942635086301,0.7606394478593376,0.6758124368008882,-0.6942306100931463,-0.6573942635086301,-0.6758124368008882,-0.06640883776619122,-0.10324518435070751,-6.588599681854248,-17.38324737548828,-23.97184705734253,-176.658203125,322.845703125,146.1875,,,,,,,,,,,,,,,,,,,,,,,,,,,,,,,,,,,,SAD,Placebo,0,Female,0,21,0.0
N135,phase3_reinstatement,phase3_reinst_schaefer_tian,24,41570,1.6844102773666516,1.3815295977375166,1.412822949511897,1.2050988602701844,1.1777090958112777,1.1572701770384541,-0.6844102773666516,-0.302880679629135,0.03129335177438031,-0.28723400374194474,-0.03760922384531851,0.8201859179436335,0.8387641420313665,-0.2715873278547547,-0.2715873278547547,-0.2715873278547547,0.42485342857757336,0.8042108150990744,0.2290642436766478,0.2290642436766478,0.1145321218383239,0.3793573865215011,0.8485351899719904,0.1502931428448533,0.6084216301981489,0.14012939638082522,0.2962102571986542,0.40368469730068884,0.05540653806415937,0.07144139337118428,0.22253018341545272,0.2748139652718339,0.05228378185638105,0.1767745833526212,0.29411005028024395,0.11733546692762276,-0.010640960745701977,0.5395718278509958,0.5502127885966976,-0.12190605245342835,0.40216484521507884,0.5240708976685071,0.2352860284240535,0.27118578561493967,0.11723778934257668,0.7889170140419877,0.21108298595801234,0.6980190747112458,0.7264681314574358,0.7732713863607166,0.7122436030843409,-0.6980190747112458,-0.7264681314574358,-0.7122436030843409,-0.07525231164947077,-0.046803254903280744,-28.07394027709961,7.849236249923706,-20.224704027175903,-10451.66796875,7861.69140625,-2589.9765625,,,,,,,,,,,,,,,,,,,,,,,,,,,,,,,,,,,,SAD,Oxytocin,1,Male,1,45,0.0
N136,phase3_reinstatement,phase3_reinst_schaefer_tian,24,41570,1.5622216848715609,1.5943621233399354,1.3308972772427996,1.0684479795354824,1.221027674792027,1.1857039651059518,-0.5622216848715609,0.032140438468374555,-0.26346484609713583,-0.09959198458019336,0.13491784041350696,1.0205735386814079,0.8519259984750246,-0.23132440762876127,-0.23132440762876127,-0.23132440762876127,0.5080344179943065,0.7909890162313402,0.2990234342256467,0.2990234342256467,0.14951171711282335,0.2990234342256467,0.8697008741595201,0.016068835988612973,0.5819780324626804,0.2041353374269833,0.23898635310972585,0.8785466905460665,0.00828298516910073,0.02318648453087378,0.04499658072425877,0.10478406983834815,0.05978748911408943,-0.12624115368867672,0.21254018667325325,0.33878134036193,0.0330692216510311,0.45009177848423904,0.41702255683320794,0.010570931288901714,0.39769974356506493,0.38712881227616325,0.14244427547850616,0.24201712776311718,0.2689765141975319,0.4551121547046443,0.5448878452953557,0.6680322620468606,0.7027568679818297,0.7225797784034649,0.6853945650143451,-0.6680322620468606,-0.7027568679818297,-0.6853945650143451,-0.054547516356604264,-0.019822910421635198,-1.536181926727295,5.5284518003463745,3.9922698736190796,1044.0625,-1038.583984375,5.478515625,,,,,,,,,,,,,,,,,,,,,,,,,,,,,,,,,,,,SAD,Placebo,0,Female,0,26,0.0
N137,phase3_reinstatement,phase3_reinst_schaefer_tian,24,41570,1.4687725264144698,1.4913476209069707,1.5390083238124153,1.150805055158719,1.2235351662106486,1.2157255680057872,-0.46877252641446976,0.022575094492500947,0.04766070290544455,0.04640544594522322,0.06882531194949904,1.015370034455853,1.0478193768310806,0.0702357973979455,0.0702357973979455,0.0702357973979455,0.5056435339466769,0.8233205184409962,0.32896405238767307,0.32896405238767307,0.16448202619383656,0.3289640523876731,0.8363334716892504,0.011287067893353875,0.6466410368819924,0.23198243094703933,0.2812623498568717,0.9278024159705788,-0.009807125348666153,-0.00275859332004236,-0.0863597949732306,-0.0010137371354752567,0.08534605783775523,-0.028605525227600737,-0.019515376598925105,0.009090148628675632,-0.030027848441653848,0.4503059442813796,0.4803337927230334,0.01315204904496145,0.45081281284911723,0.43766076380415575,0.2199321537857979,0.10295495714494726,0.2196536160690667,0.4343103772812691,0.5656896227187309,0.7037106112921143,0.7085481885002816,0.7424588454846466,0.7061293998961979,-0.7037106112921143,-0.7085481885002816,-0.7061293998961979,-0.03874823419253226,-0.03391065698436502,5.5041656494140625,-15.068664312362671,-9.564498662948608,388.95703125,-1083.6484375,-694.69140625,,,,,,,,,,,,,,,,,,,,,,,,,,,,,,,,,,,,SAD,Oxytocin,1,Female,0,27,1.0
N138,phase3_reinstatement,phase3_reinst_schaefer_tian,24,41570,1.490552763744672,1.4931169550549217,1.5161958931351651,1.1877109937060644,1.222440523149218,1.2648989254836756,-0.49055276374467205,0.0025641913102496527,0.023078938080243416,0.01410366035037125,0.05595873061038237,1.0017202888454648,1.0172037648328751,0.02564312939049307,0.02564312939049307,0.02564312939049307,0.5006410474763178,0.8199776233105524,0.3206186707868701,0.3206186707868701,0.16030933539343506,0.3206186707868701,0.8400624047017176,0.0012820949526355374,0.6399552466211047,0.21640093806588506,0.26021801519737137,0.8826925516128891,0.021497928372610615,0.014531655324493091,0.08892703639189384,0.07284289918201631,-0.016084137209877447,0.10351134636419224,0.14253575038993627,0.03902440402574403,0.044165161558780974,0.4695216823599442,0.42535652080116326,-0.0002983566371659446,0.43310023276893606,0.433398589406102,0.14398790420794524,0.12729817338244043,0.20352814644090642,0.5126451096784692,0.4873548903215308,0.7168597183336464,0.7139412300652448,0.7396833244111694,0.7154004741994455,-0.7168597183336464,-0.7139412300652448,-0.7154004741994455,-0.022823606077522984,-0.02574209434592456,4.82996940612793,1.3217077255249023,6.151677131652832,-1148.4609375,360.392578125,-788.068359375,,,,,,,,,,,,,,,,,,,,,,,,,,,,,,,,,,,,SAD,Oxytocin,1,Male,1,30,0.0
N141,phase3_reinstatement,phase3_reinst_schaefer_tian,24,41570,1.5985786133427902,1.4627619909025298,1.4331299011310603,1.211024730159626,1.169611409638796,1.221276577178445,-0.5985786133427902,-0.13581662244026038,-0.029632089771469472,-0.15063266732599523,-0.015580736751005464,0.9150391288504447,0.896502605629894,-0.16544871221172985,-0.16544871221172985,-0.16544871221172985,0.4660979419266994,0.8073885222206936,0.27348646414739297,0.27348646414739297,0.13674323207369649,0.3412905802939942,0.8517918737231103,0.0678041161466012,0.6147770444413871,0.15424825031986755,0.22573923638320267,0.6304290234023854,0.0049801635077774365,0.0020245106730795485,0.046792023520774995,-0.034737976288254424,-0.08152999980902942,-0.0057860406604233194,0.21898025703190283,0.22476629769232614,-0.02600278706724496,0.3405263113232404,0.3665290983904853,-0.049398798827632456,0.3578952994673676,0.407294098295,0.20352971903358588,0.2095348466011005,0.27851261567854063,0.5967228666157123,0.4032771333842877,0.7616188094949914,0.7486334992818431,0.7475027770337929,0.7551261543884172,-0.7616188094949914,-0.7486334992818431,-0.7551261543884172,0.014116032461198524,0.00113072224805022,-0.8303012847900391,-6.0674848556518555,-6.8977861404418945,-184.890625,870.01171875,685.12109375,,,,,,,,,,,,,,,,,,,,,,,,,,,,,,,,,,,,SAD,Placebo,0,Female,0,22,0.0
N142,phase3_reinstatement,phase3_reinst_schaefer_tian,24,41570,1.4312694865115045,1.6423432859709295,1.4144561584050153,1.163960420006464,1.0133519872158883,1.1689278650166246,-0.43126948651150454,0.21107379945942495,-0.22788712756591423,0.09713023567646784,-0.0728204938902075,1.1474731278587886,0.9882528495524644,-0.016813328106489278,-0.016813328106489278,-0.016813328106489278,0.5525734064597978,0.8044678455191278,0.35704125197892556,0.35704125197892556,0.17852062598946278,0.35704125197892556,0.8524560136475481,0.1051468129195956,0.6089356910382555,0.2566132903956519,0.2921525904521073,1.0539890008068316,-0.008363361652159574,0.0075698314752067845,-0.0032735487695697285,0.04198907894667803,0.04526262771624778,-0.268945115670183,0.00617081866606739,0.27511593433625037,0.05906136244432736,0.47352298343553056,0.4144616209912032,0.06069813682911222,0.45252844396219155,0.3918303071330793,0.26497601936840914,0.2014185653087873,0.25259336431802404,0.1416437007807497,0.8583562992192503,0.7012791394056201,0.6765589607531451,0.7021193042212468,0.6889190500793827,-0.7012791394056201,-0.6765589607531451,-0.6889190500793827,-0.0008401648156266539,-0.025560343468101654,22.413098335266113,-36.35344696044922,-13.940348625183105,311.38671875,227.896484375,539.283203125,,,,,,,,,,,,,,,,,,,,,,,,,,,,,,,,,,,,SAD,Oxytocin,1,Female,0,20,0.0
N143,phase3_reinstatement,phase3_reinst_schaefer_tian,24,41570,1.7336210060787152,1.2628461673627958,1.462834557135534,1.3508070038592765,0.9516171225854532,1.1561450089775027,-0.7336210060787152,-0.4707748387159194,0.19998838977273814,-0.37078064382955045,-0.29692593807779866,0.7284441960788137,0.8438029670661964,-0.27078644894318127,-0.27078644894318127,-0.27078644894318127,0.3844328660801296,0.8119658301181245,0.19639869619825412,0.19639869619825412,0.09819934809912706,0.4275329640379949,0.8292268383756871,0.23113426783974078,0.623931660236249,0.12425293641321614,0.30426263588879277,0.3294299545402612,-0.0004375085137527217,-0.027648685677832557,0.00102722326019411,-0.00582952544911558,-0.006856748709309635,0.034349230626954386,-0.12331035915686828,-0.15765958978382266,-0.17949608784547957,0.4256008095774511,0.6050968974229307,-0.18000969947557663,0.4285155723020089,0.6085252717775855,0.2261795301578024,0.4025392255306543,0.5209368594182485,0.8282936177715419,0.17170638222845813,0.6222607513780991,0.706010897150455,0.6063917556237797,0.664135824264277,-0.6222607513780991,-0.706010897150455,-0.664135824264277,0.015868995754319437,0.09961914152667528,10.98058271408081,3.50767183303833,14.48825454711914,1728.3037109375,-845.0380859375,883.265625,,,,,,,,,,,,,,,,,,,,,,,,,,,,,,,,,,,,SAD,Oxytocin,1,Male,1,23,0.0
N144,phase3_reinstatement,phase3_reinst_schaefer_tian,24,41570,1.5124939198382372,1.4732955778666725,1.5138628282479805,1.1751040479687878,1.2525073409992962,1.3388136722985893,-0.5124939198382372,-0.03919834197156469,0.04056725038130793,-0.018914716780910723,0.12055645868015485,0.9740836302227296,1.0009050604321366,0.0013689084097432414,0.0013689084097432414,0.0013689084097432414,0.4902016690777794,0.8196329723869369,0.3098346414647163,0.3098346414647163,0.15491732073235814,0.3294313033091575,0.8403011355169313,0.0195966618444412,0.6392659447738738,0.22772289193788445,0.3070590917517989,0.7169808286263046,0.011762689395023767,0.010713152195381095,0.10164099464612067,0.11568162314364627,0.01404062849752552,-0.15948911554351985,0.1266999345990082,0.28618905014252805,0.01812679252314392,0.5459803002475084,0.5278535077243645,-0.032693704799916415,0.4881394886756853,0.5208331934756016,0.2557543823681309,0.31429355998001557,0.38405164886298476,0.5318428400194748,0.4681571599805252,0.6948082755461877,0.6768172379999152,0.6875251078069398,0.6858127567730514,-0.6948082755461877,-0.6768172379999152,-0.6858127567730514,0.0072831677392479754,-0.01070786980702454,-17.87950357864611,18.875711619853973,0.9962080412078649,3444.373046875,-4728.193359375,-1283.8203125,,,,,,,,,,,,,,,,,,,,,,,,,,,,,,,,,,,,SAD,Oxytocin,1,Female,0,18,0.0
N145,phase3_reinstatement,phase3_reinst_schaefer_tian,24,41570,1.7875678099289387,1.7602494646494757,0.8015729538593336,1.217598834345073,1.217375088711497,0.8535646384005201,-0.7875678099289387,-0.027318345279462974,-0.9586765107901422,-0.5066566006745341,-0.18212897078906454,0.9847175838729583,0.44841540831228355,-0.9859948560696051,-0.9859948560696051,-0.9859948560696051,0.4931708383872352,0.6903108506266481,0.1834816890138833,0.1834816890138833,0.09174084450694164,0.1971400122394129,0.9463398687052141,0.013658323225529623,0.3806217012532962,0.10504760857988736,0.14615025000883253,0.5765300718379234,-0.026166407566702528,-0.025050543860625593,-0.13666892018010027,-0.18203385776400743,-0.04536493758390714,-0.24452772038051018,-0.14915330484568368,0.0953744155348265,-0.056598181906231226,0.10734201009395211,0.16394019200018334,0.011736278183818907,0.19835893897595583,0.1866226607921369,0.18058613539284857,0.22748801708863423,0.16820664467563276,0.49457340042210063,0.5054265995778994,0.9451586739522939,0.7089252697359427,0.6269761242695762,0.8270419718441183,-0.9451586739522939,-0.7089252697359427,-0.8270419718441183,0.31818254968271775,0.08194914546636656,20.36845588684082,-31.845284461975098,-11.476828575134277,11362.48046875,-12105.140625,-742.66015625,,,,,,,,,,,,,,,,,,,,,,,,,,,,,,,,,,,,SAD,Placebo,0,Female,0,34,0.0
N146,phase3_reinstatement,phase3_reinst_schaefer_tian,24,41570,1.4978144069167536,1.499687116069574,1.502494775195512,1.220515319316093,1.1800521800027683,1.1712341931735817,-0.4978144069167536,0.00187270915282034,0.0028076591259380557,0.0032765387157893677,-0.04487213272791779,1.0012502878405158,1.0031247918473056,0.0046803682787583956,0.0046803682787583956,0.0046803682787583956,0.5004681771513788,0.817946268307621,0.3184144454589997,0.3184144454589997,0.1592072227294999,0.3184144454589998,0.8422743298991237,0.0009363543027576249,0.6358925366152419,0.21457059400381165,0.2710802436391897,0.7990785754210892,-0.013251860480341961,-0.04635413808002932,-0.0668993875365167,-0.2508967872448661,-0.18399739970834939,-0.04841918788890043,-0.2203247636346769,-0.17190557574577647,-0.030363205651299685,0.3006063062682316,0.3309695119195313,0.0030864881169586633,0.42605469989066463,0.42296821177370597,0.15128170964008023,0.21292941446664462,0.26432943863319314,0.4946324260990826,0.5053675739009174,0.712540080981171,0.7200560066803957,0.697573731359554,0.7162980438307833,-0.712540080981171,-0.7200560066803957,-0.7162980438307833,0.014966349621617026,0.022482275320841683,5.096844673156738,6.3248545825481415,11.42169925570488,-706.51953125,-342.220703125,-1048.740234375,,,,,,,,,,,,,,,,,,,,,,,,,,,,,,,,,,,,SAD,Oxytocin,1,Male,1,33,1.0
N147,phase3_reinstatement,phase3_reinst_schaefer_tian,24,41570,1.6560825870716773,1.4179502714390462,1.4114024413612283,1.221654653515778,1.1755539432241258,1.0893836357675815,-0.6560825870716773,-0.23813231563263115,-0.0065478300778178955,-0.2414062306715401,-0.08918586401992434,0.8562074584602832,0.8522536519959222,-0.24468014571044905,-0.24468014571044905,-0.24468014571044905,0.44074666338845414,0.8039870512219078,0.24473371461036197,0.24473371461036197,0.12236685730518099,0.3632403878334537,0.8518638168826078,0.11850667322309172,0.6079741024438157,0.14727788749919327,0.24819137801396368,0.5669096057141684,0.012601270658062356,-0.008283257508914474,0.07410888330908044,-0.07233536272990021,-0.1464442460389806,0.17717986810265862,-0.11121833645892687,-0.2883982045615855,-0.03621419413553634,0.331656729423513,0.3678709235590493,-0.07326863579007656,0.36782441078846306,0.44109304657853965,0.21745289828143557,0.15486129287345157,0.32515691412523134,0.6983761635989796,0.3016238364010204,0.7062950934188612,0.7421830556573601,0.6867964906613915,0.7242390745381106,-0.7062950934188612,-0.7421830556573601,-0.7242390745381106,0.01949860275746973,0.05538656499596861,-7.458362579345703,4.7997894287109375,-2.6585731506347656,-1041.306640625,171.951171875,-869.35546875,,,,,,,,,,,,,,,,,,,,,,,,,,,,,,,,,,,,SAD,Oxytocin,1,Female,0,18,0.0
N148,phase3_reinstatement,phase3_reinst_schaefer_tian,24,41570,1.591850844340647,1.1810678744404455,1.685558849169022,1.1313035165453906,1.1117949664313147,1.2046899690606199,-0.5918508443406469,-0.41078296990020147,0.5044909747285766,-0.15853748253591315,0.026938951200576655,0.7419463143924059,1.0588673207498385,0.09370800482837516,0.09370800482837516,0.09370800482837516,0.3987243945254113,0.8436392120611917,0.24236360658660305,0.24236360658660305,0.12118180329330153,0.44491481753578044,0.797865700669774,0.20255121094917738,0.6872784241223835,0.2180264671558949,0.40476162463608906,0.49086840010278804,0.0445869364330368,-0.013094711137095472,0.29824035869403703,-0.2062253684279683,-0.5044657271220054,0.10997636766951635,0.28279051534554656,0.1728141476760302,0.009563214215211613,0.4724972152296126,0.46293400101440096,-0.1395569651318069,0.5756098994435968,0.7151668645754037,0.4574884606947445,0.32068276252055605,0.7327225388822015,0.6838961942387436,0.3161038057612564,0.7106581569464201,0.6622894800858949,0.7771735231328588,0.6864738185161575,-0.7106581569464201,-0.6622894800858949,-0.6864738185161575,-0.06651536618643872,-0.11488404304696387,15.514441728591919,-14.11950421333313,1.394937515258789,1738.37890625,1569.95703125,3308.3359375,,,,,,,,,,,,,,,,,,,,,,,,,,,,,,,,,,,,SAD,Placebo,0,Female,0,33,0.0
N149,phase3_reinstatement,phase3_reinst_schaefer_tian,24,41570,1.6864966291802332,1.4176493314401282,1.3739642045639737,1.3233798443320806,1.075206776124001,0.9977049346837463,-0.6864966291802332,-0.2688472977401051,-0.043685126876154445,-0.2906898611781823,-0.2869239889282069,0.840588293214278,0.8146854091756897,-0.3125324246162595,-0.3125324246162595,-0.3125324246162595,0.43319010361485044,0.7980198754643155,0.23120997907916596,0.23120997907916596,0.11560498953958298,0.3648297718494651,0.8564764956655149,0.13361979277029912,0.596039750928631,0.1482883728287419,0.24125587272151472,0.5586460213577286,-0.020586801556267277,-0.01793208308288295,-0.08438075170678855,-0.06666269319259999,0.017718058514188617,-0.20118241042512808,-0.22600518628318378,-0.0248227758580557,-0.12275087702217477,0.34380590022996427,0.46655677725213907,-0.0805605011687805,0.37713724682626426,0.45769774799504476,0.15695508939936767,0.2078864882680302,0.20293552832045264,0.7028408018768654,0.2971591981231346,0.7141348127141969,0.7433166055459651,0.7004034586859994,0.728725709130081,-0.7141348127141969,-0.7433166055459651,-0.728725709130081,0.013731354028197473,0.04291314685996572,-16.63966655731201,18.794957160949707,2.1552906036376953,2579.755859375,-1852.154296875,727.6015625,,,,,,,,,,,,,,,,,,,,,,,,,,,,,,,,,,,,SAD,Placebo,0,Female,0,18,0.0
N150,phase3_reinstatement,phase3_reinst_schaefer_tian,24,41570,1.57410237330055,1.4353547775044542,1.4871790062724035,1.1170060524038012,1.0606510831457332,1.2387904730516597,-0.5741023733005499,-0.13874759579609575,0.05182422876794934,-0.11283548141212107,0.0327147256948952,0.9118560474413537,0.9447790830188015,-0.0869233670281464,-0.0869233670281464,-0.0869233670281464,0.46536864029052616,0.8156544792689194,0.2810231195594456,0.2810231195594456,0.1405115597797228,0.35028583897839327,0.8430141995285407,0.06926271941894768,0.6313089585378389,0.1759024954507371,0.2562366429287778,0.7200362284232671,0.052479218230719625,0.010647983960216613,0.24988697302820645,0.06210506844885055,-0.18778190457935595,0.335789988519857,0.12245912473380238,-0.2133308637860546,0.08921867807212497,0.4185823335678777,0.32936365549575275,-0.035724808441978256,0.38752979934345244,0.42325460778543067,0.10268511556529865,0.11242780758654138,0.0793543614691987,0.6051408994477558,0.39485910055224416,0.7253850417276602,0.7392851378938705,0.7291076669295465,0.7323350898107653,-0.7253850417276602,-0.7392851378938705,-0.7323350898107653,-0.003722625201886376,0.010177470964323976,-7.851357102394104,5.580556154251099,-2.2708009481430054,312.10546875,524.0234375,836.12890625,,,,,,,,,,,,,,,,,,,,,,,,,,,,,,,,,,,,SAD,Placebo,0,Female,0,19,0.0
N151,phase3_reinstatement,phase3_reinst_schaefer_tian,24,41570,1.4330745013723467,1.3392429793078282,1.7009890109657713,1.2156898321178886,1.1613153763737238,1.3539263225846978,-0.4330745013723467,-0.0938315220645185,0.36174603165794306,0.08704149376445303,0.0419310173613221,0.9345243172494477,1.1869508511018476,0.26791450959342455,0.26791450959342455,0.26791450959342455,0.47655931530227547,0.8456638612945383,0.32222317659681377,0.32222317659681377,0.16111158829840688,0.36910454599226283,0.8094999727835087,0.04688136939544907,0.6913277225890766,0.3057796911895185,0.4480526947139568,0.6744331820522682,0.08083902625294496,0.04390700988601847,0.27380159185017283,0.10545723187531397,-0.16834435997485886,0.5105802874668968,0.7930172265638755,0.28243693909697876,0.16588682907151198,0.6353019651702684,0.4694151360987564,0.028986033146425574,0.5825733492326114,0.5535873160861858,0.6241350614801431,0.3474752978560514,0.7873569637401273,0.6225759228073867,0.3774240771926133,0.7522010631677077,0.657190207056241,0.6805079073319069,0.7046956351119744,-0.7522010631677077,-0.657190207056241,-0.7046956351119744,0.07169315583580083,-0.02331770027566593,-37.88755440711975,-8.021316528320312,-45.90887093544006,2808.935546875,6259.421875,9068.357421875,,,,,,,,,,,,,,,,,,,,,,,,,,,,,,,,,,,,SAD,Oxytocin,1,Female,0,22,1.0
N153,phase3_reinstatement,phase3_reinst_schaefer_tian,24,41570,1.6065911489335494,1.33616463678384,1.5448322166330097,1.2723315142861733,1.1342621402971378,1.1324448542069976,-0.6065911489335494,-0.27042651214970936,0.20866757984916973,-0.1660927222251245,-0.13897801703410573,0.83167682664878,0.9615590177020923,-0.06175893230053964,-0.06175893230053964,-0.06175893230053964,0.43280238992142506,0.8241660896810026,0.25696847960242764,0.25696847960242764,0.12848423980121382,0.3913636997595775,0.8289046568859462,0.13439522015714989,0.6483321793620052,0.1749233586024318,0.3171806772024513,0.5100589851618673,0.05335510021842217,-0.049724299821734375,0.21977014728079208,-0.24293423669194908,-0.46270438397274116,0.12385088710537195,-0.46495448186768273,-0.5888053689730547,0.03171489910539818,0.30654977339388695,0.27483487428848874,-0.07817017453499786,0.42801689173986146,0.5061870662748593,0.26761243673868446,0.23687391412733352,0.27036577101298453,0.6653001566187537,0.33469984338124625,0.7177020950159113,0.7259216082213047,0.7048570917032568,0.7218118516186081,-0.7177020950159113,-0.7259216082213047,-0.7218118516186081,0.01284500331265448,0.02106451651804786,-6.270571231842041,-1.9774494171142578,-8.248020648956299,-96.96484375,209.904296875,112.939453125,,,,,,,,,,,,,,,,,,,,,,,,,,,,,,,,,,,,SAD,Placebo,0,Female,0,25,0.0
N154,phase3_reinstatement,phase3_reinst_schaefer_tian,24,41570,1.5792321439014385,1.344727004276847,1.5655186374595225,1.2589226999523984,1.0991066040588393,1.2701610725863972,-0.5792321439014385,-0.2345051396245914,0.22079163318267536,-0.12410932303325373,-0.0742888616297801,0.8515068547425061,0.9913163391411217,-0.013713506441916046,-0.013713506441916046,-0.013713506441916046,0.4416409137421048,0.8271438158743302,0.26878472961643496,0.26878472961643496,0.13439236480821748,0.3855029021322254,0.8271737751715862,0.11671817251579042,0.6542876317486603,0.18869460812758704,0.36949675614915245,0.4994941696141071,0.08897725943885113,-0.02193397777603597,0.3556120892179945,-0.05464730919152466,-0.4102593984095192,0.6313023552948714,-0.249142236587524,-0.8804445918823954,0.10690503756920644,0.42096656869920246,0.314061531129996,-0.07090100703979078,0.4482902232949648,0.5191912303347557,0.31060353693627074,0.3551808422457379,0.4307681570759182,0.634613762435843,0.365386237564157,0.7027238493286587,0.7161078552746185,0.6788875692935186,0.7094158523016386,-0.7027238493286587,-0.7161078552746185,-0.7094158523016386,0.023836280035140156,0.03722028598109994,-1.9922871589660645,-2.584981679916382,-4.577268838882446,-2419.04296875,588.29296875,-1830.75,,,,,,,,,,,,,,,,,,,,,,,,,,,,,,,,,,,,SAD,Oxytocin,1,Male,1,19,1.0
N155,phase3_reinstatement,phase3_reinst_schaefer_tian,24,41570,1.6211747158736853,1.1994254983856332,1.6440524019697222,1.3527042991967542,1.102520872596768,1.164347689070304,-0.6211747158736853,-0.42174921748805216,0.4446269035840891,-0.19943576569600752,-0.21927001836321836,0.739849615987097,1.0141117892667046,0.02287768609603691,0.02287768609603691,0.02287768609603691,0.39609825361449935,0.8380855944708191,0.23418384808531845,0.23418384808531845,0.11709192404265922,0.44198734085631974,0.8037461128412402,0.2078034927710013,0.6761711889416382,0.19958425614148023,0.34340249885328955,0.5271454004964999,-0.011584897290492308,-0.028502440928712184,-0.07871352994456135,-0.08831645611828454,-0.009602926173723048,0.20318270418815287,-0.35064576685195614,-0.553828471040109,-0.1670267301891217,0.48268024944065924,0.649706979629781,-0.12766996521684104,0.5268384774998015,0.6545084427166425,0.27338652678151426,0.2779926382056665,0.31351936229569594,0.6691042937939021,0.3308957062060979,0.6963710650002033,0.680402396985921,0.7954295889744067,0.6883867309930621,-0.6963710650002033,-0.680402396985921,-0.6883867309930621,-0.09905852397420345,-0.11502719198848577,-8.587154388427734,-8.418220520019531,-17.005374908447266,-2933.83203125,752.98828125,-2180.84375,,,,,,,,,,,,,,,,,,,,,,,,,,,,,,,,,,,,SAD,Oxytocin,1,Female,0,26,1.0
N156,phase3_reinstatement,phase3_reinst_schaefer_tian,24,41570,1.5538565036512944,1.2508270023991248,1.6670729677794225,1.152216790222186,1.0573203802832283,1.2886939594654225,-0.5538565036512944,-0.30302950125216954,0.4162459653802977,-0.09490651856202059,0.020790379652139368,0.8049823078322061,1.0728615886560138,0.11321646412812814,0.11321646412812814,0.11321646412812814,0.42481706397533925,0.8411851814949887,0.2660022454703279,0.2660022454703279,0.13300112273516396,0.4163681175196494,0.807547527874303,0.1503658720493215,0.6823703629899773,0.18921918875980664,0.27881319536638144,0.5797858646953828,-0.024748362221494468,0.03735458585307513,-0.1150161798188705,0.02929724406249329,0.1443134238813638,-0.019741793748439207,0.27431963600390463,0.29406142975234384,-0.12848520567195834,0.46406411531338304,0.5925493209853414,-0.0709771157625231,0.4494154932821364,0.5203926090446596,0.19248952994531074,0.37139091153472975,0.4075844459182035,0.6334136802933343,0.36658631970666566,0.7271215083159617,0.7306775347825916,0.6850781490692657,0.7288995215492766,-0.7271215083159617,-0.7306775347825916,-0.7288995215492766,0.042043359246696,0.04559938571332589,-3.9626827239990234,2.177018165588379,-1.7856645584106445,-215.630859375,-343.876953125,-559.5078125,,,,,,,,,,,,,,,,,,,,,,,,,,,,,,,,,,,,SAD,Placebo,0,Male,1,19,1.0
N157,phase3_reinstatement,phase3_reinst_schaefer_tian,24,41570,1.6228935070742685,1.3549444677417464,1.5102760054390378,1.3667489148753114,1.0983205458037737,1.2213988707623367,-0.6228935070742685,-0.2679490393325221,0.15533153769729147,-0.1902832704838764,-0.20688920659225607,0.8348942512164463,0.9306069619168509,-0.11261750163523065,-0.11261750163523065,-0.11261750163523065,0.433410672006464,0.8191021072370424,0.25251277924350635,0.25251277924350635,0.12625638962175317,0.38569143523057836,0.8346025269199733,0.13317865598707201,0.6382042144740847,0.1873240806988863,0.37648471458338517,0.4790016692637488,-0.028582557468619013,-0.005549582007127571,-0.03534435053209503,-0.2059971392648805,-0.17065278873278544,-0.6046216336290124,0.12388552167889588,0.7285071553079083,-0.10888694382619532,0.3628643603254802,0.47175130415167554,-0.0912147685601478,0.46586292995792045,0.5570776985180683,0.3604126062484336,0.36067661858571465,0.3698745529017091,0.6963817758235282,0.3036182241764718,0.7084744588957079,0.6894597777044865,0.6483711723212763,0.6989671183000972,-0.7084744588957079,-0.6894597777044865,-0.6989671183000972,0.06010328657443165,0.04108860538321024,-8.76919424533844,-1.520743727684021,-10.289937973022461,1263.607421875,-555.4140625,708.193359375,,,,,,,,,,,,,,,,,,,,,,,,,,,,,,,,,,,,SAD,Oxytocin,1,Female,0,20,0.0
N158,phase3_reinstatement,phase3_reinst_schaefer_tian,24,41570,1.3414710002018655,1.592426052541326,1.554904269693131,1.2760088386249842,1.2079293575313472,1.2231184870267444,-0.3414710002018655,0.2509550523394606,-0.03752178284819507,0.23219416091536305,-0.060484916345938444,1.1870745177726179,1.1591038925687616,0.2134332694912655,0.2134332694912655,0.2134332694912655,0.5624115578413629,0.8256209324233945,0.38803249026475733,0.38803249026475733,0.1940162451323787,0.3880324902647574,0.8281781542764345,0.12482311568272575,0.651241864846789,0.21427783474217152,0.2325251630089407,0.8506120891719811,-0.002673817272607627,0.054803525855114756,-0.03362621147373243,0.21348211054193542,0.24710832201566788,-0.04502211888877272,0.2759903088432808,0.3210124277320535,0.06281074893860258,0.4556728700798419,0.39286212114123936,0.0796238546754688,0.34893181480887425,0.2693079601334054,0.19743674751269202,0.4101788522845933,0.5233388833659939,0.37670102248142806,0.623298977518572,0.688458015796815,0.801895847426565,0.7474146683903854,0.74517693161169,-0.688458015796815,-0.801895847426565,-0.74517693161169,-0.05895665259357041,0.05448117903617955,-37.20063591003418,36.69753837585449,-0.5030975341796875,1788.4609375,-9.580078125,1778.880859375,,,,,,,,,,,,,,,,,,,,,,,,,,,,,,,,,,,,SAD,Placebo,0,Male,1,18,0.0
N201,phase3_reinstatement,phase3_reinst_schaefer_tian,24,41570,1.5199695276858005,1.3040673998106878,1.6556338229142245,1.206555779511354,1.0510303851778042,1.3059965338696373,-0.5199695276858005,-0.21590212787511276,0.3515664231035367,-0.04011891632334441,-0.02804231998763318,0.8579562731212165,1.0892546079804843,0.13566429522842394,0.13566429522842394,0.13566429522842394,0.44623316201886254,0.8396510246875111,0.2858841867063736,0.2858841867063736,0.1429420933531868,0.39341786266864853,0.8133931573214755,0.10753367596227492,0.6793020493750221,0.22485537466081812,0.3777156887852207,0.548940813006306,0.10420823999726374,-0.11147430748003356,0.4767747103434238,-0.4772654754926142,-0.9540401858360382,0.6618445731758044,-0.8909611740946092,-1.5528057472704138,0.22003618129883634,0.22942918544820465,0.009393004149368306,-0.018351173872875576,0.46806192319451184,0.4864130970673874,0.2991249507766102,0.34823699433084043,0.6188665278838321,0.580476659399126,0.41952334060087404,0.744010320412155,0.7155772929801316,0.6539195328687575,0.7297938066961434,-0.744010320412155,-0.7155772929801316,-0.7297938066961434,0.0900907875433975,0.06165776011137414,1.1872138977050781,8.07065200805664,9.257865905761719,-2829.30859375,95.9453125,-2733.36328125,,,,,,,,,,,,,,,,,,,,,,,,,,,,,,,,,,,,HC,Placebo,0,Male,1,45,0.0
N203,phase3_reinstatement,phase3_reinst_schaefer_tian,24,41570,1.4258963118254195,1.5304180420960813,1.5411048894800223,1.148487545975264,1.2305381264773476,1.1769075067541852,-0.42589631182541954,0.1045217302706618,0.01068684738394099,0.1098651539626323,0.0552352706405026,1.073302468539125,1.0807972963329577,0.1152085776546028,0.1152085776546028,0.1152085776546028,0.5261066693994907,0.8236252862363997,0.34973195563589043,0.34973195563589043,0.17486597781794522,0.34973195563589043,0.8350571224927492,0.05221333879898138,0.6472505724727995,0.2320987834464661,0.2922462660373566,0.8214162549433691,0.011072875377297434,-0.024368706133535156,0.1368812536570977,-0.07876297466260818,-0.21564422831970587,0.23856417892667858,-0.5375777028354352,-0.7761418817621137,0.10683062064737114,0.3864260857428058,0.27959546509543465,0.0383899938188223,0.4258075730741099,0.3874175792552876,0.2995160547335138,0.35261214430121407,0.5719709047615648,0.43302630510224394,0.5669736948977561,0.7153497813484893,0.7212057895777524,0.6912029718001746,0.7182777854631208,-0.7153497813484893,-0.7212057895777524,-0.7182777854631208,0.024146809548314607,0.03000281777757774,-2.290813446044922,-5.391361236572266,-7.6821746826171875,-1973.513671875,178.84375,-1794.669921875,,,,,,,,,,,,,,,,,,,,,,,,,,,,,,,,,,,,HC,Oxytocin,1,Female,0,22,1.0
N204,phase3_reinstatement,phase3_reinst_schaefer_tian,24,41570,1.4545841242069018,1.5671502393742565,1.4757789477792043,1.2338133872317247,1.260519579867855,1.2700040163668538,-0.45458412420690175,0.11256611516735471,-0.0913712915950522,0.06688046936982861,0.03144841088562966,1.077387139403064,1.014571046853786,0.021194823572302512,0.021194823572302512,0.021194823572302512,0.5281118509816025,0.8139341689566434,0.34204601993824585,0.34204601993824585,0.17102300996912295,0.3420460199382459,0.8454435460838836,0.05622370196320503,0.6278683379132868,0.22698118045630433,0.27953762239179003,0.9206410843096601,0.03343497490730364,-0.02946724438337945,0.11221345462221241,-0.18219470499325952,-0.29440815961547184,0.34165274135012835,-0.11706131235644901,-0.45871405370657736,0.09029206809768675,0.3286796676293984,0.23838759953171165,0.034185340786580545,0.4197770201260281,0.38559167933944755,0.2402122052549903,0.17838317520390443,0.39359004576309786,0.37557330614012374,0.6244266938598763,0.712940177112013,0.7193427557813992,0.7313956465447753,0.7161414664467061,-0.712940177112013,-0.7193427557813992,-0.7161414664467061,-0.018455469432762328,-0.012052890763376123,0.32061290740966797,-14.0037522315979,-13.683139324188232,-324.05078125,-404.1015625,-728.15234375,,,,,,,,,,,,,,,,,,,,,,,,,,,,,,,,,,,,HC,Placebo,0,Female,0,28,0.0
N206,phase3_reinstatement,phase3_reinst_schaefer_tian,24,41570,1.760189426677219,0.8724951762763207,1.7413264203034051,1.1962797759456756,0.9267373720432529,1.2249508282862251,-0.7601894266772189,-0.8876942504008982,0.8688312440270844,-0.453278628387356,-0.12043567578093661,0.49568254308091136,0.9892835305219067,-0.018863006373813773,-0.018863006373813773,-0.018863006373813773,0.2915858822898151,0.8508554671372319,0.142441349427047,0.142441349427047,0.0712206747135235,0.5592695848474168,0.7392281923761547,0.41682823542036984,0.7017109342744638,0.15077348003615865,0.5257086893933485,0.27119931849983364,0.015428501982918138,0.0029289823105034,-0.012899491207708114,-0.05638900531222424,-0.0434895141045164,0.2078166747058392,0.0423266089684079,-0.1654900657374314,-0.38138495496104385,0.648287666773395,1.0296726217344387,-0.37493520935718977,0.6764821694295071,1.051417378786697,0.17386096470325832,0.18015796286184954,0.1369644081394364,0.8751645795710667,0.12483542042893325,0.587223499185415,0.612637060097981,0.9705718364068496,0.5999302796416981,-0.587223499185415,-0.612637060097981,-0.5999302796416981,-0.3833483372214346,-0.3579347763088686,-85.3426570892334,-4.947813987731934,-90.29047107696533,-15732.841796875,1687.208984375,-14045.6328125,,,,,,,,,,,,,,,,,,,,,,,,,,,,,,,,,,,,HC,Placebo,0,Male,1,38,0.0
N207,phase3_reinstatement,phase3_reinst_schaefer_tian,24,41570,1.638682226939007,1.244858887926453,1.589659921032913,1.3333347212804674,1.077882289859238,1.1696755096949967,-0.6386822269390069,-0.39382333901255384,0.34480103310645993,-0.22142282245932376,-0.20955582150334995,0.7596707036086507,0.9700843062791322,-0.04902230590609391,-0.04902230590609391,-0.04902230590609391,0.4027972494834914,0.8305682509586333,0.23336550044212467,0.23336550044212467,0.11668275022106234,0.4277710014751419,0.8144832948808663,0.19440550103301724,0.6611365019172666,0.17650166706163378,0.3271798469626219,0.4892721756722929,-0.026804890224244423,0.020938913359488075,-0.19229405182883494,0.1345481997226018,0.3268422515514367,0.05418324924210216,0.07710473947081065,0.022921490228708485,-0.22571771770128482,0.5498481257714358,0.7755658434727206,-0.12957069178686736,0.48257402591013493,0.6121447176970023,0.41561109476183883,0.09503864585570287,0.4578607587902948,0.7587885082159298,0.2412114917840702,0.6716892653872584,0.6988050174307381,0.7082279354750676,0.6852471414089982,-0.6716892653872584,-0.6988050174307381,-0.6852471414089982,-0.0365386700878092,-0.009422918044329487,-19.272208213806152,0.9742527008056641,-18.29795551300049,1070.326171875,452.630859375,1522.95703125,,,,,,,,,,,,,,,,,,,,,,,,,,,,,,,,,,,,HC,Placebo,0,Male,1,38,1.0
N209,phase3_reinstatement,phase3_reinst_schaefer_tian,24,41570,1.620969666396747,1.191040238636257,1.6507678983656668,1.2817713428538426,1.0518404697142751,1.2293801062249736,-0.620969666396747,-0.4299294277604899,0.45972765972940977,-0.20006559789578504,-0.14116105488421837,0.7347702156179874,1.0183829607689876,0.02979823196891984,0.02979823196891984,0.02979823196891984,0.3941431836933016,0.8389948070745138,0.23313799076781538,0.23313799076781538,0.11656899538390769,0.4448516233812122,0.8020650938687205,0.21171363261339682,0.6779896141490276,0.17009067348188445,0.33181173325239416,0.4719184824846531,0.04826152293267799,0.027367305678517903,0.1525482848062837,0.07205319317923209,-0.08049509162705148,0.5035002330725675,0.3190272844668157,-0.1844729486057518,-0.059802208366451226,0.512284294322978,0.5720865026894293,-0.13607635076959307,0.47625769773336196,0.612334048502955,0.16533409903550253,0.2931384894369283,0.37790198105749434,0.7488831248099214,0.25111687519007864,0.6924105601116405,0.7118553230361493,0.6343952755824775,0.7021329415738948,-0.6924105601116405,-0.7118553230361493,-0.7021329415738948,0.058015284529162936,0.07746004745367174,-14.598639011383057,0.01986837387084961,-14.578770637512207,-1297.640625,955.55859375,-342.08203125,,,,,,,,,,,,,,,,,,,,,,,,,,,,,,,,,,,,HC,Placebo,0,Female,0,37,1.0
N210,phase3_reinstatement,phase3_reinst_schaefer_tian,24,41570,1.3477007677241564,1.47053043392464,1.6637241273607792,1.1122303974636862,1.1415656467904034,1.314995727842573,-0.34770076772415637,0.12282966620048352,0.19319369343613935,0.2194265129185533,0.11605028985280197,1.091140153831405,1.234490737751363,0.31602335963662287,0.31602335963662287,0.31602335963662287,0.5306688674843554,0.8407372896242515,0.37140615710860686,0.37140615710860686,0.18570307855430346,0.3714061571086069,0.8149135798513927,0.061337734968710755,0.6814745792485031,0.2581538258840863,0.31092008728278947,0.8129670160823838,-0.015334462885173724,0.03102259557298796,-0.06257036576234712,0.19656995244494124,0.25914031820728833,0.1413871410202766,-0.1527773077623621,-0.2941644487826387,-0.01088429161859103,0.5941917367280607,0.6050760283466518,0.02040089126258253,0.49590676050559007,0.4755058692430076,0.24767634057262156,0.3183477152600631,0.4097266209575798,0.4497660303267602,0.5502339696732398,0.7039064685788017,0.7304632511063662,0.5569897112466651,0.717184859842584,-0.7039064685788017,-0.7304632511063662,-0.717184859842584,0.1469167573321366,0.17347353985970115,-5.222568511962891,-9.324344635009766,-14.546913146972656,-2866.1953125,6488.08984375,3621.89453125,,,,,,,,,,,,,,,,,,,,,,,,,,,,,,,,,,,,HC,Oxytocin,1,Male,1,22,0.0
N211,phase3_reinstatement,phase3_reinst_schaefer_tian,24,41570,1.4296830951720476,1.4736363770159018,1.5917592281574535,1.146343850817937,1.0722680017362882,1.1999125369205803,-0.4296830951720476,0.043953281843854164,0.11812285114155174,0.10301470741463015,-0.010253581489502839,1.0307433666137957,1.113365068384089,0.1620761329854059,0.1620761329854059,0.1620761329854059,0.5109865517828823,0.8308634702000207,0.34185002198290304,0.34185002198290304,0.17092501099145152,0.34185002198290304,0.8276887003302961,0.02197310356576465,0.6617269404000414,0.2394753329597305,0.2732716753153603,0.8661516137359997,0.017133831556868633,-0.02180717387083896,0.05122137366203883,-0.1292212630777766,-0.18044263673981553,0.1315975193629677,-0.019834002633920322,-0.15143152199688803,0.03338595820894319,0.4065647630026489,0.3731788047937057,0.007775271377923776,0.4711753945415372,0.46340012316361345,0.15439876968580624,0.23516597077586587,0.28762238603897894,0.49019684836104055,0.5098031516389594,0.744648843395014,0.7025538907168543,0.7227651306940512,0.7236013670559341,-0.744648843395014,-0.7025538907168543,-0.7236013670559341,0.021883712700962787,-0.020211239977196982,-7.451732635498047,-1.21868896484375,-8.670421600341797,-943.34375,-1182.19140625,-2125.53515625,,,,,,,,,,,,,,,,,,,,,,,,,,,,,,,,,,,,HC,Placebo,0,Male,1,35,0.0
N212,phase3_reinstatement,phase3_reinst_schaefer_tian,24,41570,1.5158477509462513,1.4527203078969038,1.5303264267348504,1.2156691254342042,1.1236719792098109,1.1348597843218748,-0.5158477509462513,-0.06312744304934759,0.07760611883794666,-0.024324383630374147,-0.0864032436683615,0.9583550177822997,1.0095515302800335,0.014478675788599071,0.014478675788599071,0.014478675788599071,0.48422337814026783,0.8220540693204768,0.3062774474607446,0.3062774474607446,0.1531387237303723,0.3378306911802089,0.8374222643217553,0.03155324371946433,0.6441081386409535,0.21098033775983752,0.29850704148294577,0.7081753874042851,0.004197285962963467,0.0023609217070724494,-0.04752375622410146,0.06276534120868416,0.11028909743278559,0.1017411678816087,0.05035610676527591,-0.051385061116332786,-0.043212958979020305,0.47279442699098667,0.516007385970007,-0.019451080866969575,0.44141175638664454,0.46086283725361415,0.19468217776743266,0.27063076465491054,0.324317901153931,0.5409672203717646,0.4590327796282354,0.7280776821220866,0.7123882461469668,0.7104174843438121,0.7202329641345266,-0.7280776821220866,-0.7123882461469668,-0.7202329641345266,0.017660197778274433,0.001970761803154697,1.4135947227478027,-0.48534154891967773,0.928253173828125,-537.69921875,1840.490234375,1302.791015625,,,,,,,,,,,,,,,,,,,,,,,,,,,,,,,,,,,,HC,Oxytocin,1,Female,0,25,0.0
N213,phase3_reinstatement,phase3_reinst_schaefer_tian,24,41570,1.3815223730289086,1.5245946876398704,1.5868108889738783,1.2039758006863592,1.261529700575609,1.3306513908600035,-0.38152237302890857,0.14307231461096181,0.06221620133400796,0.1741804152779658,0.09211474503144701,1.1035613366591166,1.1485958595146946,0.20528851594496977,0.20528851594496977,0.20528851594496977,0.5357071898386969,0.8301669442931282,0.36587413413182507,0.36587413413182507,0.18293706706591256,0.3658741341318251,0.826820361365377,0.07141437967739384,0.6603338885862564,0.2772640726978496,0.2989413057563157,1.0050847709192277,-0.029284654937411683,0.00719291390852841,-0.07912367961961114,0.08853249938764735,0.16765617900725832,-0.3502997210968317,-0.24635900024581758,0.10394072085101413,0.0047906987148668145,0.5544418565648506,0.5496511578499836,0.044352538524672386,0.5101756068710269,0.46582306834635445,0.1248125693061753,0.23341548350493918,0.27015360682056866,0.41987573099568426,0.5801242690043158,0.6999086611946767,0.6801413365947515,0.7058002484103553,0.690024998894714,-0.6999086611946767,-0.6801413365947515,-0.690024998894714,-0.0058915872156786175,-0.025658911815603758,-6.287926197052002,-2.8111214637756348,-9.099047660827637,-615.017578125,1833.853515625,1218.8359375,,,,,,,,,,,,,,,,,,,,,,,,,,,,,,,,,,,,HC,Oxytocin,1,Male,1,20,0.0
N214,phase3_reinstatement,phase3_reinst_schaefer_tian,24,41570,1.524999594794859,1.4542330141395254,1.519760507141247,1.199871675799726,1.0567111502984354,1.157350372349906,-0.5249995947948589,-0.07076658065533348,0.06552749300172156,-0.0380028341544727,-0.09284091447555531,0.9535956662330723,0.9965645252384727,-0.005239087653611918,-0.005239087653611918,-0.005239087653611918,0.4823157343196054,0.8205032113446746,0.30281894566428,0.30281894566428,0.15140947283214,0.33818747702506924,0.8390362114552254,0.03536853136078921,0.6410064226893493,0.2106411646740239,0.38339309430223145,0.5364122380873372,-0.002903622195281914,-0.026584247351589724,-0.28088826849924786,-0.08901278418499192,0.19187548431425605,0.4559084059998779,0.013743964371241368,-0.44216444162863655,-0.21773028095567692,0.45406208396160486,0.6717923649172819,-0.07728614670605301,0.4985684760541008,0.5758546227601539,0.3863058421664375,0.31014793783216144,0.4899817520608884,0.5359871239742586,0.46401287602574137,0.8117069197770983,0.6734471628367791,0.7173005415987279,0.7425770413069387,-0.8117069197770983,-0.6734471628367791,-0.7425770413069387,0.09440637817837039,-0.043853378761948836,1.1418452262878418,8.784400224685669,9.92624545097351,1658.529296875,-2625.8046875,-967.275390625,,,,,,,,,,,,,,,,,,,,,,,,,,,,,,,,,,,,HC,Placebo,0,Male,1,19,0.0
N215,phase3_reinstatement,phase3_reinst_schaefer_tian,24,41570,1.4391662222345867,1.543419530620155,1.515525388413516,1.128351569887125,1.2855174773928804,1.172231065870764,-0.4391662222345867,0.10425330838556834,-0.027894142206638994,0.09030623728224874,0.10052270174469724,1.0724400670683434,1.053057912608446,0.07635916617892935,0.07635916617892935,0.07635916617892935,0.5260397464047828,0.8198786259757966,0.3459183723805795,0.3459183723805795,0.17295918619028972,0.34591837238057943,0.8391925588188347,0.052079492809565586,0.6397572519515933,0.2264259118778053,0.28626553548287936,0.8840257308864343,0.013784316349892644,-0.026014889286948135,0.017215253660884833,-0.0446468135296782,-0.061862067190562975,0.027655971975521387,-0.26917064260705104,-0.2968266145825724,0.027930922362639776,0.4112051214585742,0.3832741990959344,0.01932329553219736,0.43352852822341326,0.4142052326912159,0.27115616080110316,0.15105774269175676,0.3277017133813268,0.4091166775513166,0.5908833224486834,0.7508512452259573,0.7135833016312949,0.7254050746986034,0.7322172734286261,-0.7508512452259573,-0.7135833016312949,-0.7322172734286261,0.025446170527353873,-0.011821773067308472,-4.766086578369141,9.354011535644531,4.587924957275391,506.4921875,-65.927734375,440.564453125,,,,,,,,,,,,,,,,,,,,,,,,,,,,,,,,,,,,HC,Oxytocin,1,Male,1,25,0.0
N216,phase3_reinstatement,phase3_reinst_schaefer_tian,24,41570,1.518607029679381,1.4423780574832916,1.537379544436495,1.140728716470461,1.1910346822025555,1.2118080417042918,-0.518607029679381,-0.07622897219608937,0.09500148695320343,-0.02872822871948766,0.060692645482962604,0.9498033525432733,1.012361660565644,0.018772514757114056,0.018772514757114056,0.018772514757114056,0.48095197983331095,0.8230834651505528,0.3040354449838637,0.3040354449838637,0.15201772249193185,0.3421314853172418,0.8361188739987775,0.0380960403333781,0.6461669303011055,0.2019425025186907,0.27844101803043086,0.7179118319357051,0.04220701302658277,-0.012663776990684186,0.09676361409727222,-0.06344974073640963,-0.16021335483368193,0.4673877876657583,-0.14485906470545407,-0.6122468523712123,0.01903750497385015,0.4015044367439625,0.3824669317701124,-0.029344302074785958,0.43322930711216734,0.46257360918695334,0.15944777230077517,0.18121779193023338,0.27987787000737846,0.5091783367186536,0.49082166328134635,0.7801306880319813,0.7297130122607445,0.6872550134195385,0.7549218501463628,-0.7801306880319813,-0.7297130122607445,-0.7549218501463628,0.09287567461244273,0.042457998841205935,-9.647422790527344,-22.638015747070312,-32.285438537597656,2070.9453125,-5247.015625,-3176.0703125,,,,,,,,,,,,,,,,,,,,,,,,,,,,,,,,,,,,HC,Placebo,0,Male,1,20,0.0
N217,phase3_reinstatement,phase3_reinst_schaefer_tian,24,41570,1.373494624991858,1.601253878360769,1.5166670036258958,1.1610899021924592,1.2130490940496457,1.2439204924315532,-0.37349462499185804,0.227759253368911,-0.08458687473487325,0.18546581600147438,0.06739489104814012,1.1658246327043433,1.1042394815287258,0.14317237863403776,0.14317237863403776,0.14317237863403776,0.5566949408822025,0.8200471554826595,0.376742096364862,0.376742096364862,0.188371048182431,0.376742096364862,0.835339671329534,0.11338988176440501,0.640094310965319,0.2964041312038106,0.35387422887708714,1.0008829274425164,-0.004875742423807912,0.04783544948613275,-0.01666137420678923,0.2073665963200353,0.22402797052682455,-0.3031250718123015,0.24971357857528553,0.5528386503875871,0.0750903442727453,0.6130705291914988,0.5379801849187535,0.08342103137613992,0.5093872310314812,0.42596619965534127,0.3154595566992975,0.16793423609380492,0.32280597663859306,0.33278053620429193,0.6672194637957081,0.6813476577906069,0.6637020305863696,0.7233621265366045,0.6725248441884882,-0.6813476577906069,-0.6637020305863696,-0.6725248441884882,-0.04201446874599757,-0.059660095950234915,14.768646240234375,-17.25942039489746,-2.490774154663086,496.720703125,-1217.546875,-720.826171875,,,,,,,,,,,,,,,,,,,,,,,,,,,,,,,,,,,,HC,Placebo,0,Female,0,18,0.0
N219,phase3_reinstatement,phase3_reinst_schaefer_tian,24,41570,1.5906262228543764,1.3269177486697128,1.5695196855759614,1.20379935495089,1.185780906490367,1.2884860340448014,-0.5906262228543764,-0.2637084741846636,0.24260193690624865,-0.14240750573153926,0.03333411531669417,0.8342109046501521,0.9867306681843545,-0.02110653727841494,-0.02110653727841494,-0.02110653727841494,0.4344523026107754,0.827715124866882,0.2621674274776574,0.2621674274776574,0.1310837137388287,0.39326282225610665,0.8252360871671168,0.13109539477844923,0.6554302497337641,0.205479551135671,0.30876917944664006,0.6324886386587667,0.015747346464212757,-0.01859462513720535,0.12403378729587167,-0.0531355976778739,-0.17716938497374551,0.17950053091154738,-0.13782234130955429,-0.31732287222110167,-0.010520735883449872,0.4569289329637908,0.46744966884724065,-0.0725376295313857,0.48349673180272773,0.5560343613341134,0.19316316191003255,0.2306209872904191,0.3246796119119156,0.6682397013812421,0.3317602986187579,0.7060508457609123,0.6970270814585554,0.7415867713043225,0.7015389636097338,-0.7060508457609123,-0.6970270814585554,-0.7015389636097338,-0.03553592554341023,-0.04455968984576708,-13.865825653076172,7.09495735168457,-6.770868301391602,2563.91796875,268.203125,2832.12109375,,,,,,,,,,,,,,,,,,,,,,,,,,,,,,,,,,,,HC,Oxytocin,1,Male,1,19,1.0
N220,phase3_reinstatement,phase3_reinst_schaefer_tian,24,41570,1.6576367182416603,1.4088903683783331,1.4185799767502825,1.2832698616596874,1.0883493246614129,1.1626688478122884,-0.6576367182416603,-0.2487463498633271,0.009689608371949321,-0.24390154567735256,-0.15776077542283673,0.849939159994853,0.8557845953709307,-0.2390567414913778,-0.2390567414913778,-0.2390567414913778,0.4381320891540962,0.8051157050350424,0.24324779418913856,0.24324779418913856,0.12162389709456928,0.3669836158809462,0.8502526731248887,0.12373582169180763,0.6102314100700847,0.17194559334654896,0.28041948438501474,0.6062118556451864,-0.012443995064560408,-0.012707360772800578,-0.033747972063192355,-0.002137472542714125,0.03161049952047823,-0.2977545316638326,-0.22698065330506623,0.07077387835876636,-0.09558298725235881,0.4215314516425035,0.5171144388948623,-0.07870900122076263,0.42260018791386056,0.5013091891346232,0.26440711640811987,0.10953080428774356,0.25057439519347213,0.7604406543603707,0.23955934563962933,0.6579568947141985,0.7058498159545872,0.699007223800149,0.6819033553343928,-0.6579568947141985,-0.7058498159545872,-0.6819033553343928,-0.04105032908595052,0.006842592154438165,23.97463321685791,-12.94730520248413,11.02732801437378,-1391.734375,1195.173828125,-196.560546875,,,,,,,,,,,,,,,,,,,,,,,,,,,,,,,,,,,,HC,Placebo,0,Female,0,20,0.0
N221,phase3_reinstatement,phase3_reinst_schaefer_tian,24,41570,1.2071539797254667,1.659781691353578,1.5984805784938942,1.2167498656289946,1.275436903696232,1.2669041872144429,-0.20715397972546667,0.4526277116281112,-0.06130111285968365,0.4219771551982694,0.05442067982634291,1.3749544014107502,1.3241728827466526,0.39132659876842757,0.39132659876842757,0.39132659876842757,0.611263813990574,0.8318059178789581,0.443069731869532,0.443069731869532,0.221534865934766,0.443069731869532,0.8087680015583476,0.2225276279811479,0.6636118357579162,0.3659127735802856,0.4357485562015111,1.037471317623946,-0.009754130712186657,-0.04001487294737377,-0.07068375864256687,-0.08707536824938367,-0.016391609606816793,-0.05023343323364937,-0.2405261135013248,-0.19029268026767543,0.07842078047235557,0.5745252032422403,0.4961044227698848,0.113762659793639,0.6180628873669322,0.5043002275732932,0.47352596311820816,0.22755974116841865,0.42783763437507366,0.17241674578912192,0.8275832542108781,0.7235421310432948,0.6126552795710662,0.734140762426824,0.6680987053071805,-0.7235421310432948,-0.6126552795710662,-0.6680987053071805,-0.010598631383529233,-0.12148548285575778,7.388050079345703,-24.44822359085083,-17.060173511505127,590.537109375,-455.71484375,134.822265625,,,,,,,,,,,,,,,,,,,,,,,,,,,,,,,,,,,,HC,Placebo,0,Male,1,29,0.0
N222,phase3_reinstatement,phase3_reinst_schaefer_tian,24,41570,1.4914217858502143,1.5826128327951814,1.421532835081401,1.2385771700654025,1.0972147752745829,1.1438143425082599,-0.49142178585021434,0.09119104694496705,-0.16107999771378045,0.01065104808807682,-0.11806261117398109,1.0611436933526788,0.9531393728030025,-0.06988895076881341,-0.06988895076881341,-0.06988895076881341,0.5227819763806082,0.8055786041275729,0.32836058050818107,0.32836058050818107,0.16418029025409053,0.32836058050818107,0.8545657490583103,0.045563952761216386,0.6111572082551457,0.2145211192721619,0.2595336370772825,0.942983324832516,0.003923536228011794,-0.008229398609657181,0.018573056683693967,-0.0488179230648495,-0.06739097974854352,0.21508251618563556,0.12764304966367002,-0.08743946652196555,0.04617228192145134,0.3677475234322946,0.32157524151084327,0.03688575357960436,0.39215648496471944,0.355270731385115,0.23349637113781516,0.18527469478161124,0.20730088907211225,0.3889245205915648,0.6110754794084352,0.711899410028726,0.7201389070755105,0.716697821744407,0.7160191585521183,-0.711899410028726,-0.7201389070755105,-0.7160191585521183,-0.004798411715680961,0.003441085331103544,-4.303737640380859,-19.196410179138184,-23.500147819519043,-2244.515625,1756.7578125,-487.7578125,,,,,,,,,,,,,,,,,,,,,,,,,,,,,,,,,,,,HC,Placebo,0,Male,1,26,1.0
N224,phase3_reinstatement,phase3_reinst_schaefer_tian,24,41570,1.5229410666186796,1.3189413503790024,1.6410658824963817,1.21034992423399,1.1416749657678615,1.220168234513943,-0.5229410666186796,-0.20399971623967716,0.32212453211737935,-0.0429374501809876,-0.029428324093087488,0.8660488384142814,1.0775636087904135,0.11812481587770218,0.11812481587770218,0.11812481587770218,0.44917620523985635,0.837679920053043,0.2868561252928994,0.2868561252928994,0.1434280626464497,0.3885037148131867,0.8161825630455566,0.1016475895202873,0.6753598401060861,0.23163107130010208,0.37021405225186926,0.539136190819251,0.031697044132259565,-0.10214510677878226,0.030503906930316432,-0.3239525429962085,-0.35445644992652503,0.3327730468783696,-0.631329668551083,-0.9641027154294526,-0.07109275925935121,0.38763058382660937,0.4587233430859605,-0.08634471272450943,0.5496068553247135,0.635951568049223,0.3376489695750815,0.447775509900063,0.6264789165236335,0.598424164995824,0.40157583500417604,0.680062821210188,0.6611381049209772,0.6418127671447538,0.6706004630655826,-0.680062821210188,-0.6611381049209772,-0.6706004630655826,0.03825005406543425,0.019325337776223472,-3.5401058197021484,-0.18544912338256836,-3.725554943084717,-1026.740234375,-365.353515625,-1392.09375,,,,,,,,,,,,,,,,,,,,,,,,,,,,,,,,,,,,HC,Oxytocin,1,Male,1,24,1.0
N225,phase3_reinstatement,phase3_reinst_schaefer_tian,24,41570,1.4771702246538057,1.5465278017857584,1.4751654398739706,1.1983262189294899,1.2306302302546022,1.2127161721945643,-0.47717022465380565,0.06935757713195279,-0.0713623619117878,0.03367639617605889,0.023346982295093355,1.0469529953317855,0.9986428139879864,-0.0020047847798350116,-0.0020047847798350116,-0.0020047847798350116,0.5173324467336691,0.8138412381491783,0.33117368488284743,0.33117368488284743,0.1655868424414237,0.3311736848828474,0.8462496916936538,0.03466489346733814,0.6276824762983566,0.22188795765867947,0.26278718512471866,0.8781997467008872,0.0076063632212559195,-0.01124936660288425,0.05336164588454986,0.09511057980057386,0.04174893391602391,0.1695614422102475,-0.2629059556045862,-0.4324673978148337,0.04895928080504153,0.4690527473548792,0.42009346654983765,0.022278457862766596,0.4214974574545923,0.3992189995918257,0.20003676235299409,0.22794137633767866,0.29392700176625,0.5224610281758657,0.4775389718241343,0.7377462895907938,0.7178891705041814,0.7288742687217311,0.7278177300474876,-0.7377462895907938,-0.7178891705041814,-0.7278177300474876,0.008872020869062691,-0.010985098217549671,15.893863677978516,2.3007125854492188,18.194576263427734,666.943359375,-3730.8359375,-3063.892578125,,,,,,,,,,,,,,,,,,,,,,,,,,,,,,,,,,,,HC,Oxytocin,1,Male,1,41,0.0
N226,phase3_reinstatement,phase3_reinst_schaefer_tian,24,41570,0.9737970768117933,1.701567908621899,1.7307410568228963,0.9013248956908475,1.286323532779965,1.2148372221679504,0.026202923188206717,0.7277708318101058,0.029173148200997145,0.7423574059106043,0.34925548178311017,1.7473536650153922,1.777311803724258,0.756943980011103,0.756943980011103,0.756943980011103,0.6743159064783086,0.8495071850020158,0.5238230914803244,0.5238230914803244,0.26191154574016223,0.5238230914803245,0.7607640633855659,0.34863181295661727,0.6990143700040317,0.2310562549700207,0.31405158554411494,0.5545304579355611,0.04281963430720929,0.0685940623067912,0.36415319057024664,0.6392476338768719,0.27509444330662525,0.09050519981987981,0.048560636312070526,-0.041944563507809285,0.4332487118652513,0.5305642102983492,0.09731549843309795,0.251172116580128,0.21094039335991327,-0.04023172322021469,0.39143267804803594,0.7555372079671965,0.5121422016011168,0.20409169549743747,0.7959083045025626,0.6560658933834415,0.8720571747452182,0.682277014620861,0.7640615340643298,-0.6560658933834415,-0.8720571747452182,-0.7640615340643298,-0.026211121237419532,0.18978016012435717,-1.5793745517730713,8.995670557022095,7.416296005249023,484.1953125,2669.818359375,3154.013671875,,,,,,,,,,,,,,,,,,,,,,,,,,,,,,,,,,,,HC,Oxytocin,1,Male,1,19,1.0
N227,phase3_reinstatement,phase3_reinst_schaefer_tian,24,41570,1.326207913829495,1.5614702124935826,1.5990752227141467,1.071807596577495,1.2690795577922254,1.2415293590192265,-0.3262079138294951,0.23526229866408754,0.03760501022056406,0.2540648037743696,0.1834968618282311,1.1773947240375064,1.2057500139923256,0.2728673088846516,0.2728673088846516,0.2728673088846516,0.5585457890396471,0.8318890950653558,0.39043488410500293,0.39043488410500293,0.19521744205250147,0.39043488410500293,0.8217261582072989,0.11709157807929427,0.6637781901307116,0.26127033422604595,0.3653676854027664,0.7187084538944501,-0.03357726411341812,-0.011356193295492171,-0.23159677536907702,0.06577289828619276,0.29736967365526973,-0.4730458856514743,0.19356222360505182,0.6666081092565261,-0.052226924654341894,0.4918556545649917,0.5440825792193336,0.06357146303019662,0.45896920542189534,0.39539774239169867,0.5597606181510153,0.4736476184560622,0.8180893751499073,0.37367052309726323,0.6263294769027368,0.7225082897550339,0.7115086087008998,0.7096368822332699,0.7170084492279669,-0.7225082897550339,-0.7115086087008998,-0.7170084492279669,0.012871407521763967,0.0018717264676298973,-3.465592622756958,1.3311636447906494,-2.1344289779663086,-92.310546875,2804.330078125,2712.01953125,,,,,,,,,,,,,,,,,,,,,,,,,,,,,,,,,,,,HC,Placebo,0,Male,1,38,1.0
N228,phase3_reinstatement,phase3_reinst_schaefer_tian,24,41570,1.4333866689464068,1.5022309731579857,1.561644617063226,1.0568548787903183,1.1861126416624568,1.2744860769750788,-0.43338666894640676,0.06884430421157894,0.0594136439052404,0.09855112616419914,0.1734444805284494,1.0480291153969576,1.08947895219111,0.12825794811681934,0.12825794811681934,0.12825794811681934,0.5172042815604188,0.8265892181732495,0.3437934997336683,0.3437934997336683,0.17189674986683412,0.34379349973366824,0.8322969175951074,0.03440856312083751,0.653178436346499,0.23515590340203862,0.32930273936860543,0.7402175918417866,-0.004505763371658774,0.054698939489820575,0.15522723468875302,0.25499803536611343,0.09977080067736044,0.12273874150217723,0.3528592702441423,0.2301205287419651,0.09663519583384461,0.5787892459976658,0.48215405016382124,0.019021578489468102,0.4512902283146091,0.432268649825141,0.4497371432937601,0.1435719667243195,0.4174593190199705,0.46469519868795167,0.5353048013120483,0.7203128238608727,0.7097767269962356,0.7233217633131646,0.7150447754285542,-0.7203128238608727,-0.7097767269962356,-0.7150447754285542,-0.003008939452291859,-0.013545036316928938,-4.9725341796875,-2.658355712890625,-7.630889892578125,420.05859375,821.3203125,1241.37890625,,,,,,,,,,,,,,,,,,,,,,,,,,,,,,,,,,,,HC,Oxytocin,1,Male,1,27,0.0
N230,phase3_reinstatement,phase3_reinst_schaefer_tian,24,41570,1.5646764893658767,1.3139307110053795,1.6063201241997818,1.3267233980700068,1.1135114847517609,1.2635304346273282,-0.5646764893658767,-0.25074577836049716,0.29238941319440226,-0.10455107176329603,-0.1382024383804623,0.8397459229034768,1.0266148464879368,0.0416436348339051,0.0416436348339051,0.0416436348339051,0.43763994616135293,0.8328998570450584,0.27053980320641136,0.27053980320641136,0.13526990160320568,0.3952599108837055,0.819889019182308,0.12472010767729413,0.6657997140901168,0.20206541967242744,0.30501254524239274,0.5937377374911212,0.023605262930777228,-0.038459206574176515,0.1808830938568123,-0.18171857561464472,-0.362601669471457,0.31482459447960054,-0.17638719176828577,-0.4912117862478862,0.029086841245371586,0.37462625722056714,0.34553941597519555,-0.06135470568303457,0.4654855450278895,0.526840250710924,0.27900725578068064,0.32932395930605773,0.43304688932470864,0.6219313768325949,0.3780686231674051,0.726758876364705,0.7092338271259285,0.6955354672792334,0.7179963517453167,-0.726758876364705,-0.7092338271259285,-0.7179963517453167,0.03122340908547161,0.013698359846695096,-6.508111233823001,-5.409030680544674,-11.917141914367676,-1571.43359375,-251.31640625,-1822.75,,,,,,,,,,,,,,,,,,,,,,,,,,,,,,,,,,,,HC,Oxytocin,1,Male,1,22,1.0
N231,phase3_reinstatement,phase3_reinst_schaefer_tian,24,41570,1.623359508852682,1.4961333109381942,1.3696431199061705,1.1662443777579898,1.1562373730391355,1.1812425309190313,-0.623359508852682,-0.12722619791448775,-0.12649019103202375,-0.1904712934304995,0.0024955742210936993,0.9216278301651839,0.8437090515070704,-0.2537163889465115,-0.2537163889465115,-0.2537163889465115,0.46823628426368935,0.7973224881013437,0.265558772365033,0.265558772365033,0.1327793861825165,0.3290862038376543,0.8621688882472399,0.0635274314726213,0.5946449762026873,0.20193074130154204,0.3227797828262609,0.6445676834429306,-0.0027545698813082153,-0.0370863553471753,0.029679216990659535,-0.08262822158634031,-0.11230743857699976,-0.19160291310157795,-0.48626190117583346,-0.2946589880742555,0.0009984356572776132,0.3763885446479661,0.3753901089906885,-0.013841172838052154,0.4177026554411363,0.43154382827918836,0.3753019934915663,0.20195351696363756,0.33532797133373704,0.5845228590379865,0.4154771409620135,0.7217741145604996,0.6917424495365393,0.679123417396303,0.7067582820485194,-0.7217741145604996,-0.6917424495365393,-0.7067582820485194,0.04265069716419656,0.012619032140236297,7.949628829956055,-12.359458923339844,-4.409830093383789,-733.080078125,930.884765625,197.8046875,,,,,,,,,,,,,,,,,,,,,,,,,,,,,,,,,,,,HC,Placebo,0,Male,1,18,0.0
N232,phase3_reinstatement,phase3_reinst_schaefer_tian,24,41570,1.5938919013289876,1.372126165554303,1.5257614548933274,1.29025422563784,1.135211669123732,1.2038211152307632,-0.5938919013289876,-0.22176573577468472,0.15363528933902448,-0.1449480911051726,-0.12073783346059241,0.860865254288306,0.9572552844070505,-0.06813044643566024,-0.06813044643566024,-0.06813044643566024,0.44478467180121284,0.8213853178536059,0.26616998965481875,0.26616998965481875,0.13308499482740938,0.3766006460523931,0.8341111697721371,0.11043065639757432,0.6427706357072118,0.20466882013365742,0.30927069689699427,0.6496434667635638,-0.03739458898746634,-0.004617810595815087,-0.23963856864403374,-0.058862344748136675,0.1807762238958971,-0.10145221622894818,0.06302070024137951,0.1644729164703277,-0.18801126955948086,0.4480984531307105,0.6361097226901914,-0.06819198523746399,0.47752962550477884,0.5457216107422429,0.1828469849955146,0.16676499610134876,0.11187394369343615,0.6275494669369096,0.3724505330630904,0.6709219543679098,0.686692952517746,0.6874955461013047,0.6788074534428279,-0.6709219543679098,-0.686692952517746,-0.6788074534428279,-0.0165735917333949,-0.0008025935835587195,-21.66485857963562,-12.18995475769043,-33.85481333732605,603.73046875,2060.419921875,2664.150390625,,,,,,,,,,,,,,,,,,,,,,,,,,,,,,,,,,,,HC,Placebo,0,Male,1,28,0.0
N233,phase3_reinstatement,phase3_reinst_schaefer_tian,24,41570,1.4022575103317105,1.4339923599100532,1.6502363509699332,1.1822038719477694,1.0966966945337895,1.2514990847957679,-0.40225751033171053,0.031734849578342716,0.2162439910598799,0.13985684510828267,-0.008105982282990754,1.0226312493377363,1.1768425749498295,0.24797884063822262,0.24797884063822262,0.24797884063822262,0.5079330466243746,0.8389229913734758,0.34685603799785036,0.34685603799785036,0.17342801899892518,0.34685603799785036,0.8183491461213444,0.015866093248749102,0.6778459827469516,0.2705173501700706,0.39520892222161097,0.6329432770759668,0.0509581099358294,0.015494238295267193,0.03427603341549362,0.07835021703216594,0.04407418361667237,0.9658386483958626,-0.35071307703318333,-1.316551725429046,0.028259239074019865,0.5690885864899512,0.5408293474159314,0.011121222366273054,0.5299134779738683,0.5187922556075952,0.3607889953027512,0.4985587591898523,0.7401264554189226,0.4315232579369926,0.5684767420630075,0.7390667192928414,0.6734530736035649,0.674145298453235,0.7062598964482032,-0.7390667192928414,-0.6734530736035649,-0.7062598964482032,0.06492142083960639,-0.0006922248496701311,3.0649261474609375,17.15416145324707,20.219087600708008,-1705.865234375,3552.787109375,1846.921875,,,,,,,,,,,,,,,,,,,,,,,,,,,,,,,,,,,,HC,Oxytocin,1,Male,1,19,1.0
N234,phase3_reinstatement,phase3_reinst_schaefer_tian,24,41570,1.3936282462731,1.519500229948125,1.5809987117109894,1.1714049006483878,1.199691402642423,1.219121327132892,-0.3936282462731,0.12587198367502506,0.06149848176286432,0.1566212245564571,0.038001464239269644,1.0903196193880549,1.134447945206682,0.18737046543788938,0.18737046543788938,0.18737046543788938,0.5314265140355867,0.8293459134100288,0.3607724274456156,0.3607724274456156,0.18038621372280778,0.36077242744561555,0.8281736510238547,0.06285302807117343,0.6586918268200577,0.2690558096394897,0.33159845892450224,0.8393843528828426,0.06837480246425418,-0.05113912618514845,0.2664771919326143,-0.3167453452997732,-0.5832225372323876,0.2832585636122489,-0.0754651914754162,-0.3587237550876651,0.1666381830998257,0.3463393594955742,0.1797011763957485,0.03339958713351855,0.5047120321454608,0.47131244501194225,0.2388196937349086,0.25764719438497496,0.3515742278552724,0.4176501796177051,0.5823498203822949,0.6941993178011787,0.6863420552378887,0.7012346947318441,0.6902706865195337,-0.6941993178011787,-0.6863420552378887,-0.6902706865195337,-0.00703537693066536,-0.014892639493955362,-0.8183250427246094,-7.184014320373535,-8.002339363098145,-1959.255859375,1541.169921875,-418.0859375,,,,,,,,,,,,,,,,,,,,,,,,,,,,,,,,,,,,HC,Placebo,0,Male,1,18,0.0
N235,phase3_reinstatement,phase3_reinst_schaefer_tian,24,41570,1.58011593608809,1.5274831202844372,1.3859985588385682,1.2433519217276414,1.1896765015841941,1.1444370829507056,-0.5801159360880901,-0.052632815803652866,-0.14148456144586907,-0.1233750965265874,-0.07629512946019146,0.9666905293032727,0.8771499093277931,-0.19411737724952194,-0.19411737724952194,-0.19411737724952194,0.48684483279381163,0.7999526674350094,0.286797500228821,0.286797500228821,0.1433987501144105,0.31310783464119774,0.8607616756152519,0.026310334412376735,0.5999053348700187,0.18580513254827996,0.24049990534390264,0.8025787121360666,0.04534475310019258,-0.011625893740283473,0.20447978143748108,-0.1342944844031414,-0.33877426584062253,0.20574252205215737,0.03759882357911459,-0.16814369847304278,0.09509023584623572,0.311612677767494,0.21652244192125833,-0.007149654872504824,0.3787599199690647,0.38590957484156957,0.1368837290829277,0.13495154752601687,0.20843220681833957,0.5313496667852893,0.4686503332147107,0.717484161755475,0.7322951961253978,0.7134465073515736,0.7248896789404364,-0.717484161755475,-0.7322951961253978,-0.7248896789404364,0.0040376544039014695,0.018848688773824285,-6.8266176879405975,8.678881168365479,1.852263480424881,593.51171875,-761.970703125,-168.458984375,,,,,,,,,,,,,,,,,,,,,,,,,,,,,,,,,,,,HC,Placebo,0,Male,1,19,0.0
N236,phase3_reinstatement,phase3_reinst_schaefer_tian,24,41570,1.6136804791414225,1.6031467942665696,1.2596330846371635,1.3178329837434046,1.1928955120410505,1.1149154610159882,-0.6136804791414225,-0.010533684874852955,-0.3435137096294061,-0.182290539689556,-0.16392749721488542,0.9934722549192762,0.7805963405477908,-0.35404739450425904,-0.35404739450425904,-0.35404739450425904,0.4973666031310593,0.7789629388769282,0.27632954200798754,0.27632954200798754,0.13816477100399377,0.28159633574586895,0.8810183102598927,0.0052667937378814145,0.5579258777538565,0.17329298483710748,0.2248700223991847,0.7993611866632078,0.014601073615583255,0.01223341255297534,0.11560526944872429,0.04273718552270761,-0.07286808392601674,0.10549084710437473,0.02575626334477621,-0.07973458375959852,0.06095408078182124,0.3648031163781097,0.3038490355962884,0.0031514460574590952,0.3434345236167559,0.34028307755929676,0.2115447961831235,0.1237341978012846,0.2642084274464944,0.5175675293522906,0.48243247064770944,0.6398883995372527,0.7370098587077316,0.6935724896446905,0.6884491291224921,-0.6398883995372527,-0.7370098587077316,-0.6884491291224921,-0.0536840901074378,0.043437369063041076,-5.829216301441193,3.8872838020324707,-1.941932499408722,1316.51953125,-1204.8515625,111.66796875,,,,,,,,,,,,,,,,,,,,,,,,,,,,,,,,,,,,HC,Placebo,0,Female,0,20,1.0
N237,phase3_reinstatement,phase3_reinst_schaefer_tian,24,41570,1.4853402676462009,1.4905014428772354,1.523862316461683,1.224694496348916,1.2308637566753102,1.2307997788057978,-0.48534026764620086,0.005161175231034543,0.033360873584447504,0.021841612023258294,0.0061372713916381105,1.0034747359300142,1.0259348240906303,0.038522048815482046,0.038522048815482046,0.038522048815482046,0.5012902909435581,0.8211065223679009,0.3223968133114591,0.3223968133114591,0.16119840665572954,0.3223968133114591,0.8388227951727039,0.0025805818871162955,0.6422130447358019,0.19483158998976172,0.23243849419759996,0.7685338300227992,0.0223454117965345,0.03937241662961835,0.054450360191855285,0.24647616412076023,0.19202580392890495,0.15675133703632604,0.15824774998550828,0.0014964129491822353,0.02948900947769323,0.510637432658138,0.48114842318044476,0.0022638293817655863,0.3873993505977579,0.38513552121599226,0.11007580747989197,0.3182450994569392,0.3142883711924827,0.5268620022027644,0.47313799779723564,0.6722384605712586,0.7670107537461115,0.7355735004087158,0.719624607158685,-0.6722384605712586,-0.7670107537461115,-0.719624607158685,-0.06333503983745725,0.031437253337395665,-15.113869667053223,7.580294609069824,-7.533575057983398,-1122.82421875,3825.69140625,2702.8671875,,,,,,,,,,,,,,,,,,,,,,,,,,,,,,,,,,,,HC,Placebo,0,Female,0,22,0.0
N238,phase3_reinstatement,phase3_reinst_schaefer_tian,24,41570,1.5378534396843577,1.4740436567766033,1.4873303956368735,1.1401602245149092,1.1602284575398472,1.1735241184593819,-0.5378534396843577,-0.06380978290775441,0.013286738860270209,-0.057166413477619304,0.026716063484705455,0.958507234274598,0.9671470294793995,-0.0505230440474842,-0.0505230440474842,-0.0505230440474842,0.48405296485239724,0.8156772414265718,0.29973020627896907,0.29973020627896907,0.14986510313948453,0.3316242765741746,0.8443544837433856,0.03189407029520552,0.6313544828531437,0.20971191170859355,0.2661682072110731,0.7927142800183379,-0.006131114574743849,-0.023698236572528654,-0.11591184856333869,-0.07293589211734908,0.042975956445989616,0.13983183506814356,-0.11839512517514261,-0.2582269602432862,-0.07795463223792315,0.40295458531476636,0.4809092175526895,-0.019998707956253803,0.4394225313734409,0.4594212393296947,0.18469586340997537,0.15082332692514605,0.25459398156239854,0.568165679575464,0.43183432042453596,0.7035100108968618,0.7067438864049518,0.7555175701878272,0.7051269486509069,-0.7035100108968618,-0.7067438864049518,-0.7051269486509069,-0.052007559290965344,-0.04877368378287539,11.911520004272461,-8.751110076904297,3.160409927368164,-1188.92578125,1213.283203125,24.357421875,,,,,,,,,,,,,,,,,,,,,,,,,,,,,,,,,,,,HC,Oxytocin,1,Female,0,45,1.0
N240,phase3_reinstatement,phase3_reinst_schaefer_tian,24,41570,1.6145580352018185,1.506011741424294,1.3694491600567549,1.257501410555364,1.260641889938233,1.1221596517195296,-0.6145580352018185,-0.10854629377752456,-0.13656258136753907,-0.1768275844612941,-0.0661006397264825,0.9327702685573275,0.8481882482494303,-0.24510887514506363,-0.24510887514506363,-0.24510887514506363,0.4728900394659442,0.7972911425105073,0.27018118197645147,0.27018118197645147,0.13509059098822573,0.32440110304456304,0.8625955905496465,0.054219921068111576,0.5945822850210145,0.16211103280035855,0.25028926660542594,0.6007679835464833,0.04108639489360678,-0.01399563360266755,0.14728479766077118,-0.08701133601967148,-0.23429613368044272,0.41883988650396486,-0.19791966414789908,-0.6167595506518639,0.016178704025370694,0.33818009239589625,0.32200138837052555,-0.0574636948050149,0.381685760405732,0.43914945521074694,0.17110610743103555,0.2694438335255349,0.42724498592436305,0.6165763642859323,0.3834236357140677,0.6938059984123803,0.7278527359871596,0.6948272083871639,0.71082936719977,-0.6938059984123803,-0.7278527359871596,-0.71082936719977,-0.00102120997478361,0.03302552759999566,-13.25007438659668,-0.9056529998779297,-14.15572738647461,2737.572265625,-980.8671875,1756.705078125,,,,,,,,,,,,,,,,,,,,,,,,,,,,,,,,,,,,HC,Placebo,0,Male,1,19,0.0
N241,phase3_reinstatement,phase3_reinst_schaefer_tian,24,41570,1.3767548689572373,1.594358337913396,1.5210138176289445,1.072122088739484,1.0849503388977708,1.1526948279809455,-0.3767548689572373,0.21760346895615879,-0.0733445202844516,0.180931208813933,0.04670049469987414,1.158055338885723,1.1047818612278824,0.1442589486717072,0.1442589486717072,0.1442589486717072,0.5541872163348133,0.820687721879862,0.3748749382146753,0.3748749382146753,0.18743746910733766,0.3748749382146753,0.8350406754095855,0.10837443266962654,0.6413754437597241,0.25438598881356755,0.28013038628214515,1.079407863492138,-0.029850560152259027,0.022410043466235832,-0.14642351138106185,0.05243366537302924,0.1988571767540911,-0.0573199714279069,0.26953729480828525,0.32685726623619216,-0.01256246704539582,0.4743395216685145,0.4869019887139103,0.06064928864513511,0.4481226889819999,0.3874734003368648,0.11187029631244959,0.18828706441093032,0.19012360128340156,0.36622292817548957,0.6337770718245104,0.7268427161914236,0.7052876477077266,0.7187013661183059,0.7160651819495751,-0.7268427161914236,-0.7052876477077266,-0.7160651819495751,0.00814135007311767,-0.013413718410579367,-4.829566955566406,0.7679872512817383,-4.061579704284668,311.462890625,447.259765625,758.72265625,,,,,,,,,,,,,,,,,,,,,,,,,,,,,,,,,,,,HC,Oxytocin,1,Female,0,28,1.0
N242,phase3_reinstatement,phase3_reinst_schaefer_tian,24,41570,1.578032626257254,1.6363005358779024,1.2617041368312822,1.2780794287114858,1.2843897771457224,1.0655819312163644,-0.5780326262572539,0.05826790962064843,-0.3745963990466201,-0.12903028990266163,-0.10309357453044243,1.0369243945162294,0.7995424859043263,-0.3163284894259717,-0.3163284894259717,-0.3163284894259717,0.5145628573820478,0.7793193259494717,0.29388218333151944,0.29388218333151944,0.14694109166575975,0.2938821833315195,0.8803982183474224,0.029125714764095534,0.5586386518989435,0.20683097671849973,0.23092100401215004,0.9460203530841241,-0.021290657195981128,-0.0019388617772431885,-0.06489717696137082,0.021449236326657795,0.0863464132880285,-0.25768877820909064,0.05557362734785165,0.3132624055569423,-0.01448600351362539,0.40642398663326834,0.4209099901468937,0.01796258496706002,0.3956993684699394,0.3777367835028794,0.14832692767720657,0.15571517349190123,0.252913139337798,0.42567189801569283,0.5743281019843072,0.6759263382318736,0.6922064088008144,0.7080981777246765,0.684066373516344,-0.6759263382318736,-0.6922064088008144,-0.684066373516344,-0.03217183949280289,-0.015891768923862126,-4.571557998657227,6.381682872772217,1.8101248741149902,-4283.8125,2353.1015625,-1930.7109375,,,,,,,,,,,,,,,,,,,,,,,,,,,,,,,,,,,,HC,Placebo,0,Female,0,19,0.0
N243,phase3_reinstatement,phase3_reinst_schaefer_tian,24,41570,1.4154836120860685,1.4251825851700008,1.6466300785873065,1.0873699213992674,1.1692842055032293,1.3102897860855744,-0.41548361208606854,0.009698973083932305,0.22144749341730563,0.12042271979258512,0.15241707439513452,1.0068520489623458,1.1632985736426862,0.23114646650123793,0.23114646650123793,0.23114646650123793,0.5024247242631793,0.8384350756119598,0.34085979987513915,0.34085979987513915,0.17042989993756957,0.34085979987513915,0.8190116383972219,0.004849448526358602,0.6768701512239197,0.2855387249722393,0.34366535141202503,0.8647587375566986,0.042029058246631,-0.050787742994125876,0.19632094262885025,-0.26148275642204427,-0.45780369905089446,0.1811977116322474,-0.39513390415695016,-0.5763316157891976,0.10797628511821988,0.4305202579296617,0.32254397281144187,0.00981581380379476,0.5612616361406839,0.5514458223368891,0.16992003541234443,0.2518052494170282,0.36537326185727526,0.5143221357070403,0.48567786429295967,0.7441933460504611,0.6636926287795062,0.6725602528463372,0.7039429874149836,-0.7441933460504611,-0.6636926287795062,-0.7039429874149836,0.07163309320412381,-0.008867624066831059,11.055278778076172,3.8899412155151367,14.945219993591309,-1029.494140625,-1048.89453125,-2078.388671875,,,,,,,,,,,,,,,,,,,,,,,,,,,,,,,,,,,,HC,Oxytocin,1,Female,0,18,0.0
N244,phase3_reinstatement,phase3_reinst_schaefer_tian,24,41570,1.4770959892696998,1.3394886562212183,1.6646876739697407,1.2014927674985354,1.101597506164015,1.3075953962213327,-0.47709598926969976,-0.1376073330484815,0.32519901774852245,0.02499217582577984,0.0031036836941384927,0.9068392690004463,1.1270003268526823,0.18759168470004095,0.18759168470004095,0.18759168470004095,0.4656523495974967,0.8408662643294608,0.30651861392695745,0.30651861392695745,0.15325930696347873,0.3752139147319641,0.8144131942785902,0.06869530080500663,0.6817325286589215,0.2801070097709991,0.38084360957213964,0.7353786703444521,0.07749926547472581,-0.03798124976493492,0.22456635281235549,-0.1704452968434782,-0.39501164965583374,0.7036983278643816,-0.18680529347212693,-0.8905036213365085,0.0783639354335291,0.5089106120929078,0.4305466766593787,-0.033919240972648645,0.5941332605146469,0.6280525014872955,0.18178109335919362,0.2025743994798133,0.23410802877847423,0.5604269006278657,0.4395730993721343,0.724585596121714,0.6413794857047781,0.6559093305716341,0.6829825409132461,-0.724585596121714,-0.6413794857047781,-0.6829825409132461,0.06867626555007988,-0.014529844866856045,-3.323166847229004,-1.4084405899047852,-4.731607437133789,-478.578125,1531.69921875,1053.12109375,,,,,,,,,,,,,,,,,,,,,,,,,,,,,,,,,,,,HC,Placebo,0,Female,0,25,0.0
N246,phase3_reinstatement,phase3_reinst_schaefer_tian,24,41570,1.495827793199513,1.4886126294256243,1.5154302040953116,1.1043376146679609,1.1610438959842546,1.1980685004668925,-0.495827793199513,-0.007215163773888644,0.02681757466968726,0.006193623560954986,0.07521858355761268,0.9951764676666287,1.013104717571013,0.019602410895798617,0.019602410895798617,0.019602410895798617,0.49819621688172133,0.8198645689499838,0.31806078583170516,0.31806078583170516,0.15903039291585258,0.3216683520682625,0.8401819203535399,0.0036075662365573358,0.6397291378999677,0.20336205874407076,0.28413432602247524,0.7644947881962052,0.02073662418312417,0.006584470840305524,0.07618587656281245,0.0821840802848538,0.005998203722041406,0.25443364592356765,-0.06046289458712262,-0.31489654051069027,0.019190097751991292,0.46671899815998336,0.4475289004079921,-0.018902840529414933,0.42562695801755646,0.4445297985469714,0.16669135172707644,0.1326563585924432,0.24002257401653906,0.5099830558754455,0.49001694412455454,0.7358530993022631,0.7167297099641265,0.7279614421470565,0.7262914046331947,-0.7358530993022631,-0.7167297099641265,-0.7262914046331947,0.007891657155206566,-0.011231732182929943,-8.331221580505371,8.880297660827637,0.5490760803222656,942.369140625,-488.91796875,453.451171875,,,,,,,,,,,,,,,,,,,,,,,,,,,,,,,,,,,,HC,Oxytocin,1,Female,0,18,1.0
N247,phase3_reinstatement,phase3_reinst_schaefer_tian,24,41570,1.5639675554253616,1.581666282854257,1.3436850529803004,1.3264026123894817,1.1604508711504367,1.0091712763710794,-0.5639675554253616,0.017698727428895333,-0.23798122987395653,-0.10129188750808282,-0.2415915386287235,1.0113165501767178,0.8591514828601003,-0.2202825024450612,-0.2202825024450612,-0.2202825024450612,0.5044245663600702,0.7930952938961292,0.2975198602561994,0.2975198602561994,0.14875993012809968,0.29751986025619936,0.8677339509659939,0.008849132720140318,0.5861905877922584,0.20070452308627595,0.2879560527968903,0.7745720010183901,-0.030282309401606616,0.013731818244415425,-0.18910104851395815,0.013305409056180495,0.2024064575701387,-0.09881589958475923,0.17113559221385732,0.26995149179861655,-0.09756097387391527,0.4110722003175784,0.5086331741914937,-0.003010449616936195,0.4044194957894881,0.4074299454064243,0.20358233243023094,0.0922669882200964,0.14999096333608167,0.4567569211389151,0.5432430788610849,0.690144626149799,0.7019502472876986,0.6995626711427811,0.6960474367187488,-0.690144626149799,-0.7019502472876986,-0.6960474367187488,-0.009418044992982155,0.0023875761449174693,-5.787614345550537,9.471217155456543,3.683602809906006,881.47265625,-243.6796875,637.79296875,,,,,,,,,,,,,,,,,,,,,,,,,,,,,,,,,,,,HC,Placebo,0,Female,0,21,0.0
N248,phase3_reinstatement,phase3_reinst_schaefer_tian,24,41570,1.5660548433565942,1.46966368401052,1.4619337377969372,1.2299381325366647,1.2238602617881975,1.2002646360538458,-0.5660548433565942,-0.09639115934607423,-0.007729946213582695,-0.10025613245286547,-0.017875683615643068,0.9384496851183247,0.9335137493195149,-0.10412110555965692,-0.10412110555965692,-0.10412110555965692,0.47592085107099336,0.8118282567827246,0.287749107853718,0.287749107853718,0.143874553926859,0.3359074057117313,0.847978785444212,0.04815829785801329,0.6236565135654493,0.19454885877091038,0.25120109360086107,0.7648785216874538,0.018824182970964852,0.021459721409287917,0.05824152535322841,0.15712586294991393,0.09888433759668558,0.1564787235169809,0.08251622476279197,-0.07396249875418892,-0.0060801185083428355,0.5028615302017347,0.5089416487100776,-0.03520088118495704,0.4242985987267778,0.45949947991173484,0.10678737483286069,0.12615273404628602,0.1535291934303372,0.5958183903323677,0.4041816096676323,0.6808059393802066,0.7101086316859558,0.7388791285289995,0.6954572855330812,-0.6808059393802066,-0.7101086316859558,-0.6954572855330812,-0.05807318914879289,-0.02877049684304367,-10.957595825195312,0.7899360656738281,-10.167659759521484,34.66015625,-238.962890625,-204.302734375,,,,,,,,,,,,,,,,,,,,,,,,,,,,,,,,,,,,HC,Oxytocin,1,Female,0,26,0.0
N249,phase3_reinstatement,phase3_reinst_schaefer_tian,24,41570,1.5530978643789446,1.3756005373432558,1.564373038990024,1.306438146291658,1.2234518777301728,1.335436797858924,-0.5530978643789446,-0.17749732703568877,0.18877250164676806,-0.08311107621230462,-0.026993808497109528,0.8857140042724824,1.007259790124681,0.011275174611079297,0.011275174611079297,0.011275174611079297,0.45574180458735614,0.8269799603382126,0.2827217649255688,0.2827217649255688,0.1413608824627844,0.3712381557508565,0.8294538349469948,0.08851639082528773,0.6539599206764253,0.19620053700199264,0.2793687425183195,0.6521365814596668,0.02143381997372763,0.001992634166525842,0.044558801288174105,-0.002821984822289292,-0.04738078611046326,0.09757842205843847,0.11036353625573192,0.012785114197293446,-0.03528364921306637,0.44855313144999404,0.48383678066306046,-0.05756304985715342,0.4499641238611387,0.507527173718292,0.17619961301962472,0.30236625261304484,0.3699839970018536,0.627405740151161,0.372594259848839,0.6925994716280366,0.7077034097099192,0.6617431349395703,0.7001514406689779,-0.6925994716280366,-0.7077034097099192,-0.7001514406689779,0.030856336688466324,0.04596027477034892,-10.693020343780518,2.436462879180908,-8.25655746459961,-2033.8671875,-626.845703125,-2660.712890625,,,,,,,,,,,,,,,,,,,,,,,,,,,,,,,,,,,,HC,Placebo,0,Female,0,20,0.0
N250,phase3_reinstatement,phase3_reinst_schaefer_tian,24,41570,1.5034583125555878,1.5053781442170926,1.4911238728242564,1.1869712609398722,1.2472864101401429,1.2672288641204794,-0.5034583125555878,0.0019198316615047784,-0.014254271392836193,-0.005207304034913207,0.07028637619043909,1.0012769370674948,0.9917959483503572,-0.012334439731331415,-0.012334439731331415,-0.012334439731331415,0.5004799577679591,0.8162468998193864,0.3167268575873454,0.3167268575873454,0.1583634287936727,0.3167268575873454,0.8441091470331431,0.0009599155359181211,0.6324937996387727,0.2211465639114421,0.3174626357559187,0.7312257566214202,-0.018893640819152444,0.0075146076417305875,-0.03566169814695641,0.0553681643462165,0.0910298624931728,0.16147661216400744,0.10553533653312563,-0.055941275630881804,-0.02681984440447066,0.47896620532698486,0.5057860497314555,-0.008988995330992455,0.4512821231538766,0.46027111848486907,0.32530029040855063,0.24206016610711537,0.3397451039667355,0.5063843904434443,0.4936156095565557,0.711740587730432,0.6947085605418082,0.6860943320793185,0.70322457413612,-0.711740587730432,-0.6947085605418082,-0.70322457413612,0.02564625565111356,0.008614228462489715,-9.046010971069336,8.980379104614258,-0.06563186645507812,-2568.8828125,2886.4609375,317.578125,,,,,,,,,,,,,,,,,,,,,,,,,,,,,,,,,,,,HC,Oxytocin,1,Female,0,19,1.0
N251,phase3_reinstatement,phase3_reinst_schaefer_tian,24,41570,1.4256658958266635,1.5353675606835155,1.5363916407504505,0.9984397225393775,1.2021901230454612,1.1342660055880076,-0.4256658958266635,0.10970166485685207,0.0010240800669349959,0.11021370489031956,0.1697883417773569,1.076947659622429,1.0776659766297656,0.11072574492378706,0.11072574492378706,0.11072574492378706,0.527397945111652,0.8229395635877298,0.35033750869938174,0.35033750869938174,0.17516875434969087,0.35033750869938174,0.8357184850156498,0.05479589022330389,0.6458791271754596,0.23719394960578105,0.2897319192508121,0.8084036970675659,-0.009961591468804112,-0.0004045575167507333,-0.07469394818787067,0.013402069747094403,0.08809601793496502,-0.1767951753399173,-0.013315029397842681,0.1634801459420746,-0.005238681969030878,0.4489806419602048,0.4542193239292357,0.03210829212490446,0.4422796070866576,0.4101713149617532,0.30343422933719766,0.19746976505412367,0.36994158334500954,0.4320132954520322,0.5679867045479678,0.7122969386409509,0.7102781578645783,0.7327799047866552,0.7112875482527645,-0.7122969386409509,-0.7102781578645783,-0.7112875482527645,-0.02048296614570433,-0.02250174692207696,3.328898310661316,4.602715611457825,7.931613922119141,-1382.29296875,480.841796875,-901.451171875,,,,,,,,,,,,,,,,,,,,,,,,,,,,,,,,,,,,HC,Oxytocin,1,Female,0,19,1.0
N252,phase3_reinstatement,phase3_reinst_schaefer_tian,24,41570,1.4846678749339648,1.4370159202990533,1.5749430732206555,1.163247989172798,1.14812008888275,1.2296474930073071,-0.4846678749339648,-0.04765195463491145,0.13792715292160218,0.02131162182588975,0.025635801772230682,0.9679039567579582,1.0608049714032213,0.09027519828669073,0.09027519828669073,0.09027519828669073,0.48808926507351236,0.8284871410969451,0.31657640617045746,0.31657640617045746,0.15828820308522873,0.34039787602343274,0.8303722548606731,0.023821469852975286,0.6569742821938902,0.21032702937340855,0.2734075238142062,0.7703670214140015,-0.033625309158610936,0.044294701047431675,-0.12208728750569384,0.23630888054073573,0.3583961680464296,-0.18061166413502316,0.19613634122476675,0.3767480053597899,-0.07791464969684067,0.5556795049611787,0.6335941546580194,-0.016871005943993753,0.4375250646908108,0.45439607063480464,0.16046733063197227,0.18018631320348716,0.21558744720371603,0.5201508993605276,0.4798491006394724,0.7145496124428059,0.7220601243791205,0.7388002945522905,0.7183048684109632,-0.7145496124428059,-0.7220601243791205,-0.7183048684109632,-0.024250682109484556,-0.016740170173169977,-1.4138336181640625,-4.267688751220703,-5.681522369384766,779.2578125,1780.68359375,2559.94140625,,,,,,,,,,,,,,,,,,,,,,,,,,,,,,,,,,,,HC,Placebo,0,Female,0,30,0.0
N253,phase3_reinstatement,phase3_reinst_schaefer_tian,24,41570,1.6028231337075005,1.6783764107217314,1.1772692511404652,1.197409225016494,1.3223295170472342,1.0007471139179969,-0.6028231337075005,0.07555327701423087,-0.5011071595812662,-0.17500030277640222,-0.0358709095338785,1.0471376192132267,0.7344972873409578,-0.4255538825670353,-0.4255538825670353,-0.4255538825670353,0.5188793393671144,0.7644564526614364,0.28333579202855075,0.28333579202855075,0.14166789601427537,0.28333579202855075,0.8932608972317798,0.03775867873422878,0.5289129053228727,0.19701446622785626,0.24814120063416442,0.800107620471942,0.04657508668293546,-0.03560643379900266,0.20203923699510729,-0.15688072418227006,-0.35891996117737746,0.3398615878357828,-0.23138690141336882,-0.5712484892491516,0.11665902316978921,0.299949165692342,0.18329014252255274,0.01563940467223557,0.378389527783477,0.3627501231112414,0.1550879465218573,0.27290708121471924,0.3293903512860882,0.3945947962629076,0.6054052037370924,0.7623050848371916,0.6836802569673015,0.700370926904081,0.7229926709022465,-0.7623050848371916,-0.6836802569673015,-0.7229926709022465,0.061934157933110634,-0.01669066993677948,18.59898829460144,-15.653656959533691,2.945331335067749,2709.5546875,-3144.51953125,-434.96484375,,,,,,,,,,,,,,,,,,,,,,,,,,,,,,,,,,,,HC,Oxytocin,1,Male,1,26,0.0
N254,phase3_reinstatement,phase3_reinst_schaefer_tian,24,41570,1.4561318083115795,1.613928280051247,1.422430510363521,1.1737142135266363,1.3454898104298953,1.1134465400499982,-0.4561318083115795,0.1577964717396676,-0.19149776968772603,0.062047586895804585,0.055753961713310485,1.1083668798080633,0.976855592657033,-0.03370129794805843,-0.03370129794805843,-0.03370129794805843,0.5393674652213329,0.8057191610056508,0.3450866262269838,0.3450866262269838,0.17254331311349186,0.3450866262269837,0.8529324177155904,0.07873493044266588,0.6114383220113015,0.22002954153719817,0.2697064013399517,0.89535811999299,-0.0004455935225776803,-0.02063042216225711,-0.01944178410786568,-0.16044154359018215,-0.1409997594823164,0.26746686380509943,-0.1391399392423478,-0.40660680304744723,0.036462141500542,0.3136552777248304,0.27719313622428843,0.04618303355447484,0.39387604951992145,0.34769301596544666,0.2495544995663964,0.24404338508920986,0.34355979059436254,0.342926438266203,0.657073561733797,0.7246004144161655,0.723251643729319,0.7319212920613062,0.7239260290727423,-0.7246004144161655,-0.723251643729319,-0.7239260290727423,-0.0073208776451406665,-0.008669648331987134,4.390915632247925,-12.23479676246643,-7.843881130218506,-1907.2734375,2830.7109375,923.4375,,,,,,,,,,,,,,,,,,,,,,,,,,,,,,,,,,,,HC,Oxytocin,1,Female,0,37,1.0
N255,phase3_reinstatement,phase3_reinst_schaefer_tian,24,41570,1.416325963782739,1.570879268595612,1.5088249342812894,0.915640144168538,1.0968537018796685,1.2520847058588842,-0.416325963782739,0.1545533048128731,-0.06205433431432272,0.12352613765571174,0.25882905970073833,1.1091226862133232,1.0653090900052502,0.09249897049855038,0.09249897049855038,0.09249897049855038,0.5385615975580266,0.8188869968770754,0.357448594435102,0.357448594435102,0.178724297217551,0.357448594435102,0.8391055038214059,0.07712319511605314,0.6377739937541509,0.24728006675139927,0.2889786309234228,0.9642832977132967,-0.04146518717221848,0.023199058052686735,-0.25117355668651975,0.12263581752244168,0.3738093742089615,-0.20057106159918137,0.02691554903064164,0.227486610629823,-0.08339712834404706,0.5136883922648066,0.5970855206088537,0.04218964999921282,0.4523704835035857,0.41018083350437295,0.14547370936714826,0.1965733810203975,0.2829790011740643,0.388562274955576,0.6114377250444241,0.7160717976295483,0.700058032672931,0.7477672071920232,0.7080649151512397,-0.7160717976295483,-0.700058032672931,-0.7080649151512397,-0.03169540956247485,-0.04770917451909218,3.3993325233459473,-5.400002479553223,-2.0006699562072754,91.275390625,314.16015625,405.435546875,,,,,,,,,,,,,,,,,,,,,,,,,,,,,,,,,,,,HC,Oxytocin,1,Female,0,29,1.0
N257,phase3_reinstatement,phase3_reinst_schaefer_tian,24,41570,1.4334610016421738,1.50497496186049,1.558945513793184,1.176360074342973,1.277124850643723,1.2456782512135396,-0.4334610016421738,0.07151396021831613,0.053970551932694066,0.09849923618466327,0.08504147658565842,1.049889009632979,1.0875395292455532,0.1254845121510102,0.1254845121510102,0.1254845121510102,0.5178708743656317,0.8262019890004443,0.34407286336607595,0.34407286336607595,0.172036431683038,0.344072863366076,0.832699004438252,0.035741748731263456,0.6524039780008886,0.2784262557659175,0.35615622754731835,0.808672145835234,-0.03542396776018662,-0.009822855456299389,-0.20211798397651418,-0.08158588899174773,0.12053209498476647,-0.2007168354325075,0.024533504098506298,0.2252503395310138,-0.07865175616397282,0.4936523312116769,0.5723040873756498,0.022407235824284263,0.5344452757075507,0.5120380398832665,0.22989571856544458,0.27096566554592244,0.41553535013809023,0.45668709932278456,0.5433129006772155,0.6844638392298406,0.6582145004346085,0.6753727286017995,0.6713391698322245,-0.6844638392298406,-0.6582145004346085,-0.6713391698322245,0.009091110628041021,-0.017158228167191036,-21.60062599182129,21.890056610107422,0.2894306182861328,-3164.99609375,335.9140625,-2829.08203125,,,,,,,,,,,,,,,,,,,,,,,,,,,,,,,,,,,,HC,Placebo,0,Female,0,18,0.0
N258,phase3_reinstatement,phase3_reinst_schaefer_tian,24,41570,1.560857869535607,1.3330625101773907,1.5938415231256184,1.4665638715303848,1.1741278911975743,1.2822646193623521,-0.560857869535607,-0.22779535935821627,0.2607790129482277,-0.09740585288410242,-0.23836761625042158,0.8540575843932755,1.0211317404502098,0.03298365359001143,0.03298365359001143,0.03298365359001143,0.44329614869478284,0.8311558922163688,0.2744520409111516,0.2744520409111516,0.1372260204555758,0.3878597435215859,0.8228781411214973,0.11340770261043431,0.6623117844327375,0.17717321390683455,0.2649199507434255,0.5660952910263922,-0.00910016384267346,0.007538725784328157,-0.08369474003658567,-0.046796461768955855,0.036898278267629814,-0.0672119329409564,0.4374795305671678,0.5046914635081242,-0.10548744388263831,0.39458827079353664,0.500075714676175,-0.06364007386434548,0.41798650167801454,0.48162657554236005,0.21126051334329793,0.3439330319494669,0.5181552720851276,0.7081663984083207,0.29183360159167926,0.6669855575992185,0.7415629838483484,0.7165204115783659,0.7042742707237835,-0.6669855575992185,-0.7415629838483484,-0.7042742707237835,-0.049534853979147364,0.02504257226998252,-49.65325927734375,26.07638168334961,-23.57687759399414,3846.19140625,-3611.3984375,234.79296875,,,,,,,,,,,,,,,,,,,,,,,,,,,,,,,,,,,,HC,Placebo,0,Female,0,19,1.0
N259,phase3_reinstatement,phase3_reinst_schaefer_tian,24,41570,1.2940819797596999,1.5688166853660457,1.6188163867226093,1.0705765471909843,1.302571515119165,1.2518395999987726,-0.29408197975969985,0.27473470560634583,0.04999970135656362,0.29973455628462764,0.20662901036798442,1.212300841662561,1.2509380391138973,0.32473440696290945,0.32473440696290945,0.32473440696290945,0.5682548969939852,0.8346318303821625,0.4028867273761477,0.4028867273761477,0.20144336368807386,0.4028867273761477,0.8167571549173066,0.13650979398797047,0.669263660764325,0.34828854001461634,0.41033987421552076,1.0709672703397652,-0.011948119645412404,-0.024426404591329647,0.07924018522650972,-0.1202947742446262,-0.19953495947113598,-0.42861355785982536,-0.16811440777106512,0.26049915008876023,0.115749740759933,0.5603000447602414,0.4445503040003085,0.07612964814667814,0.6204474318825546,0.5443177837358765,0.3237105575233749,0.09159861626374849,0.3191974606646107,0.3614696709719733,0.6385303290280266,0.7140642847633354,0.6184329962193094,0.7251079959738067,0.6662486404913224,-0.7140642847633354,-0.6184329962193094,-0.6662486404913224,-0.011043711210471319,-0.10667499975449735,-3.9346542358398438,4.875659942626953,0.9410057067871094,-4.30859375,-898.796875,-903.10546875,,,,,,,,,,,,,,,,,,,,,,,,,,,,,,,,,,,,HC,Oxytocin,1,Female,0,23,1.0
N260,phase3_reinstatement,phase3_reinst_schaefer_tian,24,41570,1.5661770351383026,1.3696256404390137,1.5566349761411837,1.381504831390017,1.033428771564521,1.224553010038878,-0.5661770351383026,-0.19655139469928895,0.18700933570217004,-0.10304672684820382,-0.25251394058831744,0.8745024355264176,0.9939074135796211,-0.009542058997118907,-0.009542058997118907,-0.009542058997118907,0.45101973552671515,0.825869963571187,0.2768896990979022,0.2768896990979022,0.1384448495489511,0.3748502280444719,0.8300662749769584,0.0979605289465697,0.651739927142374,0.2284426469959072,0.33992708348111444,0.6675638419920955,-0.0390638191924391,-0.014759858174424875,-0.1805138092489154,-0.03816591810471204,0.1423478911442032,-0.48848036449584087,-0.28020579133764767,0.2082745731581932,-0.16170331849152975,0.5092487488065305,0.6709520672980601,-0.07144641386707204,0.5283317078588865,0.5997781217259586,0.2578836613631288,0.1526807983818217,0.2069218599033951,0.6119453894373194,0.38805461056268065,0.7020012422912274,0.6619413586662306,0.6421527211080527,0.681971300478729,-0.7020012422912274,-0.6619413586662306,-0.681971300478729,0.05984852118317474,0.019788637558177946,1.403825283050537,-3.322983503341675,-1.9191582202911377,-967.75,532.16015625,-435.58984375,,,,,,,,,,,,,,,,,,,,,,,,,,,,,,,,,,,,HC,Placebo,0,Female,0,32,0.0
